system,T,seed,task,variant,has_tag,ctx_tokens,success,hit1,rr,latency_ms,cost_usd
SYNAPSE,300,1,task_000::clean,clean,1,994,1.0,1.0,1.0,3.197200014255941,0.007455000000000001
MCP,300,1,task_000::clean,clean,1,21070,1.0,1.0,1.0,2.06830000388436,0.15802500000000003
SYNAPSE,300,1,task_000::perturbed_0,perturbed_0,0,996,1.0,1.0,1.0,1.436000005924143,0.007470000000000001
MCP,300,1,task_000::perturbed_0,perturbed_0,0,21070,1.0,0.0,0.5,2.124899998307228,0.15802500000000003
SYNAPSE,300,1,task_000::perturbed_1,perturbed_1,0,992,1.0,1.0,1.0,1.5307000139728189,0.00744
MCP,300,1,task_000::perturbed_1,perturbed_1,0,21070,1.0,0.0,0.3333333333333333,2.1821999980602413,0.15802500000000003
SYNAPSE,300,1,task_001::clean,clean,1,978,1.0,1.0,1.0,1.3220000109868124,0.007335
MCP,300,1,task_001::clean,clean,1,21070,1.0,1.0,1.0,2.0600999996531755,0.15802500000000003
SYNAPSE,300,1,task_001::perturbed_0,perturbed_0,1,978,1.0,1.0,1.0,1.432399993063882,0.007335
MCP,300,1,task_001::perturbed_0,perturbed_0,1,21070,1.0,1.0,1.0,1.8323999975109473,0.15802500000000003
SYNAPSE,300,1,task_001::perturbed_1,perturbed_1,0,983,1.0,0.0,0.5,1.2245999969309196,0.007372500000000001
MCP,300,1,task_001::perturbed_1,perturbed_1,0,21070,1.0,0.0,0.25,1.604399993084371,0.15802500000000003
SYNAPSE,300,1,task_002::clean,clean,1,974,1.0,1.0,1.0,1.189999995403923,0.007305000000000001
MCP,300,1,task_002::clean,clean,1,21070,1.0,1.0,1.0,1.6076000028988346,0.15802500000000003
SYNAPSE,300,1,task_002::perturbed_0,perturbed_0,0,679,0.0,0.0,0.0,2.613700009533204,0.005092500000000001
MCP,300,1,task_002::perturbed_0,perturbed_0,0,21070,1.0,0.0,0.25,2.1739999938290566,0.15802500000000003
SYNAPSE,300,1,task_002::perturbed_1,perturbed_1,1,975,1.0,1.0,1.0,1.3121999945724383,0.0073125
MCP,300,1,task_002::perturbed_1,perturbed_1,1,21070,1.0,0.0,0.5,1.833599992096424,0.15802500000000003
SYNAPSE,300,1,task_003::clean,clean,1,956,1.0,1.0,1.0,1.260999997612089,0.00717
MCP,300,1,task_003::clean,clean,1,21070,1.0,1.0,1.0,1.6948999982560053,0.15802500000000003
SYNAPSE,300,1,task_003::perturbed_0,perturbed_0,1,956,1.0,1.0,1.0,1.099800007068552,0.00717
MCP,300,1,task_003::perturbed_0,perturbed_0,1,21070,1.0,1.0,1.0,1.8864000012399629,0.15802500000000003
SYNAPSE,300,1,task_003::perturbed_1,perturbed_1,1,956,1.0,1.0,1.0,1.3175000058254227,0.00717
MCP,300,1,task_003::perturbed_1,perturbed_1,1,21070,1.0,0.0,0.3333333333333333,1.9364000036148354,0.15802500000000003
SYNAPSE,300,1,task_004::clean,clean,1,963,1.0,1.0,1.0,3.138200001558289,0.007222500000000001
MCP,300,1,task_004::clean,clean,1,21070,1.0,1.0,1.0,3.028000006452203,0.15802500000000003
SYNAPSE,300,1,task_004::perturbed_0,perturbed_0,0,961,1.0,1.0,1.0,1.9256999948993325,0.0072075
MCP,300,1,task_004::perturbed_0,perturbed_0,0,21070,1.0,1.0,1.0,2.0904999983031303,0.15802500000000003
SYNAPSE,300,1,task_004::perturbed_1,perturbed_1,1,962,1.0,1.0,1.0,2.3967000015545636,0.007215000000000001
MCP,300,1,task_004::perturbed_1,perturbed_1,1,21070,1.0,0.0,0.25,2.2234000061871484,0.15802500000000003
SYNAPSE,300,1,task_005::clean,clean,1,992,1.0,1.0,1.0,1.859399999375455,0.00744
MCP,300,1,task_005::clean,clean,1,21070,1.0,1.0,1.0,3.0221000051824376,0.15802500000000003
SYNAPSE,300,1,task_005::perturbed_0,perturbed_0,1,992,1.0,1.0,1.0,1.5289000002667308,0.00744
MCP,300,1,task_005::perturbed_0,perturbed_0,1,21070,1.0,1.0,1.0,2.062799991108477,0.15802500000000003
SYNAPSE,300,1,task_005::perturbed_1,perturbed_1,1,992,1.0,1.0,1.0,1.8189999973401427,0.00744
MCP,300,1,task_005::perturbed_1,perturbed_1,1,21070,1.0,1.0,1.0,1.8707999988691881,0.15802500000000003
SYNAPSE,300,1,task_006::clean,clean,1,988,1.0,1.0,1.0,1.1668000079225749,0.007410000000000001
MCP,300,1,task_006::clean,clean,1,21070,1.0,1.0,1.0,2.476199995726347,0.15802500000000003
SYNAPSE,300,1,task_006::perturbed_0,perturbed_0,0,982,1.0,1.0,1.0,1.7365000094287097,0.007365000000000001
MCP,300,1,task_006::perturbed_0,perturbed_0,0,21070,1.0,1.0,1.0,2.047699992544949,0.15802500000000003
SYNAPSE,300,1,task_006::perturbed_1,perturbed_1,0,982,1.0,1.0,1.0,1.4264999917941168,0.007365000000000001
MCP,300,1,task_006::perturbed_1,perturbed_1,0,21070,1.0,1.0,1.0,2.1172999986447394,0.15802500000000003
SYNAPSE,300,1,task_007::clean,clean,1,968,1.0,1.0,1.0,1.3232999917818233,0.007260000000000001
MCP,300,1,task_007::clean,clean,1,21070,1.0,0.0,0.3333333333333333,1.804300001822412,0.15802500000000003
SYNAPSE,300,1,task_007::perturbed_0,perturbed_0,1,968,1.0,1.0,1.0,1.2051999947289005,0.007260000000000001
MCP,300,1,task_007::perturbed_0,perturbed_0,1,21070,1.0,0.0,0.3333333333333333,1.6770999936852604,0.15802500000000003
SYNAPSE,300,1,task_007::perturbed_1,perturbed_1,1,679,0.0,0.0,0.0,1.4267999940784648,0.005092500000000001
MCP,300,1,task_007::perturbed_1,perturbed_1,1,21070,0.0,0.0,0.0,1.799699995899573,0.15802500000000003
SYNAPSE,300,1,task_008::clean,clean,1,975,1.0,1.0,1.0,1.3830999960191548,0.0073125
MCP,300,1,task_008::clean,clean,1,21070,1.0,1.0,1.0,1.741599990054965,0.15802500000000003
SYNAPSE,300,1,task_008::perturbed_0,perturbed_0,1,976,1.0,1.0,1.0,1.2255999899934977,0.007320000000000001
MCP,300,1,task_008::perturbed_0,perturbed_0,1,21070,1.0,0.0,0.3333333333333333,1.710800002911128,0.15802500000000003
SYNAPSE,300,1,task_008::perturbed_1,perturbed_1,1,976,1.0,1.0,1.0,1.3229000032879412,0.007320000000000001
MCP,300,1,task_008::perturbed_1,perturbed_1,1,21070,1.0,0.0,0.3333333333333333,1.7399000062141567,0.15802500000000003
SYNAPSE,300,1,task_009::clean,clean,1,969,1.0,1.0,1.0,1.265399987460114,0.0072675000000000005
MCP,300,1,task_009::clean,clean,1,21070,1.0,1.0,1.0,1.66529999114573,0.15802500000000003
SYNAPSE,300,1,task_009::perturbed_0,perturbed_0,1,969,1.0,1.0,1.0,1.217900004121475,0.0072675000000000005
MCP,300,1,task_009::perturbed_0,perturbed_0,1,21070,1.0,1.0,1.0,1.6555000038351864,0.15802500000000003
SYNAPSE,300,1,task_009::perturbed_1,perturbed_1,1,969,1.0,1.0,1.0,1.2110999959986657,0.0072675000000000005
MCP,300,1,task_009::perturbed_1,perturbed_1,1,21070,1.0,0.0,0.5,1.6253000067081302,0.15802500000000003
SYNAPSE,300,1,task_010::clean,clean,1,983,1.0,1.0,1.0,1.1539999977685511,0.007372500000000001
MCP,300,1,task_010::clean,clean,1,21070,1.0,1.0,1.0,1.6299999988405034,0.15802500000000003
SYNAPSE,300,1,task_010::perturbed_0,perturbed_0,0,981,1.0,1.0,1.0,1.2629999982891604,0.0073575
MCP,300,1,task_010::perturbed_0,perturbed_0,0,21070,1.0,1.0,1.0,1.712299999780953,0.15802500000000003
SYNAPSE,300,1,task_010::perturbed_1,perturbed_1,0,980,1.0,1.0,1.0,1.3029999972786754,0.007350000000000001
MCP,300,1,task_010::perturbed_1,perturbed_1,0,21070,1.0,1.0,1.0,1.7512000049464405,0.15802500000000003
SYNAPSE,300,1,task_011::clean,clean,1,982,1.0,1.0,1.0,1.1216999992029741,0.007365000000000001
MCP,300,1,task_011::clean,clean,1,21070,1.0,1.0,1.0,1.6039999900385737,0.15802500000000003
SYNAPSE,300,1,task_011::perturbed_0,perturbed_0,1,982,1.0,1.0,1.0,1.226599997607991,0.007365000000000001
MCP,300,1,task_011::perturbed_0,perturbed_0,1,21070,1.0,1.0,1.0,1.6087000112747774,0.15802500000000003
SYNAPSE,300,1,task_011::perturbed_1,perturbed_1,1,986,1.0,0.0,0.5,1.1314000003039837,0.0073950000000000005
MCP,300,1,task_011::perturbed_1,perturbed_1,1,21070,1.0,0.0,0.5,1.606199992238544,0.15802500000000003
SYNAPSE,300,1,task_012::clean,clean,1,985,1.0,1.0,1.0,1.084100003936328,0.007387500000000001
MCP,300,1,task_012::clean,clean,1,21070,1.0,0.0,0.25,1.621800009161234,0.15802500000000003
SYNAPSE,300,1,task_012::perturbed_0,perturbed_0,1,985,1.0,1.0,1.0,1.0621999972499907,0.007387500000000001
MCP,300,1,task_012::perturbed_0,perturbed_0,1,21070,1.0,0.0,0.25,1.9108999986201525,0.15802500000000003
SYNAPSE,300,1,task_012::perturbed_1,perturbed_1,1,985,1.0,1.0,1.0,1.2611999991349876,0.007387500000000001
MCP,300,1,task_012::perturbed_1,perturbed_1,1,21070,1.0,0.0,0.25,1.6718999977456406,0.15802500000000003
SYNAPSE,300,1,task_013::clean,clean,1,973,1.0,1.0,1.0,1.1636999988695607,0.0072975
MCP,300,1,task_013::clean,clean,1,21070,1.0,1.0,1.0,1.6293999942718074,0.15802500000000003
SYNAPSE,300,1,task_013::perturbed_0,perturbed_0,1,975,1.0,1.0,1.0,1.1177999986102805,0.0073125
MCP,300,1,task_013::perturbed_0,perturbed_0,1,21070,1.0,1.0,1.0,1.703400004771538,0.15802500000000003
SYNAPSE,300,1,task_013::perturbed_1,perturbed_1,1,978,1.0,1.0,1.0,1.3652000052388757,0.007335
MCP,300,1,task_013::perturbed_1,perturbed_1,1,21070,1.0,0.0,0.5,2.137799994670786,0.15802500000000003
SYNAPSE,300,1,task_014::clean,clean,1,990,1.0,1.0,1.0,1.618800000869669,0.007425
MCP,300,1,task_014::clean,clean,1,21070,1.0,1.0,1.0,2.210100006777793,0.15802500000000003
SYNAPSE,300,1,task_014::perturbed_0,perturbed_0,1,988,1.0,1.0,1.0,1.4762999926460907,0.007410000000000001
MCP,300,1,task_014::perturbed_0,perturbed_0,1,21070,1.0,0.0,0.25,2.1509000071091577,0.15802500000000003
SYNAPSE,300,1,task_014::perturbed_1,perturbed_1,1,990,1.0,1.0,1.0,1.480699997046031,0.007425
MCP,300,1,task_014::perturbed_1,perturbed_1,1,21070,1.0,0.0,0.5,2.1190999977989122,0.15802500000000003
SYNAPSE,300,1,task_015::clean,clean,1,995,1.0,1.0,1.0,1.3955999893369153,0.0074625
MCP,300,1,task_015::clean,clean,1,21070,1.0,1.0,1.0,1.7540999979246408,0.15802500000000003
SYNAPSE,300,1,task_015::perturbed_0,perturbed_0,1,994,1.0,1.0,1.0,1.1505000002216548,0.007455000000000001
MCP,300,1,task_015::perturbed_0,perturbed_0,1,21070,1.0,1.0,1.0,1.6314999957103282,0.15802500000000003
SYNAPSE,300,1,task_015::perturbed_1,perturbed_1,1,994,1.0,1.0,1.0,1.1052999907406047,0.007455000000000001
MCP,300,1,task_015::perturbed_1,perturbed_1,1,21070,1.0,1.0,1.0,1.6208000015467405,0.15802500000000003
SYNAPSE,300,1,task_016::clean,clean,1,985,1.0,1.0,1.0,1.2573999993037432,0.007387500000000001
MCP,300,1,task_016::clean,clean,1,21070,1.0,1.0,1.0,1.6108999989228323,0.15802500000000003
SYNAPSE,300,1,task_016::perturbed_0,perturbed_0,0,986,1.0,0.0,0.5,1.1227999930270016,0.0073950000000000005
MCP,300,1,task_016::perturbed_0,perturbed_0,0,21070,1.0,0.0,0.25,1.6095000028144568,0.15802500000000003
SYNAPSE,300,1,task_016::perturbed_1,perturbed_1,1,985,1.0,1.0,1.0,1.2457999982871115,0.007387500000000001
MCP,300,1,task_016::perturbed_1,perturbed_1,1,21070,1.0,1.0,1.0,1.6022000054363161,0.15802500000000003
SYNAPSE,300,1,task_017::clean,clean,1,990,1.0,1.0,1.0,1.2297000066610053,0.007425
MCP,300,1,task_017::clean,clean,1,21070,1.0,1.0,1.0,1.6109999996842816,0.15802500000000003
SYNAPSE,300,1,task_017::perturbed_0,perturbed_0,0,989,1.0,1.0,1.0,1.1540999985300004,0.0074175000000000005
MCP,300,1,task_017::perturbed_0,perturbed_0,0,21070,1.0,0.0,0.25,1.5928999928291887,0.15802500000000003
SYNAPSE,300,1,task_017::perturbed_1,perturbed_1,1,989,1.0,1.0,1.0,1.1703999916790053,0.0074175000000000005
MCP,300,1,task_017::perturbed_1,perturbed_1,1,21070,1.0,0.0,0.25,1.678199987509288,0.15802500000000003
SYNAPSE,300,1,task_018::clean,clean,1,960,1.0,1.0,1.0,1.6202000115299597,0.007200000000000001
MCP,300,1,task_018::clean,clean,1,21070,1.0,1.0,1.0,1.767399997333996,0.15802500000000003
SYNAPSE,300,1,task_018::perturbed_0,perturbed_0,0,679,0.0,0.0,0.0,1.2069000076735392,0.005092500000000001
MCP,300,1,task_018::perturbed_0,perturbed_0,0,21070,1.0,0.0,0.3333333333333333,1.6207000007852912,0.15802500000000003
SYNAPSE,300,1,task_018::perturbed_1,perturbed_1,0,964,1.0,1.0,1.0,1.1326999956509098,0.00723
MCP,300,1,task_018::perturbed_1,perturbed_1,0,21070,1.0,1.0,1.0,1.5482999879168347,0.15802500000000003
SYNAPSE,300,1,task_019::clean,clean,1,968,1.0,1.0,1.0,1.1119000118924305,0.007260000000000001
MCP,300,1,task_019::clean,clean,1,21070,1.0,1.0,1.0,1.6582999960519373,0.15802500000000003
SYNAPSE,300,1,task_019::perturbed_0,perturbed_0,1,968,1.0,1.0,1.0,1.0987999994540587,0.007260000000000001
MCP,300,1,task_019::perturbed_0,perturbed_0,1,21070,1.0,1.0,1.0,1.8245000101160258,0.15802500000000003
SYNAPSE,300,1,task_019::perturbed_1,perturbed_1,1,679,0.0,0.0,0.0,1.4899999951012433,0.005092500000000001
MCP,300,1,task_019::perturbed_1,perturbed_1,1,21070,1.0,0.0,0.14285714285714285,1.7478999943705276,0.15802500000000003
SYNAPSE,300,1,task_020::clean,clean,1,992,1.0,1.0,1.0,1.1814000026788563,0.00744
MCP,300,1,task_020::clean,clean,1,21070,1.0,1.0,1.0,2.452499989885837,0.15802500000000003
SYNAPSE,300,1,task_020::perturbed_0,perturbed_0,1,679,0.0,0.0,0.0,1.6019000031519681,0.005092500000000001
MCP,300,1,task_020::perturbed_0,perturbed_0,1,21070,1.0,1.0,1.0,1.3418000016827136,0.15802500000000003
SYNAPSE,300,1,task_020::perturbed_1,perturbed_1,1,992,1.0,1.0,1.0,1.0769000073196366,0.00744
MCP,300,1,task_020::perturbed_1,perturbed_1,1,21070,1.0,1.0,1.0,2.335200013476424,0.15802500000000003
SYNAPSE,300,1,task_021::clean,clean,1,993,1.0,1.0,1.0,1.2343999987933785,0.007447500000000001
MCP,300,1,task_021::clean,clean,1,21070,1.0,0.0,0.3333333333333333,1.6465999942738563,0.15802500000000003
SYNAPSE,300,1,task_021::perturbed_0,perturbed_0,1,990,1.0,0.0,0.5,1.0366000060457736,0.007425
MCP,300,1,task_021::perturbed_0,perturbed_0,1,21070,1.0,0.0,0.2,1.968600001418963,0.15802500000000003
SYNAPSE,300,1,task_021::perturbed_1,perturbed_1,1,992,1.0,0.0,0.5,1.23639999947045,0.00744
MCP,300,1,task_021::perturbed_1,perturbed_1,1,21070,1.0,0.0,0.2,2.008899988140911,0.15802500000000003
SYNAPSE,300,1,task_022::clean,clean,1,963,1.0,1.0,1.0,1.4530000044032931,0.007222500000000001
MCP,300,1,task_022::clean,clean,1,21070,1.0,1.0,1.0,1.739700004691258,0.15802500000000003
SYNAPSE,300,1,task_022::perturbed_0,perturbed_0,0,679,0.0,0.0,0.0,1.218299992615357,0.005092500000000001
MCP,300,1,task_022::perturbed_0,perturbed_0,0,21070,1.0,0.0,0.3333333333333333,1.796600001398474,0.15802500000000003
SYNAPSE,300,1,task_022::perturbed_1,perturbed_1,1,963,1.0,1.0,1.0,2.143000005162321,0.007222500000000001
MCP,300,1,task_022::perturbed_1,perturbed_1,1,21070,1.0,1.0,1.0,1.6995999903883785,0.15802500000000003
SYNAPSE,300,1,task_023::clean,clean,1,968,1.0,1.0,1.0,1.153099990915507,0.007260000000000001
MCP,300,1,task_023::clean,clean,1,21070,1.0,1.0,1.0,1.6094999882625416,0.15802500000000003
SYNAPSE,300,1,task_023::perturbed_0,perturbed_0,0,970,1.0,1.0,1.0,0.9637999901315197,0.007275
MCP,300,1,task_023::perturbed_0,perturbed_0,0,21070,1.0,1.0,1.0,1.5360999968834221,0.15802500000000003
SYNAPSE,300,1,task_023::perturbed_1,perturbed_1,0,679,0.0,0.0,0.0,1.0446999949635938,0.005092500000000001
MCP,300,1,task_023::perturbed_1,perturbed_1,0,21070,0.0,0.0,0.0,1.5664000093238428,0.15802500000000003
SYNAPSE,300,1,task_024::clean,clean,1,958,1.0,1.0,1.0,1.1291999981040135,0.007185
MCP,300,1,task_024::clean,clean,1,21070,1.0,0.0,0.5,1.6627000004518777,0.15802500000000003
SYNAPSE,300,1,task_024::perturbed_0,perturbed_0,0,679,0.0,0.0,0.0,1.2220999924466014,0.005092500000000001
MCP,300,1,task_024::perturbed_0,perturbed_0,0,21070,1.0,0.0,0.14285714285714285,1.6417000006185845,0.15802500000000003
SYNAPSE,300,1,task_024::perturbed_1,perturbed_1,1,960,1.0,1.0,1.0,1.076100001228042,0.007200000000000001
MCP,300,1,task_024::perturbed_1,perturbed_1,1,21070,1.0,0.0,0.5,1.6471999988425523,0.15802500000000003
SYNAPSE,300,1,task_025::clean,clean,1,1000,1.0,1.0,1.0,1.0829000093508512,0.007500000000000001
MCP,300,1,task_025::clean,clean,1,21070,1.0,1.0,1.0,1.5968999941833317,0.15802500000000003
SYNAPSE,300,1,task_025::perturbed_0,perturbed_0,0,679,0.0,0.0,0.0,1.2348000018391758,0.005092500000000001
MCP,300,1,task_025::perturbed_0,perturbed_0,0,21070,1.0,0.0,0.14285714285714285,1.646799995796755,0.15802500000000003
SYNAPSE,300,1,task_025::perturbed_1,perturbed_1,0,1003,1.0,1.0,1.0,1.1211000091861933,0.0075225000000000005
MCP,300,1,task_025::perturbed_1,perturbed_1,0,21070,1.0,1.0,1.0,1.6239999968092889,0.15802500000000003
SYNAPSE,300,1,task_026::clean,clean,1,996,1.0,1.0,1.0,1.23639999947045,0.007470000000000001
MCP,300,1,task_026::clean,clean,1,21070,1.0,1.0,1.0,1.6515999886905774,0.15802500000000003
SYNAPSE,300,1,task_026::perturbed_0,perturbed_0,0,1002,1.0,0.0,0.5,1.031499996315688,0.007515000000000001
MCP,300,1,task_026::perturbed_0,perturbed_0,0,21070,1.0,0.0,0.5,1.6213000053539872,0.15802500000000003
SYNAPSE,300,1,task_026::perturbed_1,perturbed_1,1,996,1.0,1.0,1.0,1.2089000083506107,0.007470000000000001
MCP,300,1,task_026::perturbed_1,perturbed_1,1,21070,1.0,1.0,1.0,1.8013000080827624,0.15802500000000003
SYNAPSE,300,1,task_027::clean,clean,1,966,1.0,1.0,1.0,1.1036000068997964,0.007245000000000001
MCP,300,1,task_027::clean,clean,1,21070,1.0,1.0,1.0,1.625899996724911,0.15802500000000003
SYNAPSE,300,1,task_027::perturbed_0,perturbed_0,0,679,0.0,0.0,0.0,1.2750000023515895,0.005092500000000001
MCP,300,1,task_027::perturbed_0,perturbed_0,0,21070,1.0,0.0,0.2,1.6010999970603734,0.15802500000000003
SYNAPSE,300,1,task_027::perturbed_1,perturbed_1,1,966,1.0,1.0,1.0,1.0214999929303303,0.007245000000000001
MCP,300,1,task_027::perturbed_1,perturbed_1,1,21070,1.0,1.0,1.0,1.6354999970644712,0.15802500000000003
SYNAPSE,300,1,task_028::clean,clean,1,960,1.0,1.0,1.0,1.0971000010613352,0.007200000000000001
MCP,300,1,task_028::clean,clean,1,21070,1.0,1.0,1.0,1.63569999858737,0.15802500000000003
SYNAPSE,300,1,task_028::perturbed_0,perturbed_0,0,952,1.0,1.0,1.0,0.9942000033333898,0.0071400000000000005
MCP,300,1,task_028::perturbed_0,perturbed_0,0,21070,1.0,0.0,0.2,1.5386000013677403,0.15802500000000003
SYNAPSE,300,1,task_028::perturbed_1,perturbed_1,0,679,0.0,0.0,0.0,1.1733999999705702,0.005092500000000001
MCP,300,1,task_028::perturbed_1,perturbed_1,0,21070,0.0,0.0,0.0,1.631999999517575,0.15802500000000003
SYNAPSE,300,1,task_029::clean,clean,1,976,1.0,1.0,1.0,1.1042999976780266,0.007320000000000001
MCP,300,1,task_029::clean,clean,1,21070,1.0,1.0,1.0,1.5791999903740361,0.15802500000000003
SYNAPSE,300,1,task_029::perturbed_0,perturbed_0,1,974,1.0,1.0,1.0,1.1060000106226653,0.007305000000000001
MCP,300,1,task_029::perturbed_0,perturbed_0,1,21070,1.0,0.0,0.5,1.6266000020550564,0.15802500000000003
SYNAPSE,300,1,task_029::perturbed_1,perturbed_1,0,970,1.0,1.0,1.0,1.0624999995343387,0.007275
MCP,300,1,task_029::perturbed_1,perturbed_1,0,21070,1.0,0.0,0.5,1.5224000089801848,0.15802500000000003
SYNAPSE,300,2,task_000::clean,clean,1,1002,1.0,1.0,1.0,1.554500006022863,0.007515000000000001
MCP,300,2,task_000::clean,clean,1,21193,1.0,1.0,1.0,1.7900999955600128,0.15894750000000002
SYNAPSE,300,2,task_000::perturbed_0,perturbed_0,1,1002,1.0,1.0,1.0,1.3065999955870211,0.007515000000000001
MCP,300,2,task_000::perturbed_0,perturbed_0,1,21193,1.0,1.0,1.0,1.6351000085705891,0.15894750000000002
SYNAPSE,300,2,task_000::perturbed_1,perturbed_1,1,996,1.0,1.0,1.0,1.1716000008163974,0.007470000000000001
MCP,300,2,task_000::perturbed_1,perturbed_1,1,21193,1.0,0.0,0.5,1.6245000006165355,0.15894750000000002
SYNAPSE,300,2,task_001::clean,clean,1,998,1.0,1.0,1.0,1.0624999995343387,0.007485
MCP,300,2,task_001::clean,clean,1,21193,1.0,1.0,1.0,2.1557000000029802,0.15894750000000002
SYNAPSE,300,2,task_001::perturbed_0,perturbed_0,0,998,1.0,1.0,1.0,1.256999996257946,0.007485
MCP,300,2,task_001::perturbed_0,perturbed_0,0,21193,1.0,0.0,0.16666666666666666,1.6703000001143664,0.15894750000000002
SYNAPSE,300,2,task_001::perturbed_1,perturbed_1,1,1002,1.0,0.0,0.5,1.3063000078545883,0.007515000000000001
MCP,300,2,task_001::perturbed_1,perturbed_1,1,21193,1.0,0.0,0.25,1.7176999972434714,0.15894750000000002
SYNAPSE,300,2,task_002::clean,clean,1,970,1.0,1.0,1.0,1.444399997126311,0.007275
MCP,300,2,task_002::clean,clean,1,21193,1.0,1.0,1.0,2.424200007226318,0.15894750000000002
SYNAPSE,300,2,task_002::perturbed_0,perturbed_0,1,970,1.0,1.0,1.0,1.2374000070849434,0.007275
MCP,300,2,task_002::perturbed_0,perturbed_0,1,21193,1.0,1.0,1.0,1.8275000038556755,0.15894750000000002
SYNAPSE,300,2,task_002::perturbed_1,perturbed_1,0,970,1.0,1.0,1.0,1.4844999968772754,0.007275
MCP,300,2,task_002::perturbed_1,perturbed_1,0,21193,1.0,1.0,1.0,2.3572999925818294,0.15894750000000002
SYNAPSE,300,2,task_003::clean,clean,1,962,1.0,1.0,1.0,1.5358000091509894,0.007215000000000001
MCP,300,2,task_003::clean,clean,1,21193,1.0,1.0,1.0,2.9126000008545816,0.15894750000000002
SYNAPSE,300,2,task_003::perturbed_0,perturbed_0,0,679,0.0,0.0,0.0,1.9715000089490786,0.005092500000000001
MCP,300,2,task_003::perturbed_0,perturbed_0,0,21193,1.0,0.0,0.2,1.9510999991325662,0.15894750000000002
SYNAPSE,300,2,task_003::perturbed_1,perturbed_1,1,958,1.0,1.0,1.0,1.2633000005735084,0.007185
MCP,300,2,task_003::perturbed_1,perturbed_1,1,21193,1.0,0.0,0.5,2.1207999961916357,0.15894750000000002
SYNAPSE,300,2,task_004::clean,clean,1,978,1.0,1.0,1.0,1.3644999999087304,0.007335
MCP,300,2,task_004::clean,clean,1,21193,1.0,1.0,1.0,2.03499999770429,0.15894750000000002
SYNAPSE,300,2,task_004::perturbed_0,perturbed_0,1,978,1.0,1.0,1.0,3.486700006760657,0.007335
MCP,300,2,task_004::perturbed_0,perturbed_0,1,21193,1.0,1.0,1.0,2.284800008055754,0.15894750000000002
SYNAPSE,300,2,task_004::perturbed_1,perturbed_1,0,679,0.0,0.0,0.0,1.8447000038577244,0.005092500000000001
MCP,300,2,task_004::perturbed_1,perturbed_1,0,21193,1.0,0.0,0.125,2.471200001309626,0.15894750000000002
SYNAPSE,300,2,task_005::clean,clean,1,987,1.0,1.0,1.0,1.8270000000484288,0.0074025
MCP,300,2,task_005::clean,clean,1,21193,1.0,1.0,1.0,2.0091000042157248,0.15894750000000002
SYNAPSE,300,2,task_005::perturbed_0,perturbed_0,1,984,1.0,1.0,1.0,1.4518999960273504,0.00738
MCP,300,2,task_005::perturbed_0,perturbed_0,1,21193,1.0,0.0,0.5,1.8357999942963943,0.15894750000000002
SYNAPSE,300,2,task_005::perturbed_1,perturbed_1,0,986,1.0,1.0,1.0,1.3907999964430928,0.0073950000000000005
MCP,300,2,task_005::perturbed_1,perturbed_1,0,21193,1.0,1.0,1.0,1.7780999914975837,0.15894750000000002
SYNAPSE,300,2,task_006::clean,clean,1,1009,1.0,1.0,1.0,1.1735000007320195,0.0075675000000000004
MCP,300,2,task_006::clean,clean,1,21193,1.0,1.0,1.0,1.74529998912476,0.15894750000000002
SYNAPSE,300,2,task_006::perturbed_0,perturbed_0,1,1009,1.0,1.0,1.0,1.0493000008864328,0.0075675000000000004
MCP,300,2,task_006::perturbed_0,perturbed_0,1,21193,1.0,1.0,1.0,1.7114000074798241,0.15894750000000002
SYNAPSE,300,2,task_006::perturbed_1,perturbed_1,1,1002,1.0,0.0,0.3333333333333333,1.3153999898349866,0.007515000000000001
MCP,300,2,task_006::perturbed_1,perturbed_1,1,21193,1.0,0.0,0.3333333333333333,1.7948000022443011,0.15894750000000002
SYNAPSE,300,2,task_007::clean,clean,1,957,1.0,1.0,1.0,1.3503999944077805,0.007177500000000001
MCP,300,2,task_007::clean,clean,1,21193,1.0,1.0,1.0,1.7745999939506873,0.15894750000000002
SYNAPSE,300,2,task_007::perturbed_0,perturbed_0,1,957,1.0,1.0,1.0,1.348699996015057,0.007177500000000001
MCP,300,2,task_007::perturbed_0,perturbed_0,1,21193,1.0,1.0,1.0,1.748900001985021,0.15894750000000002
SYNAPSE,300,2,task_007::perturbed_1,perturbed_1,1,957,1.0,1.0,1.0,1.2732000031974167,0.007177500000000001
MCP,300,2,task_007::perturbed_1,perturbed_1,1,21193,1.0,1.0,1.0,1.651099999435246,0.15894750000000002
SYNAPSE,300,2,task_008::clean,clean,1,970,1.0,1.0,1.0,1.230200010468252,0.007275
MCP,300,2,task_008::clean,clean,1,21193,1.0,1.0,1.0,1.676699990639463,0.15894750000000002
SYNAPSE,300,2,task_008::perturbed_0,perturbed_0,1,975,1.0,1.0,1.0,1.3013999996474013,0.0073125
MCP,300,2,task_008::perturbed_0,perturbed_0,1,21193,1.0,1.0,1.0,1.7228999931830913,0.15894750000000002
SYNAPSE,300,2,task_008::perturbed_1,perturbed_1,1,972,1.0,1.0,1.0,1.3101999938953668,0.0072900000000000005
MCP,300,2,task_008::perturbed_1,perturbed_1,1,21193,1.0,0.0,0.5,1.712600002065301,0.15894750000000002
SYNAPSE,300,2,task_009::clean,clean,1,975,1.0,1.0,1.0,1.7699000018183142,0.0073125
MCP,300,2,task_009::clean,clean,1,21193,1.0,1.0,1.0,1.86980000580661,0.15894750000000002
SYNAPSE,300,2,task_009::perturbed_0,perturbed_0,0,679,0.0,0.0,0.0,1.1929000029340386,0.005092500000000001
MCP,300,2,task_009::perturbed_0,perturbed_0,0,21193,0.0,0.0,0.0,1.5899999998509884,0.15894750000000002
SYNAPSE,300,2,task_009::perturbed_1,perturbed_1,0,974,1.0,1.0,1.0,1.3202999980421737,0.007305000000000001
MCP,300,2,task_009::perturbed_1,perturbed_1,0,21193,1.0,0.0,0.25,1.9145999976899475,0.15894750000000002
SYNAPSE,300,2,task_010::clean,clean,1,984,1.0,1.0,1.0,1.890400002594106,0.00738
MCP,300,2,task_010::clean,clean,1,21193,1.0,1.0,1.0,1.7548000032547861,0.15894750000000002
SYNAPSE,300,2,task_010::perturbed_0,perturbed_0,1,983,1.0,1.0,1.0,1.743700006045401,0.007372500000000001
MCP,300,2,task_010::perturbed_0,perturbed_0,1,21193,1.0,0.0,0.5,2.2985999967204407,0.15894750000000002
SYNAPSE,300,2,task_010::perturbed_1,perturbed_1,1,679,0.0,0.0,0.0,1.3433999993139878,0.005092500000000001
MCP,300,2,task_010::perturbed_1,perturbed_1,1,21193,1.0,0.0,0.5,1.7839000065578148,0.15894750000000002
SYNAPSE,300,2,task_011::clean,clean,1,998,1.0,1.0,1.0,1.5636000025551766,0.007485
MCP,300,2,task_011::clean,clean,1,21193,1.0,0.0,0.5,2.267899995786138,0.15894750000000002
SYNAPSE,300,2,task_011::perturbed_0,perturbed_0,0,996,1.0,1.0,1.0,1.6145999979926273,0.007470000000000001
MCP,300,2,task_011::perturbed_0,perturbed_0,0,21193,1.0,0.0,0.3333333333333333,1.9608000002335757,0.15894750000000002
SYNAPSE,300,2,task_011::perturbed_1,perturbed_1,0,998,1.0,0.0,0.5,1.6410000098403543,0.007485
MCP,300,2,task_011::perturbed_1,perturbed_1,0,21193,1.0,0.0,0.3333333333333333,1.9507999968482181,0.15894750000000002
SYNAPSE,300,2,task_012::clean,clean,1,981,1.0,1.0,1.0,1.366500000585802,0.0073575
MCP,300,2,task_012::clean,clean,1,21193,1.0,1.0,1.0,1.784299995051697,0.15894750000000002
SYNAPSE,300,2,task_012::perturbed_0,perturbed_0,1,976,1.0,0.0,0.5,1.3730999926337972,0.007320000000000001
MCP,300,2,task_012::perturbed_0,perturbed_0,1,21193,1.0,0.0,0.2,2.3766999947838485,0.15894750000000002
SYNAPSE,300,2,task_012::perturbed_1,perturbed_1,0,983,1.0,1.0,1.0,1.415700011420995,0.007372500000000001
MCP,300,2,task_012::perturbed_1,perturbed_1,0,21193,1.0,0.0,0.16666666666666666,2.706300001591444,0.15894750000000002
SYNAPSE,300,2,task_013::clean,clean,1,974,1.0,1.0,1.0,1.79720000596717,0.007305000000000001
MCP,300,2,task_013::clean,clean,1,21193,1.0,1.0,1.0,2.1935999975539744,0.15894750000000002
SYNAPSE,300,2,task_013::perturbed_0,perturbed_0,0,976,1.0,1.0,1.0,1.4497000083792955,0.007320000000000001
MCP,300,2,task_013::perturbed_0,perturbed_0,0,21193,1.0,1.0,1.0,1.830199995310977,0.15894750000000002
SYNAPSE,300,2,task_013::perturbed_1,perturbed_1,1,974,1.0,1.0,1.0,1.4324000076157972,0.007305000000000001
MCP,300,2,task_013::perturbed_1,perturbed_1,1,21193,1.0,1.0,1.0,1.7890999879455194,0.15894750000000002
SYNAPSE,300,2,task_014::clean,clean,1,994,1.0,1.0,1.0,1.145600006566383,0.007455000000000001
MCP,300,2,task_014::clean,clean,1,21193,1.0,1.0,1.0,1.7260000022361055,0.15894750000000002
SYNAPSE,300,2,task_014::perturbed_0,perturbed_0,1,994,1.0,1.0,1.0,1.1526000016601756,0.007455000000000001
MCP,300,2,task_014::perturbed_0,perturbed_0,1,21193,1.0,0.0,0.16666666666666666,1.703700007055886,0.15894750000000002
SYNAPSE,300,2,task_014::perturbed_1,perturbed_1,1,994,1.0,1.0,1.0,1.0907999967457727,0.007455000000000001
MCP,300,2,task_014::perturbed_1,perturbed_1,1,21193,1.0,0.0,0.2,1.7245000053662807,0.15894750000000002
SYNAPSE,300,2,task_015::clean,clean,1,994,1.0,1.0,1.0,1.2237000046297908,0.007455000000000001
MCP,300,2,task_015::clean,clean,1,21193,1.0,1.0,1.0,1.720900007057935,0.15894750000000002
SYNAPSE,300,2,task_015::perturbed_0,perturbed_0,0,679,0.0,0.0,0.0,1.1684999917633832,0.005092500000000001
MCP,300,2,task_015::perturbed_0,perturbed_0,0,21193,1.0,0.0,0.5,1.618499998585321,0.15894750000000002
SYNAPSE,300,2,task_015::perturbed_1,perturbed_1,1,993,1.0,1.0,1.0,1.1071000044466928,0.007447500000000001
MCP,300,2,task_015::perturbed_1,perturbed_1,1,21193,1.0,0.0,0.5,1.6336999979102984,0.15894750000000002
SYNAPSE,300,2,task_016::clean,clean,1,990,1.0,1.0,1.0,1.0698999976739287,0.007425
MCP,300,2,task_016::clean,clean,1,21193,1.0,1.0,1.0,1.9439000025158748,0.15894750000000002
SYNAPSE,300,2,task_016::perturbed_0,perturbed_0,1,990,1.0,0.0,0.5,1.6644000133965164,0.007425
MCP,300,2,task_016::perturbed_0,perturbed_0,1,21193,1.0,0.0,0.5,5.020799988415092,0.15894750000000002
SYNAPSE,300,2,task_016::perturbed_1,perturbed_1,0,991,1.0,0.0,0.5,1.3463999930536374,0.007432500000000001
MCP,300,2,task_016::perturbed_1,perturbed_1,0,21193,1.0,0.0,0.25,1.8007000035140663,0.15894750000000002
SYNAPSE,300,2,task_017::clean,clean,1,989,1.0,1.0,1.0,1.4820000069448724,0.0074175000000000005
MCP,300,2,task_017::clean,clean,1,21193,1.0,1.0,1.0,1.9908999965991825,0.15894750000000002
SYNAPSE,300,2,task_017::perturbed_0,perturbed_0,1,992,1.0,1.0,1.0,2.003000001423061,0.00744
MCP,300,2,task_017::perturbed_0,perturbed_0,1,21193,1.0,0.0,0.3333333333333333,1.924900003359653,0.15894750000000002
SYNAPSE,300,2,task_017::perturbed_1,perturbed_1,1,989,1.0,1.0,1.0,1.6354999970644712,0.0074175000000000005
MCP,300,2,task_017::perturbed_1,perturbed_1,1,21193,1.0,1.0,1.0,1.8449999915901572,0.15894750000000002
SYNAPSE,300,2,task_018::clean,clean,1,961,1.0,1.0,1.0,1.2359999964246526,0.0072075
MCP,300,2,task_018::clean,clean,1,21193,1.0,1.0,1.0,1.8101000023307279,0.15894750000000002
SYNAPSE,300,2,task_018::perturbed_0,perturbed_0,0,960,1.0,1.0,1.0,1.6212000045925379,0.007200000000000001
MCP,300,2,task_018::perturbed_0,perturbed_0,0,21193,1.0,0.0,0.14285714285714285,1.7183000018121675,0.15894750000000002
SYNAPSE,300,2,task_018::perturbed_1,perturbed_1,1,962,1.0,1.0,1.0,1.8149999959859997,0.007215000000000001
MCP,300,2,task_018::perturbed_1,perturbed_1,1,21193,1.0,0.0,0.5,1.9012999982805923,0.15894750000000002
SYNAPSE,300,2,task_019::clean,clean,1,976,1.0,1.0,1.0,1.852000001235865,0.007320000000000001
MCP,300,2,task_019::clean,clean,1,21193,1.0,1.0,1.0,1.8792000046232715,0.15894750000000002
SYNAPSE,300,2,task_019::perturbed_0,perturbed_0,0,679,0.0,0.0,0.0,1.437300001271069,0.005092500000000001
MCP,300,2,task_019::perturbed_0,perturbed_0,0,21193,1.0,0.0,0.125,1.7896000063046813,0.15894750000000002
SYNAPSE,300,2,task_019::perturbed_1,perturbed_1,0,679,0.0,0.0,0.0,1.2194000009912997,0.005092500000000001
MCP,300,2,task_019::perturbed_1,perturbed_1,0,21193,0.0,0.0,0.0,1.6684000001987442,0.15894750000000002
SYNAPSE,300,2,task_020::clean,clean,1,993,1.0,1.0,1.0,1.1910000030184165,0.007447500000000001
MCP,300,2,task_020::clean,clean,1,21193,1.0,1.0,1.0,1.6552000015508384,0.15894750000000002
SYNAPSE,300,2,task_020::perturbed_0,perturbed_0,1,679,0.0,0.0,0.0,1.7252999969059601,0.005092500000000001
MCP,300,2,task_020::perturbed_0,perturbed_0,1,21193,1.0,0.0,0.5,1.7907000001287088,0.15894750000000002
SYNAPSE,300,2,task_020::perturbed_1,perturbed_1,1,679,0.0,0.0,0.0,1.33790000109002,0.005092500000000001
MCP,300,2,task_020::perturbed_1,perturbed_1,1,21193,1.0,0.0,0.3333333333333333,1.7007999995257705,0.15894750000000002
SYNAPSE,300,2,task_021::clean,clean,1,991,1.0,1.0,1.0,1.0905000090133399,0.007432500000000001
MCP,300,2,task_021::clean,clean,1,21193,1.0,1.0,1.0,1.693599988357164,0.15894750000000002
SYNAPSE,300,2,task_021::perturbed_0,perturbed_0,0,997,1.0,1.0,1.0,1.1831000010715798,0.007477500000000001
MCP,300,2,task_021::perturbed_0,perturbed_0,0,21193,0.0,0.0,0.0,1.7319000035058707,0.15894750000000002
SYNAPSE,300,2,task_021::perturbed_1,perturbed_1,1,992,1.0,0.0,0.5,1.1105999874416739,0.00744
MCP,300,2,task_021::perturbed_1,perturbed_1,1,21193,1.0,0.0,0.25,1.7329999973298982,0.15894750000000002
SYNAPSE,300,2,task_022::clean,clean,1,977,1.0,1.0,1.0,1.1264999920967966,0.007327500000000001
MCP,300,2,task_022::clean,clean,1,21193,1.0,0.0,0.5,1.6455000004498288,0.15894750000000002
SYNAPSE,300,2,task_022::perturbed_0,perturbed_0,0,679,0.0,0.0,0.0,1.0089999996125698,0.005092500000000001
MCP,300,2,task_022::perturbed_0,perturbed_0,0,21193,1.0,1.0,1.0,1.5673000016249716,0.15894750000000002
SYNAPSE,300,2,task_022::perturbed_1,perturbed_1,0,965,1.0,1.0,1.0,0.975800008745864,0.007237500000000001
MCP,300,2,task_022::perturbed_1,perturbed_1,0,21193,1.0,0.0,0.3333333333333333,1.6013999993447214,0.15894750000000002
SYNAPSE,300,2,task_023::clean,clean,1,960,1.0,1.0,1.0,1.189999995403923,0.007200000000000001
MCP,300,2,task_023::clean,clean,1,21193,1.0,1.0,1.0,1.639699999941513,0.15894750000000002
SYNAPSE,300,2,task_023::perturbed_0,perturbed_0,1,958,1.0,1.0,1.0,1.223799990839325,0.007185
MCP,300,2,task_023::perturbed_0,perturbed_0,1,21193,1.0,1.0,1.0,1.6559000068809837,0.15894750000000002
SYNAPSE,300,2,task_023::perturbed_1,perturbed_1,1,679,0.0,0.0,0.0,1.1008000001311302,0.005092500000000001
MCP,300,2,task_023::perturbed_1,perturbed_1,1,21193,1.0,0.0,0.3333333333333333,1.666199997998774,0.15894750000000002
SYNAPSE,300,2,task_024::clean,clean,1,973,1.0,1.0,1.0,1.1209999938728288,0.0072975
MCP,300,2,task_024::clean,clean,1,21193,1.0,1.0,1.0,1.633599997148849,0.15894750000000002
SYNAPSE,300,2,task_024::perturbed_0,perturbed_0,0,971,1.0,1.0,1.0,1.1281999904895201,0.007282500000000001
MCP,300,2,task_024::perturbed_0,perturbed_0,0,21193,1.0,0.0,0.25,1.6044000076362863,0.15894750000000002
SYNAPSE,300,2,task_024::perturbed_1,perturbed_1,0,971,1.0,1.0,1.0,1.061999995727092,0.007282500000000001
MCP,300,2,task_024::perturbed_1,perturbed_1,0,21193,1.0,1.0,1.0,1.5765999996801838,0.15894750000000002
SYNAPSE,300,2,task_025::clean,clean,1,986,1.0,1.0,1.0,1.099500004784204,0.0073950000000000005
MCP,300,2,task_025::clean,clean,1,21193,1.0,1.0,1.0,1.5750000020489097,0.15894750000000002
SYNAPSE,300,2,task_025::perturbed_0,perturbed_0,0,679,0.0,0.0,0.0,1.5073999966261908,0.005092500000000001
MCP,300,2,task_025::perturbed_0,perturbed_0,0,21193,1.0,0.0,0.25,1.606499994522892,0.15894750000000002
SYNAPSE,300,2,task_025::perturbed_1,perturbed_1,0,988,1.0,1.0,1.0,1.0886999953072518,0.007410000000000001
MCP,300,2,task_025::perturbed_1,perturbed_1,0,21193,1.0,0.0,0.5,1.5732000028947368,0.15894750000000002
SYNAPSE,300,2,task_026::clean,clean,1,1009,1.0,1.0,1.0,1.080700007150881,0.0075675000000000004
MCP,300,2,task_026::clean,clean,1,21193,1.0,1.0,1.0,4.031300006317906,0.15894750000000002
SYNAPSE,300,2,task_026::perturbed_0,perturbed_0,1,1009,1.0,1.0,1.0,1.1924999998882413,0.0075675000000000004
MCP,300,2,task_026::perturbed_0,perturbed_0,1,21193,1.0,1.0,1.0,1.671699996222742,0.15894750000000002
SYNAPSE,300,2,task_026::perturbed_1,perturbed_1,1,1009,1.0,1.0,1.0,1.0596000065561384,0.0075675000000000004
MCP,300,2,task_026::perturbed_1,perturbed_1,1,21193,1.0,1.0,1.0,2.285700000356883,0.15894750000000002
SYNAPSE,300,2,task_027::clean,clean,1,970,1.0,1.0,1.0,1.444300010916777,0.007275
MCP,300,2,task_027::clean,clean,1,21193,1.0,0.0,0.3333333333333333,1.908599995658733,0.15894750000000002
SYNAPSE,300,2,task_027::perturbed_0,perturbed_0,1,679,0.0,0.0,0.0,1.6330000071320683,0.005092500000000001
MCP,300,2,task_027::perturbed_0,perturbed_0,1,21193,1.0,0.0,0.25,1.6602999967290089,0.15894750000000002
SYNAPSE,300,2,task_027::perturbed_1,perturbed_1,1,679,0.0,0.0,0.0,1.1331999994581565,0.005092500000000001
MCP,300,2,task_027::perturbed_1,perturbed_1,1,21193,1.0,0.0,0.25,1.743700006045401,0.15894750000000002
SYNAPSE,300,2,task_028::clean,clean,1,956,1.0,1.0,1.0,1.354500011075288,0.00717
MCP,300,2,task_028::clean,clean,1,21193,1.0,0.0,0.3333333333333333,2.415900002233684,0.15894750000000002
SYNAPSE,300,2,task_028::perturbed_0,perturbed_0,1,679,0.0,0.0,0.0,1.779400001396425,0.005092500000000001
MCP,300,2,task_028::perturbed_0,perturbed_0,1,21193,1.0,0.0,0.5,2.1118000004207715,0.15894750000000002
SYNAPSE,300,2,task_028::perturbed_1,perturbed_1,1,679,0.0,0.0,0.0,1.502200000686571,0.005092500000000001
MCP,300,2,task_028::perturbed_1,perturbed_1,1,21193,1.0,0.0,0.5,1.626800003577955,0.15894750000000002
SYNAPSE,300,2,task_029::clean,clean,1,978,1.0,1.0,1.0,1.1805999965872616,0.007335
MCP,300,2,task_029::clean,clean,1,21193,1.0,0.0,0.25,1.6015999863157049,0.15894750000000002
SYNAPSE,300,2,task_029::perturbed_0,perturbed_0,1,973,1.0,1.0,1.0,1.3390000094659626,0.0072975
MCP,300,2,task_029::perturbed_0,perturbed_0,1,21193,1.0,0.0,0.125,2.027299997280352,0.15894750000000002
SYNAPSE,300,2,task_029::perturbed_1,perturbed_1,1,973,1.0,1.0,1.0,1.1433000036049634,0.0072975
MCP,300,2,task_029::perturbed_1,perturbed_1,1,21193,1.0,0.0,0.125,1.6707000031601638,0.15894750000000002
SYNAPSE,300,3,task_000::clean,clean,1,999,1.0,1.0,1.0,2.2924000077182427,0.007492500000000001
MCP,300,3,task_000::clean,clean,1,21134,1.0,1.0,1.0,4.203699994832277,0.158505
SYNAPSE,300,3,task_000::perturbed_0,perturbed_0,1,994,1.0,1.0,1.0,2.397100004600361,0.007455000000000001
MCP,300,3,task_000::perturbed_0,perturbed_0,1,21134,1.0,0.0,0.3333333333333333,2.059999998891726,0.158505
SYNAPSE,300,3,task_000::perturbed_1,perturbed_1,0,999,1.0,1.0,1.0,1.47050000668969,0.007492500000000001
MCP,300,3,task_000::perturbed_1,perturbed_1,0,21134,1.0,0.0,0.16666666666666666,2.096199998049997,0.158505
SYNAPSE,300,3,task_001::clean,clean,1,989,1.0,1.0,1.0,1.0892999998759478,0.0074175000000000005
MCP,300,3,task_001::clean,clean,1,21134,1.0,1.0,1.0,1.6744000022299588,0.158505
SYNAPSE,300,3,task_001::perturbed_0,perturbed_0,0,985,1.0,1.0,1.0,1.2734000047203153,0.007387500000000001
MCP,300,3,task_001::perturbed_0,perturbed_0,0,21134,1.0,0.0,0.3333333333333333,1.7404999962309375,0.158505
SYNAPSE,300,3,task_001::perturbed_1,perturbed_1,1,989,1.0,1.0,1.0,1.0164999985136092,0.0074175000000000005
MCP,300,3,task_001::perturbed_1,perturbed_1,1,21134,1.0,1.0,1.0,1.801500009605661,0.158505
SYNAPSE,300,3,task_002::clean,clean,1,969,1.0,1.0,1.0,1.1373000015737489,0.0072675000000000005
MCP,300,3,task_002::clean,clean,1,21134,1.0,1.0,1.0,1.8103999900631607,0.158505
SYNAPSE,300,3,task_002::perturbed_0,perturbed_0,1,679,0.0,0.0,0.0,1.2858999980380759,0.005092500000000001
MCP,300,3,task_002::perturbed_0,perturbed_0,1,21134,1.0,0.0,0.14285714285714285,1.7530999903101474,0.158505
SYNAPSE,300,3,task_002::perturbed_1,perturbed_1,1,969,1.0,1.0,1.0,1.174599994556047,0.0072675000000000005
MCP,300,3,task_002::perturbed_1,perturbed_1,1,21134,1.0,0.0,0.16666666666666666,1.7587000038474798,0.158505
SYNAPSE,300,3,task_003::clean,clean,1,963,1.0,1.0,1.0,1.2782999983755872,0.007222500000000001
MCP,300,3,task_003::clean,clean,1,21134,1.0,1.0,1.0,1.7536999948788434,0.158505
SYNAPSE,300,3,task_003::perturbed_0,perturbed_0,1,968,1.0,1.0,1.0,1.1193000100320205,0.007260000000000001
MCP,300,3,task_003::perturbed_0,perturbed_0,1,21134,1.0,1.0,1.0,1.7268999945372343,0.158505
SYNAPSE,300,3,task_003::perturbed_1,perturbed_1,1,959,1.0,1.0,1.0,1.1444999981904402,0.007192500000000001
MCP,300,3,task_003::perturbed_1,perturbed_1,1,21134,1.0,0.0,0.5,1.7373000009683892,0.158505
SYNAPSE,300,3,task_004::clean,clean,1,975,1.0,1.0,1.0,1.118899992434308,0.0073125
MCP,300,3,task_004::clean,clean,1,21134,1.0,1.0,1.0,1.7080999969039112,0.158505
SYNAPSE,300,3,task_004::perturbed_0,perturbed_0,1,972,1.0,1.0,1.0,1.1363999947207049,0.0072900000000000005
MCP,300,3,task_004::perturbed_0,perturbed_0,1,21134,1.0,1.0,1.0,1.7933999915840104,0.158505
SYNAPSE,300,3,task_004::perturbed_1,perturbed_1,1,972,1.0,1.0,1.0,1.1621000012382865,0.0072900000000000005
MCP,300,3,task_004::perturbed_1,perturbed_1,1,21134,1.0,1.0,1.0,1.690199991571717,0.158505
SYNAPSE,300,3,task_005::clean,clean,1,986,1.0,1.0,1.0,1.2599000037880614,0.0073950000000000005
MCP,300,3,task_005::clean,clean,1,21134,1.0,1.0,1.0,1.6694000078132376,0.158505
SYNAPSE,300,3,task_005::perturbed_0,perturbed_0,1,986,1.0,1.0,1.0,1.5793000056874007,0.0073950000000000005
MCP,300,3,task_005::perturbed_0,perturbed_0,1,21134,1.0,1.0,1.0,1.8191999988630414,0.158505
SYNAPSE,300,3,task_005::perturbed_1,perturbed_1,1,985,1.0,1.0,1.0,1.80309999268502,0.007387500000000001
MCP,300,3,task_005::perturbed_1,perturbed_1,1,21134,1.0,0.0,0.3333333333333333,2.3622000007890165,0.158505
SYNAPSE,300,3,task_006::clean,clean,1,988,1.0,1.0,1.0,2.092299997457303,0.007410000000000001
MCP,300,3,task_006::clean,clean,1,21134,1.0,1.0,1.0,1.756600002408959,0.158505
SYNAPSE,300,3,task_006::perturbed_0,perturbed_0,1,989,1.0,0.0,0.5,1.059500005794689,0.0074175000000000005
MCP,300,3,task_006::perturbed_0,perturbed_0,1,21134,1.0,0.0,0.5,1.688000003923662,0.158505
SYNAPSE,300,3,task_006::perturbed_1,perturbed_1,1,989,1.0,0.0,0.5,1.16379999963101,0.0074175000000000005
MCP,300,3,task_006::perturbed_1,perturbed_1,1,21134,1.0,0.0,0.5,1.6876000008778647,0.158505
SYNAPSE,300,3,task_007::clean,clean,1,962,1.0,1.0,1.0,1.2888999917777255,0.007215000000000001
MCP,300,3,task_007::clean,clean,1,21134,1.0,1.0,1.0,1.654499996220693,0.158505
SYNAPSE,300,3,task_007::perturbed_0,perturbed_0,0,964,1.0,1.0,1.0,1.1138999980175868,0.00723
MCP,300,3,task_007::perturbed_0,perturbed_0,0,21134,1.0,1.0,1.0,1.6041999915614724,0.158505
SYNAPSE,300,3,task_007::perturbed_1,perturbed_1,1,679,0.0,0.0,0.0,1.204400003189221,0.005092500000000001
MCP,300,3,task_007::perturbed_1,perturbed_1,1,21134,1.0,0.0,0.16666666666666666,1.7150000057881698,0.158505
SYNAPSE,300,3,task_008::clean,clean,1,980,1.0,1.0,1.0,1.493899995693937,0.007350000000000001
MCP,300,3,task_008::clean,clean,1,21134,1.0,0.0,0.3333333333333333,1.6882000054465607,0.158505
SYNAPSE,300,3,task_008::perturbed_0,perturbed_0,1,981,1.0,1.0,1.0,1.2177000025985762,0.0073575
MCP,300,3,task_008::perturbed_0,perturbed_0,1,21134,1.0,0.0,0.125,1.7422999953851104,0.158505
SYNAPSE,300,3,task_008::perturbed_1,perturbed_1,1,981,1.0,1.0,1.0,1.2394000077620149,0.0073575
MCP,300,3,task_008::perturbed_1,perturbed_1,1,21134,1.0,0.0,0.14285714285714285,1.6820000018924475,0.158505
SYNAPSE,300,3,task_009::clean,clean,1,968,1.0,1.0,1.0,1.2395999947329983,0.007260000000000001
MCP,300,3,task_009::clean,clean,1,21134,1.0,1.0,1.0,1.7896000063046813,0.158505
SYNAPSE,300,3,task_009::perturbed_0,perturbed_0,0,679,0.0,0.0,0.0,1.1922999983653426,0.005092500000000001
MCP,300,3,task_009::perturbed_0,perturbed_0,0,21134,0.0,0.0,0.0,1.5867000038269907,0.158505
SYNAPSE,300,3,task_009::perturbed_1,perturbed_1,1,679,0.0,0.0,0.0,1.1973999935435131,0.005092500000000001
MCP,300,3,task_009::perturbed_1,perturbed_1,1,21134,1.0,0.0,0.5,1.6931999998632818,0.158505
SYNAPSE,300,3,task_010::clean,clean,1,991,1.0,1.0,1.0,1.2221999932080507,0.007432500000000001
MCP,300,3,task_010::clean,clean,1,21134,1.0,1.0,1.0,1.553599999169819,0.158505
SYNAPSE,300,3,task_010::perturbed_0,perturbed_0,1,987,1.0,1.0,1.0,1.0927999974228442,0.0074025
MCP,300,3,task_010::perturbed_0,perturbed_0,1,21134,1.0,0.0,0.5,1.5678999916417524,0.158505
SYNAPSE,300,3,task_010::perturbed_1,perturbed_1,1,679,0.0,0.0,0.0,0.9892999951262027,0.005092500000000001
MCP,300,3,task_010::perturbed_1,perturbed_1,1,21134,1.0,0.0,0.5,1.6050999984145164,0.158505
SYNAPSE,300,3,task_011::clean,clean,1,988,1.0,1.0,1.0,1.2645999959204346,0.007410000000000001
MCP,300,3,task_011::clean,clean,1,21134,1.0,1.0,1.0,1.6137999919010326,0.158505
SYNAPSE,300,3,task_011::perturbed_0,perturbed_0,1,990,1.0,0.0,0.5,1.2710000009974465,0.007425
MCP,300,3,task_011::perturbed_0,perturbed_0,1,21134,1.0,0.0,0.14285714285714285,1.6881999908946455,0.158505
SYNAPSE,300,3,task_011::perturbed_1,perturbed_1,0,990,1.0,0.0,0.5,1.203499996336177,0.007425
MCP,300,3,task_011::perturbed_1,perturbed_1,0,21134,1.0,0.0,0.25,1.6196000069612637,0.158505
SYNAPSE,300,3,task_012::clean,clean,1,978,1.0,1.0,1.0,1.0417000012239441,0.007335
MCP,300,3,task_012::clean,clean,1,21134,1.0,1.0,1.0,1.706199996988289,0.158505
SYNAPSE,300,3,task_012::perturbed_0,perturbed_0,0,978,1.0,1.0,1.0,0.9984999924199656,0.007335
MCP,300,3,task_012::perturbed_0,perturbed_0,0,21134,1.0,1.0,1.0,1.5781000111019239,0.158505
SYNAPSE,300,3,task_012::perturbed_1,perturbed_1,0,976,1.0,1.0,1.0,0.9501000022282824,0.007320000000000001
MCP,300,3,task_012::perturbed_1,perturbed_1,0,21134,1.0,0.0,0.2,1.589299994520843,0.158505
SYNAPSE,300,3,task_013::clean,clean,1,975,1.0,1.0,1.0,1.333999985945411,0.0073125
MCP,300,3,task_013::clean,clean,1,21134,1.0,1.0,1.0,1.6174000047612935,0.158505
SYNAPSE,300,3,task_013::perturbed_0,perturbed_0,0,977,1.0,1.0,1.0,1.0970000002998859,0.007327500000000001
MCP,300,3,task_013::perturbed_0,perturbed_0,0,21134,1.0,0.0,0.5,1.4315000007627532,0.158505
SYNAPSE,300,3,task_013::perturbed_1,perturbed_1,0,977,1.0,1.0,1.0,0.8520999981556088,0.007327500000000001
MCP,300,3,task_013::perturbed_1,perturbed_1,0,21134,1.0,0.0,0.5,1.6407999937655404,0.158505
SYNAPSE,300,3,task_014::clean,clean,1,1003,1.0,1.0,1.0,1.197000005049631,0.0075225000000000005
MCP,300,3,task_014::clean,clean,1,21134,1.0,1.0,1.0,1.6789000073913485,0.158505
SYNAPSE,300,3,task_014::perturbed_0,perturbed_0,1,1003,1.0,1.0,1.0,1.7684000049484894,0.0075225000000000005
MCP,300,3,task_014::perturbed_0,perturbed_0,1,21134,1.0,1.0,1.0,2.0093999919481575,0.158505
SYNAPSE,300,3,task_014::perturbed_1,perturbed_1,0,1005,1.0,1.0,1.0,1.3811999961035326,0.007537500000000001
MCP,300,3,task_014::perturbed_1,perturbed_1,0,21134,1.0,0.0,0.2,2.394600000116043,0.158505
SYNAPSE,300,3,task_015::clean,clean,1,980,1.0,1.0,1.0,2.191099993069656,0.007350000000000001
MCP,300,3,task_015::clean,clean,1,21134,1.0,1.0,1.0,1.7843999958131462,0.158505
SYNAPSE,300,3,task_015::perturbed_0,perturbed_0,1,983,1.0,1.0,1.0,1.1489000025903806,0.007372500000000001
MCP,300,3,task_015::perturbed_0,perturbed_0,1,21134,1.0,0.0,0.5,1.598200004082173,0.158505
SYNAPSE,300,3,task_015::perturbed_1,perturbed_1,1,984,1.0,1.0,1.0,1.160100000561215,0.00738
MCP,300,3,task_015::perturbed_1,perturbed_1,1,21134,1.0,0.0,0.5,1.643399999011308,0.158505
SYNAPSE,300,3,task_016::clean,clean,1,992,1.0,1.0,1.0,1.342899995506741,0.00744
MCP,300,3,task_016::clean,clean,1,21134,1.0,1.0,1.0,1.6525999963050708,0.158505
SYNAPSE,300,3,task_016::perturbed_0,perturbed_0,1,992,1.0,1.0,1.0,1.2848000042140484,0.00744
MCP,300,3,task_016::perturbed_0,perturbed_0,1,21134,1.0,1.0,1.0,1.6169000009540468,0.158505
SYNAPSE,300,3,task_016::perturbed_1,perturbed_1,1,992,1.0,1.0,1.0,1.2194000009912997,0.00744
MCP,300,3,task_016::perturbed_1,perturbed_1,1,21134,1.0,0.0,0.5,1.6899000038392842,0.158505
SYNAPSE,300,3,task_017::clean,clean,1,982,1.0,1.0,1.0,1.3398000010056421,0.007365000000000001
MCP,300,3,task_017::clean,clean,1,21134,1.0,1.0,1.0,1.6829000087454915,0.158505
SYNAPSE,300,3,task_017::perturbed_0,perturbed_0,0,986,1.0,1.0,1.0,1.1472999904071912,0.0073950000000000005
MCP,300,3,task_017::perturbed_0,perturbed_0,0,21134,1.0,0.0,0.3333333333333333,1.568399995448999,0.158505
SYNAPSE,300,3,task_017::perturbed_1,perturbed_1,1,983,1.0,1.0,1.0,1.283499994315207,0.007372500000000001
MCP,300,3,task_017::perturbed_1,perturbed_1,1,21134,1.0,0.0,0.25,1.9194999913452193,0.158505
SYNAPSE,300,3,task_018::clean,clean,1,975,1.0,1.0,1.0,1.3152000028640032,0.0073125
MCP,300,3,task_018::clean,clean,1,21134,1.0,1.0,1.0,1.699100001133047,0.158505
SYNAPSE,300,3,task_018::perturbed_0,perturbed_0,1,679,0.0,0.0,0.0,1.5057000127853826,0.005092500000000001
MCP,300,3,task_018::perturbed_0,perturbed_0,1,21134,1.0,0.0,0.5,1.6868999955477193,0.158505
SYNAPSE,300,3,task_018::perturbed_1,perturbed_1,1,975,1.0,1.0,1.0,1.0751000081654638,0.0073125
MCP,300,3,task_018::perturbed_1,perturbed_1,1,21134,1.0,1.0,1.0,1.6852999979164451,0.158505
SYNAPSE,300,3,task_019::clean,clean,1,971,1.0,1.0,1.0,1.1817000049632043,0.007282500000000001
MCP,300,3,task_019::clean,clean,1,21134,1.0,1.0,1.0,1.7300999897997826,0.158505
SYNAPSE,300,3,task_019::perturbed_0,perturbed_0,1,679,0.0,0.0,0.0,1.669200006290339,0.005092500000000001
MCP,300,3,task_019::perturbed_0,perturbed_0,1,21134,1.0,0.0,0.25,2.0339000038802624,0.158505
SYNAPSE,300,3,task_019::perturbed_1,perturbed_1,1,967,1.0,1.0,1.0,1.14900000335183,0.0072525
MCP,300,3,task_019::perturbed_1,perturbed_1,1,21134,1.0,1.0,1.0,1.7659000004641712,0.158505
SYNAPSE,300,3,task_020::clean,clean,1,996,1.0,1.0,1.0,1.360700000077486,0.007470000000000001
MCP,300,3,task_020::clean,clean,1,21134,1.0,1.0,1.0,2.1004000009270385,0.158505
SYNAPSE,300,3,task_020::perturbed_0,perturbed_0,1,996,1.0,1.0,1.0,1.421599998138845,0.007470000000000001
MCP,300,3,task_020::perturbed_0,perturbed_0,1,21134,1.0,1.0,1.0,2.3053999902913347,0.158505
SYNAPSE,300,3,task_020::perturbed_1,perturbed_1,0,988,1.0,1.0,1.0,1.5391999913845211,0.007410000000000001
MCP,300,3,task_020::perturbed_1,perturbed_1,0,21134,1.0,0.0,0.5,2.179599992814474,0.158505
SYNAPSE,300,3,task_021::clean,clean,1,983,1.0,1.0,1.0,1.695099999778904,0.007372500000000001
MCP,300,3,task_021::clean,clean,1,21134,1.0,1.0,1.0,2.0896000060020015,0.158505
SYNAPSE,300,3,task_021::perturbed_0,perturbed_0,0,983,1.0,1.0,1.0,1.1951000051340088,0.007372500000000001
MCP,300,3,task_021::perturbed_0,perturbed_0,0,21134,1.0,0.0,0.2,1.7786999960662797,0.158505
SYNAPSE,300,3,task_021::perturbed_1,perturbed_1,1,983,1.0,1.0,1.0,1.2882000009994954,0.007372500000000001
MCP,300,3,task_021::perturbed_1,perturbed_1,1,21134,1.0,1.0,1.0,1.7014000040944666,0.158505
SYNAPSE,300,3,task_022::clean,clean,1,956,1.0,1.0,1.0,1.1040999961551279,0.00717
MCP,300,3,task_022::clean,clean,1,21134,1.0,1.0,1.0,1.778799996827729,0.158505
SYNAPSE,300,3,task_022::perturbed_0,perturbed_0,0,679,0.0,0.0,0.0,1.1061999975936487,0.005092500000000001
MCP,300,3,task_022::perturbed_0,perturbed_0,0,21134,1.0,0.0,0.2,1.6217000083997846,0.158505
SYNAPSE,300,3,task_022::perturbed_1,perturbed_1,1,954,1.0,0.0,0.3333333333333333,1.0442000057082623,0.007155000000000001
MCP,300,3,task_022::perturbed_1,perturbed_1,1,21134,1.0,0.0,0.14285714285714285,1.7764000076567754,0.158505
SYNAPSE,300,3,task_023::clean,clean,1,975,1.0,1.0,1.0,1.1464999988675117,0.0073125
MCP,300,3,task_023::clean,clean,1,21134,1.0,1.0,1.0,1.5955999988364056,0.158505
SYNAPSE,300,3,task_023::perturbed_0,perturbed_0,0,679,0.0,0.0,0.0,1.1636999988695607,0.005092500000000001
MCP,300,3,task_023::perturbed_0,perturbed_0,0,21134,1.0,0.0,0.3333333333333333,1.564099991810508,0.158505
SYNAPSE,300,3,task_023::perturbed_1,perturbed_1,0,976,1.0,1.0,1.0,2.268199998070486,0.007320000000000001
MCP,300,3,task_023::perturbed_1,perturbed_1,0,21134,1.0,1.0,1.0,1.954700011992827,0.158505
SYNAPSE,300,3,task_024::clean,clean,1,967,1.0,1.0,1.0,1.3771999947493896,0.0072525
MCP,300,3,task_024::clean,clean,1,21134,1.0,1.0,1.0,1.6818000003695488,0.158505
SYNAPSE,300,3,task_024::perturbed_0,perturbed_0,0,969,1.0,1.0,1.0,1.188399997772649,0.0072675000000000005
MCP,300,3,task_024::perturbed_0,perturbed_0,0,21134,1.0,1.0,1.0,1.5279999934136868,0.158505
SYNAPSE,300,3,task_024::perturbed_1,perturbed_1,1,967,1.0,1.0,1.0,1.073699997505173,0.0072525
MCP,300,3,task_024::perturbed_1,perturbed_1,1,21134,1.0,1.0,1.0,1.6883999924175441,0.158505
SYNAPSE,300,3,task_025::clean,clean,1,988,1.0,1.0,1.0,1.055800006724894,0.007410000000000001
MCP,300,3,task_025::clean,clean,1,21134,1.0,1.0,1.0,2.190100000007078,0.158505
SYNAPSE,300,3,task_025::perturbed_0,perturbed_0,1,679,0.0,0.0,0.0,1.4929000026313588,0.005092500000000001
MCP,300,3,task_025::perturbed_0,perturbed_0,1,21134,1.0,0.0,0.3333333333333333,1.636000000871718,0.158505
SYNAPSE,300,3,task_025::perturbed_1,perturbed_1,1,989,1.0,1.0,1.0,1.028799990308471,0.0074175000000000005
MCP,300,3,task_025::perturbed_1,perturbed_1,1,21134,1.0,0.0,0.5,1.6730999923311174,0.158505
SYNAPSE,300,3,task_026::clean,clean,1,1004,1.0,1.0,1.0,1.2796000082744285,0.00753
MCP,300,3,task_026::clean,clean,1,21134,1.0,1.0,1.0,2.34910000290256,0.158505
SYNAPSE,300,3,task_026::perturbed_0,perturbed_0,1,1004,1.0,1.0,1.0,1.6757999983383343,0.00753
MCP,300,3,task_026::perturbed_0,perturbed_0,1,21134,1.0,0.0,0.25,2.2176999918883666,0.158505
SYNAPSE,300,3,task_026::perturbed_1,perturbed_1,0,1010,1.0,0.0,0.5,1.4646000054199249,0.007575000000000001
MCP,300,3,task_026::perturbed_1,perturbed_1,0,21134,1.0,0.0,0.2,2.072299990686588,0.158505
SYNAPSE,300,3,task_027::clean,clean,1,962,1.0,1.0,1.0,1.7248000076506287,0.007215000000000001
MCP,300,3,task_027::clean,clean,1,21134,1.0,0.0,0.5,2.0435000042198226,0.158505
SYNAPSE,300,3,task_027::perturbed_0,perturbed_0,1,956,1.0,0.0,0.3333333333333333,1.828599997679703,0.00717
MCP,300,3,task_027::perturbed_0,perturbed_0,1,21134,0.0,0.0,0.0,2.056199999060482,0.158505
SYNAPSE,300,3,task_027::perturbed_1,perturbed_1,1,679,0.0,0.0,0.0,1.4189999928930774,0.005092500000000001
MCP,300,3,task_027::perturbed_1,perturbed_1,1,21134,1.0,0.0,0.125,1.9924999942304567,0.158505
SYNAPSE,300,3,task_028::clean,clean,1,969,1.0,1.0,1.0,1.6187000001082197,0.0072675000000000005
MCP,300,3,task_028::clean,clean,1,21134,1.0,1.0,1.0,2.084599997033365,0.158505
SYNAPSE,300,3,task_028::perturbed_0,perturbed_0,0,679,0.0,0.0,0.0,1.748599999700673,0.005092500000000001
MCP,300,3,task_028::perturbed_0,perturbed_0,0,21134,1.0,0.0,0.5,1.9460999901639298,0.158505
SYNAPSE,300,3,task_028::perturbed_1,perturbed_1,0,960,1.0,1.0,1.0,5.684000003384426,0.007200000000000001
MCP,300,3,task_028::perturbed_1,perturbed_1,0,21134,1.0,0.0,0.5,2.340299994102679,0.158505
SYNAPSE,300,3,task_029::clean,clean,1,984,1.0,1.0,1.0,1.4642999885836616,0.00738
MCP,300,3,task_029::clean,clean,1,21134,1.0,1.0,1.0,1.7649999936111271,0.158505
SYNAPSE,300,3,task_029::perturbed_0,perturbed_0,1,679,0.0,0.0,0.0,1.27420001081191,0.005092500000000001
MCP,300,3,task_029::perturbed_0,perturbed_0,1,21134,1.0,0.0,0.25,1.749599992763251,0.158505
SYNAPSE,300,3,task_029::perturbed_1,perturbed_1,0,978,1.0,1.0,1.0,1.192399999126792,0.007335
MCP,300,3,task_029::perturbed_1,perturbed_1,0,21134,1.0,0.0,0.25,2.0851000008406118,0.158505
SYNAPSE,300,4,task_000::clean,clean,1,999,1.0,1.0,1.0,1.6318999987561256,0.007492500000000001
MCP,300,4,task_000::clean,clean,1,21075,1.0,0.0,0.5,1.6898000030778348,0.15806250000000002
SYNAPSE,300,4,task_000::perturbed_0,perturbed_0,0,998,1.0,1.0,1.0,1.2390999909257516,0.007485
MCP,300,4,task_000::perturbed_0,perturbed_0,0,21075,1.0,0.0,0.25,1.6106999973999336,0.15806250000000002
SYNAPSE,300,4,task_000::perturbed_1,perturbed_1,1,999,1.0,1.0,1.0,1.219199999468401,0.007492500000000001
MCP,300,4,task_000::perturbed_1,perturbed_1,1,21075,1.0,0.0,0.5,2.026400004979223,0.15806250000000002
SYNAPSE,300,4,task_001::clean,clean,1,985,1.0,1.0,1.0,2.292799996212125,0.007387500000000001
MCP,300,4,task_001::clean,clean,1,21075,1.0,0.0,0.5,2.1998000011080876,0.15806250000000002
SYNAPSE,300,4,task_001::perturbed_0,perturbed_0,1,988,1.0,0.0,0.5,1.99199999042321,0.007410000000000001
MCP,300,4,task_001::perturbed_0,perturbed_0,1,21075,1.0,0.0,0.3333333333333333,2.6033000031020492,0.15806250000000002
SYNAPSE,300,4,task_001::perturbed_1,perturbed_1,1,988,1.0,1.0,1.0,1.8216000025859103,0.007410000000000001
MCP,300,4,task_001::perturbed_1,perturbed_1,1,21075,1.0,1.0,1.0,3.407799988053739,0.15806250000000002
SYNAPSE,300,4,task_002::clean,clean,1,972,1.0,1.0,1.0,1.3552999880630523,0.0072900000000000005
MCP,300,4,task_002::clean,clean,1,21075,1.0,1.0,1.0,1.843600010033697,0.15806250000000002
SYNAPSE,300,4,task_002::perturbed_0,perturbed_0,0,970,1.0,1.0,1.0,1.4278000016929582,0.007275
MCP,300,4,task_002::perturbed_0,perturbed_0,0,21075,1.0,1.0,1.0,1.8383000133326277,0.15806250000000002
SYNAPSE,300,4,task_002::perturbed_1,perturbed_1,0,970,1.0,1.0,1.0,1.5488000062759966,0.007275
MCP,300,4,task_002::perturbed_1,perturbed_1,0,21075,1.0,1.0,1.0,1.9489999976940453,0.15806250000000002
SYNAPSE,300,4,task_003::clean,clean,1,970,1.0,1.0,1.0,1.299499999731779,0.007275
MCP,300,4,task_003::clean,clean,1,21075,1.0,1.0,1.0,1.971600009710528,0.15806250000000002
SYNAPSE,300,4,task_003::perturbed_0,perturbed_0,1,963,1.0,1.0,1.0,1.4014000043971464,0.007222500000000001
MCP,300,4,task_003::perturbed_0,perturbed_0,1,21075,1.0,1.0,1.0,1.913200001581572,0.15806250000000002
SYNAPSE,300,4,task_003::perturbed_1,perturbed_1,1,970,1.0,1.0,1.0,1.3336999982129782,0.007275
MCP,300,4,task_003::perturbed_1,perturbed_1,1,21075,1.0,1.0,1.0,1.9836999999824911,0.15806250000000002
SYNAPSE,300,4,task_004::clean,clean,1,961,1.0,1.0,1.0,1.366599986795336,0.0072075
MCP,300,4,task_004::clean,clean,1,21075,1.0,1.0,1.0,1.8085999909089878,0.15806250000000002
SYNAPSE,300,4,task_004::perturbed_0,perturbed_0,0,958,1.0,1.0,1.0,1.0586999997030944,0.007185
MCP,300,4,task_004::perturbed_0,perturbed_0,0,21075,1.0,1.0,1.0,1.5896000113571063,0.15806250000000002
SYNAPSE,300,4,task_004::perturbed_1,perturbed_1,1,960,1.0,1.0,1.0,1.0755999974207953,0.007200000000000001
MCP,300,4,task_004::perturbed_1,perturbed_1,1,21075,1.0,1.0,1.0,1.604000004590489,0.15806250000000002
SYNAPSE,300,4,task_005::clean,clean,1,993,1.0,1.0,1.0,1.2883999879704788,0.007447500000000001
MCP,300,4,task_005::clean,clean,1,21075,1.0,1.0,1.0,1.6641000111121684,0.15806250000000002
SYNAPSE,300,4,task_005::perturbed_0,perturbed_0,0,988,1.0,0.0,0.5,1.174299992271699,0.007410000000000001
MCP,300,4,task_005::perturbed_0,perturbed_0,0,21075,1.0,0.0,0.16666666666666666,1.5827000024728477,0.15806250000000002
SYNAPSE,300,4,task_005::perturbed_1,perturbed_1,0,993,1.0,1.0,1.0,1.160100000561215,0.007447500000000001
MCP,300,4,task_005::perturbed_1,perturbed_1,0,21075,1.0,1.0,1.0,1.5564000059384853,0.15806250000000002
SYNAPSE,300,4,task_006::clean,clean,1,991,1.0,1.0,1.0,1.032100000884384,0.007432500000000001
MCP,300,4,task_006::clean,clean,1,21075,1.0,1.0,1.0,1.6619999951217324,0.15806250000000002
SYNAPSE,300,4,task_006::perturbed_0,perturbed_0,1,993,1.0,0.0,0.5,1.0257999965688214,0.007447500000000001
MCP,300,4,task_006::perturbed_0,perturbed_0,1,21075,1.0,0.0,0.5,1.6889999969862401,0.15806250000000002
SYNAPSE,300,4,task_006::perturbed_1,perturbed_1,1,993,1.0,0.0,0.5,1.0160000092582777,0.007447500000000001
MCP,300,4,task_006::perturbed_1,perturbed_1,1,21075,1.0,0.0,0.2,1.6485000087413937,0.15806250000000002
SYNAPSE,300,4,task_007::clean,clean,1,954,1.0,1.0,1.0,1.1494999926071614,0.007155000000000001
MCP,300,4,task_007::clean,clean,1,21075,1.0,1.0,1.0,1.5822999994270504,0.15806250000000002
SYNAPSE,300,4,task_007::perturbed_0,perturbed_0,0,679,0.0,0.0,0.0,1.065999997081235,0.005092500000000001
MCP,300,4,task_007::perturbed_0,perturbed_0,0,21075,1.0,0.0,0.25,1.555399998323992,0.15806250000000002
SYNAPSE,300,4,task_007::perturbed_1,perturbed_1,1,954,1.0,1.0,1.0,1.0457999887876213,0.007155000000000001
MCP,300,4,task_007::perturbed_1,perturbed_1,1,21075,1.0,1.0,1.0,1.644099989789538,0.15806250000000002
SYNAPSE,300,4,task_008::clean,clean,1,973,1.0,1.0,1.0,1.2162000057287514,0.0072975
MCP,300,4,task_008::clean,clean,1,21075,1.0,1.0,1.0,1.6518000047653913,0.15806250000000002
SYNAPSE,300,4,task_008::perturbed_0,perturbed_0,0,974,1.0,0.0,0.16666666666666666,1.2684999965131283,0.007305000000000001
MCP,300,4,task_008::perturbed_0,perturbed_0,0,21075,1.0,0.0,0.125,1.6273999935947359,0.15806250000000002
SYNAPSE,300,4,task_008::perturbed_1,perturbed_1,1,979,1.0,1.0,1.0,1.2978000013390556,0.007342500000000001
MCP,300,4,task_008::perturbed_1,perturbed_1,1,21075,1.0,1.0,1.0,1.6959000058704987,0.15806250000000002
SYNAPSE,300,4,task_009::clean,clean,1,965,1.0,1.0,1.0,1.2573999993037432,0.007237500000000001
MCP,300,4,task_009::clean,clean,1,21075,1.0,1.0,1.0,1.6684000001987442,0.15806250000000002
SYNAPSE,300,4,task_009::perturbed_0,perturbed_0,0,969,1.0,1.0,1.0,1.1418999929446727,0.0072675000000000005
MCP,300,4,task_009::perturbed_0,perturbed_0,0,21075,1.0,1.0,1.0,2.0776000019395724,0.15806250000000002
SYNAPSE,300,4,task_009::perturbed_1,perturbed_1,1,679,0.0,0.0,0.0,1.4420999941648915,0.005092500000000001
MCP,300,4,task_009::perturbed_1,perturbed_1,1,21075,1.0,0.0,0.5,1.8940999871119857,0.15806250000000002
SYNAPSE,300,4,task_010::clean,clean,1,983,1.0,1.0,1.0,2.047600006335415,0.007372500000000001
MCP,300,4,task_010::clean,clean,1,21075,1.0,1.0,1.0,1.8878000119002536,0.15806250000000002
SYNAPSE,300,4,task_010::perturbed_0,perturbed_0,0,679,0.0,0.0,0.0,1.2953999976161867,0.005092500000000001
MCP,300,4,task_010::perturbed_0,perturbed_0,0,21075,1.0,0.0,0.3333333333333333,1.579700008733198,0.15806250000000002
SYNAPSE,300,4,task_010::perturbed_1,perturbed_1,1,983,1.0,1.0,1.0,1.079499998013489,0.007372500000000001
MCP,300,4,task_010::perturbed_1,perturbed_1,1,21075,1.0,0.0,0.5,1.6696999955456704,0.15806250000000002
SYNAPSE,300,4,task_011::clean,clean,1,983,1.0,1.0,1.0,2.0809999987250194,0.007372500000000001
MCP,300,4,task_011::clean,clean,1,21075,1.0,1.0,1.0,2.4080000002868474,0.15806250000000002
SYNAPSE,300,4,task_011::perturbed_0,perturbed_0,0,987,1.0,0.0,0.5,1.9457000016700476,0.0074025
MCP,300,4,task_011::perturbed_0,perturbed_0,0,21075,1.0,0.0,0.3333333333333333,2.294999998412095,0.15806250000000002
SYNAPSE,300,4,task_011::perturbed_1,perturbed_1,1,986,1.0,0.0,0.5,1.5459999995073304,0.0073950000000000005
MCP,300,4,task_011::perturbed_1,perturbed_1,1,21075,1.0,0.0,0.5,2.244200004497543,0.15806250000000002
SYNAPSE,300,4,task_012::clean,clean,1,980,1.0,1.0,1.0,1.6447999951196834,0.007350000000000001
MCP,300,4,task_012::clean,clean,1,21075,1.0,1.0,1.0,2.468100006808527,0.15806250000000002
SYNAPSE,300,4,task_012::perturbed_0,perturbed_0,0,976,1.0,1.0,1.0,1.5787000011187047,0.007320000000000001
MCP,300,4,task_012::perturbed_0,perturbed_0,0,21075,1.0,0.0,0.2,2.4788000009721145,0.15806250000000002
SYNAPSE,300,4,task_012::perturbed_1,perturbed_1,1,980,1.0,1.0,1.0,1.701200002571568,0.007350000000000001
MCP,300,4,task_012::perturbed_1,perturbed_1,1,21075,1.0,1.0,1.0,2.4357999936910346,0.15806250000000002
SYNAPSE,300,4,task_013::clean,clean,1,985,1.0,1.0,1.0,1.7604000022402033,0.007387500000000001
MCP,300,4,task_013::clean,clean,1,21075,1.0,1.0,1.0,2.3896000056993216,0.15806250000000002
SYNAPSE,300,4,task_013::perturbed_0,perturbed_0,0,679,0.0,0.0,0.0,1.5981000033207238,0.005092500000000001
MCP,300,4,task_013::perturbed_0,perturbed_0,0,21075,0.0,0.0,0.0,1.91199999244418,0.15806250000000002
SYNAPSE,300,4,task_013::perturbed_1,perturbed_1,1,977,1.0,1.0,1.0,1.6673999925842509,0.007327500000000001
MCP,300,4,task_013::perturbed_1,perturbed_1,1,21075,1.0,0.0,0.25,1.7147000035038218,0.15806250000000002
SYNAPSE,300,4,task_014::clean,clean,1,994,1.0,1.0,1.0,1.1989999911747873,0.007455000000000001
MCP,300,4,task_014::clean,clean,1,21075,1.0,1.0,1.0,1.8832999921869487,0.15806250000000002
SYNAPSE,300,4,task_014::perturbed_0,perturbed_0,1,998,1.0,1.0,1.0,1.1743999930331483,0.007485
MCP,300,4,task_014::perturbed_0,perturbed_0,1,21075,1.0,0.0,0.5,1.8161000043619424,0.15806250000000002
SYNAPSE,300,4,task_014::perturbed_1,perturbed_1,1,995,1.0,1.0,1.0,1.5518000000156462,0.0074625
MCP,300,4,task_014::perturbed_1,perturbed_1,1,21075,1.0,0.0,0.5,1.7159000126412138,0.15806250000000002
SYNAPSE,300,4,task_015::clean,clean,1,993,1.0,1.0,1.0,1.1709000100381672,0.007447500000000001
MCP,300,4,task_015::clean,clean,1,21075,1.0,1.0,1.0,2.1403999999165535,0.15806250000000002
SYNAPSE,300,4,task_015::perturbed_0,perturbed_0,1,993,1.0,1.0,1.0,1.386200005072169,0.007447500000000001
MCP,300,4,task_015::perturbed_0,perturbed_0,1,21075,1.0,1.0,1.0,2.214000007370487,0.15806250000000002
SYNAPSE,300,4,task_015::perturbed_1,perturbed_1,1,993,1.0,1.0,1.0,1.8284999969182536,0.007447500000000001
MCP,300,4,task_015::perturbed_1,perturbed_1,1,21075,1.0,1.0,1.0,2.18239999958314,0.15806250000000002
SYNAPSE,300,4,task_016::clean,clean,1,987,1.0,1.0,1.0,2.3816000029910356,0.0074025
MCP,300,4,task_016::clean,clean,1,21075,1.0,1.0,1.0,2.096600001095794,0.15806250000000002
SYNAPSE,300,4,task_016::perturbed_0,perturbed_0,0,990,1.0,0.0,0.5,1.2903000024380162,0.007425
MCP,300,4,task_016::perturbed_0,perturbed_0,0,21075,1.0,0.0,0.5,2.1712000016123056,0.15806250000000002
SYNAPSE,300,4,task_016::perturbed_1,perturbed_1,1,987,1.0,1.0,1.0,1.545899998745881,0.0074025
MCP,300,4,task_016::perturbed_1,perturbed_1,1,21075,1.0,1.0,1.0,2.195599998231046,0.15806250000000002
SYNAPSE,300,4,task_017::clean,clean,1,987,1.0,1.0,1.0,2.2040000039851293,0.0074025
MCP,300,4,task_017::clean,clean,1,21075,1.0,1.0,1.0,2.1302999957697466,0.15806250000000002
SYNAPSE,300,4,task_017::perturbed_0,perturbed_0,0,984,1.0,1.0,1.0,1.4697000005980954,0.00738
MCP,300,4,task_017::perturbed_0,perturbed_0,0,21075,1.0,1.0,1.0,2.2084000083850697,0.15806250000000002
SYNAPSE,300,4,task_017::perturbed_1,perturbed_1,1,989,1.0,1.0,1.0,2.1612999989883974,0.0074175000000000005
MCP,300,4,task_017::perturbed_1,perturbed_1,1,21075,1.0,0.0,0.5,2.1810999896842986,0.15806250000000002
SYNAPSE,300,4,task_018::clean,clean,1,954,1.0,1.0,1.0,1.6725000023143366,0.007155000000000001
MCP,300,4,task_018::clean,clean,1,21075,1.0,1.0,1.0,2.2523000079672784,0.15806250000000002
SYNAPSE,300,4,task_018::perturbed_0,perturbed_0,1,956,1.0,1.0,1.0,1.684300004853867,0.00717
MCP,300,4,task_018::perturbed_0,perturbed_0,1,21075,1.0,0.0,0.5,1.975900013349019,0.15806250000000002
SYNAPSE,300,4,task_018::perturbed_1,perturbed_1,1,954,1.0,1.0,1.0,1.1652000102913007,0.007155000000000001
MCP,300,4,task_018::perturbed_1,perturbed_1,1,21075,1.0,1.0,1.0,1.6349000070476905,0.15806250000000002
SYNAPSE,300,4,task_019::clean,clean,1,963,1.0,1.0,1.0,1.1662000033538789,0.007222500000000001
MCP,300,4,task_019::clean,clean,1,21075,1.0,1.0,1.0,1.860000003944151,0.15806250000000002
SYNAPSE,300,4,task_019::perturbed_0,perturbed_0,1,961,1.0,1.0,1.0,1.2359999964246526,0.0072075
MCP,300,4,task_019::perturbed_0,perturbed_0,1,21075,1.0,1.0,1.0,1.7066000000340864,0.15806250000000002
SYNAPSE,300,4,task_019::perturbed_1,perturbed_1,1,966,1.0,1.0,1.0,1.1176999978488311,0.007245000000000001
MCP,300,4,task_019::perturbed_1,perturbed_1,1,21075,1.0,1.0,1.0,1.6734000091673806,0.15806250000000002
SYNAPSE,300,4,task_020::clean,clean,1,996,1.0,1.0,1.0,1.2820999982068315,0.007470000000000001
MCP,300,4,task_020::clean,clean,1,21075,1.0,1.0,1.0,1.9281999993836507,0.15806250000000002
SYNAPSE,300,4,task_020::perturbed_0,perturbed_0,0,996,1.0,1.0,1.0,1.5368000022135675,0.007470000000000001
MCP,300,4,task_020::perturbed_0,perturbed_0,0,21075,1.0,1.0,1.0,1.7251999961445108,0.15806250000000002
SYNAPSE,300,4,task_020::perturbed_1,perturbed_1,0,996,1.0,1.0,1.0,1.2146000080974773,0.007470000000000001
MCP,300,4,task_020::perturbed_1,perturbed_1,0,21075,1.0,1.0,1.0,1.8189999973401427,0.15806250000000002
SYNAPSE,300,4,task_021::clean,clean,1,985,1.0,1.0,1.0,1.3368999934755266,0.007387500000000001
MCP,300,4,task_021::clean,clean,1,21075,1.0,1.0,1.0,1.79569999454543,0.15806250000000002
SYNAPSE,300,4,task_021::perturbed_0,perturbed_0,1,985,1.0,1.0,1.0,1.0273000079905614,0.007387500000000001
MCP,300,4,task_021::perturbed_0,perturbed_0,1,21075,1.0,1.0,1.0,2.05939999432303,0.15806250000000002
SYNAPSE,300,4,task_021::perturbed_1,perturbed_1,1,985,1.0,1.0,1.0,1.2910000077681616,0.007387500000000001
MCP,300,4,task_021::perturbed_1,perturbed_1,1,21075,1.0,1.0,1.0,2.0246999920345843,0.15806250000000002
SYNAPSE,300,4,task_022::clean,clean,1,965,1.0,1.0,1.0,1.2891000078525394,0.007237500000000001
MCP,300,4,task_022::clean,clean,1,21075,1.0,1.0,1.0,2.0333000138634816,0.15806250000000002
SYNAPSE,300,4,task_022::perturbed_0,perturbed_0,0,961,1.0,1.0,1.0,1.2559000024339184,0.0072075
MCP,300,4,task_022::perturbed_0,perturbed_0,0,21075,1.0,1.0,1.0,1.8392999918432906,0.15806250000000002
SYNAPSE,300,4,task_022::perturbed_1,perturbed_1,1,966,1.0,1.0,1.0,1.5006000030552968,0.007245000000000001
MCP,300,4,task_022::perturbed_1,perturbed_1,1,21075,1.0,1.0,1.0,1.9346000044606626,0.15806250000000002
SYNAPSE,300,4,task_023::clean,clean,1,957,1.0,1.0,1.0,1.2457999982871115,0.007177500000000001
MCP,300,4,task_023::clean,clean,1,21075,1.0,0.0,0.5,1.864299993030727,0.15806250000000002
SYNAPSE,300,4,task_023::perturbed_0,perturbed_0,0,679,0.0,0.0,0.0,1.3585999986389652,0.005092500000000001
MCP,300,4,task_023::perturbed_0,perturbed_0,0,21075,1.0,0.0,0.3333333333333333,2.598999999463558,0.15806250000000002
SYNAPSE,300,4,task_023::perturbed_1,perturbed_1,1,961,1.0,1.0,1.0,2.0786999957636,0.0072075
MCP,300,4,task_023::perturbed_1,perturbed_1,1,21075,1.0,0.0,0.16666666666666666,2.363299994613044,0.15806250000000002
SYNAPSE,300,4,task_024::clean,clean,1,954,1.0,1.0,1.0,1.2374000070849434,0.007155000000000001
MCP,300,4,task_024::clean,clean,1,21075,1.0,1.0,1.0,1.704000009340234,0.15806250000000002
SYNAPSE,300,4,task_024::perturbed_0,perturbed_0,0,958,1.0,1.0,1.0,1.201000006403774,0.007185
MCP,300,4,task_024::perturbed_0,perturbed_0,0,21075,1.0,0.0,0.5,1.812600006815046,0.15806250000000002
SYNAPSE,300,4,task_024::perturbed_1,perturbed_1,1,960,1.0,1.0,1.0,1.3457000022754073,0.007200000000000001
MCP,300,4,task_024::perturbed_1,perturbed_1,1,21075,1.0,1.0,1.0,1.452399999834597,0.15806250000000002
SYNAPSE,300,4,task_025::clean,clean,1,993,1.0,1.0,1.0,1.0550000006332994,0.007447500000000001
MCP,300,4,task_025::clean,clean,1,21075,1.0,1.0,1.0,1.602499993168749,0.15806250000000002
SYNAPSE,300,4,task_025::perturbed_0,perturbed_0,0,990,1.0,1.0,1.0,1.1744999937945977,0.007425
MCP,300,4,task_025::perturbed_0,perturbed_0,0,21075,1.0,1.0,1.0,1.701800007140264,0.15806250000000002
SYNAPSE,300,4,task_025::perturbed_1,perturbed_1,1,993,1.0,1.0,1.0,1.1918999953195453,0.007447500000000001
MCP,300,4,task_025::perturbed_1,perturbed_1,1,21075,1.0,0.0,0.5,1.6980000073090196,0.15806250000000002
SYNAPSE,300,4,task_026::clean,clean,1,1005,1.0,1.0,1.0,1.304399993387051,0.007537500000000001
MCP,300,4,task_026::clean,clean,1,21075,1.0,1.0,1.0,1.8631999992066994,0.15806250000000002
SYNAPSE,300,4,task_026::perturbed_0,perturbed_0,1,1005,1.0,1.0,1.0,1.4168999914545566,0.007537500000000001
MCP,300,4,task_026::perturbed_0,perturbed_0,1,21075,1.0,1.0,1.0,2.4972999963210896,0.15806250000000002
SYNAPSE,300,4,task_026::perturbed_1,perturbed_1,1,1006,1.0,1.0,1.0,1.701200002571568,0.0075450000000000005
MCP,300,4,task_026::perturbed_1,perturbed_1,1,21075,1.0,1.0,1.0,1.85570000030566,0.15806250000000002
SYNAPSE,300,4,task_027::clean,clean,1,967,1.0,1.0,1.0,1.2762999976985157,0.0072525
MCP,300,4,task_027::clean,clean,1,21075,1.0,1.0,1.0,1.8378999957349151,0.15806250000000002
SYNAPSE,300,4,task_027::perturbed_0,perturbed_0,0,679,0.0,0.0,0.0,1.2189999979455024,0.005092500000000001
MCP,300,4,task_027::perturbed_0,perturbed_0,0,21075,1.0,0.0,0.125,1.7450999876018614,0.15806250000000002
SYNAPSE,300,4,task_027::perturbed_1,perturbed_1,1,679,0.0,0.0,0.0,1.2600999907590449,0.005092500000000001
MCP,300,4,task_027::perturbed_1,perturbed_1,1,21075,1.0,0.0,0.3333333333333333,1.7574000085005537,0.15806250000000002
SYNAPSE,300,4,task_028::clean,clean,1,967,1.0,1.0,1.0,1.2570999970193952,0.0072525
MCP,300,4,task_028::clean,clean,1,21075,1.0,1.0,1.0,1.701500004855916,0.15806250000000002
SYNAPSE,300,4,task_028::perturbed_0,perturbed_0,1,679,0.0,0.0,0.0,1.266599996597506,0.005092500000000001
MCP,300,4,task_028::perturbed_0,perturbed_0,1,21075,1.0,0.0,0.14285714285714285,3.635000000940636,0.15806250000000002
SYNAPSE,300,4,task_028::perturbed_1,perturbed_1,0,679,0.0,0.0,0.0,1.5188999968813732,0.005092500000000001
MCP,300,4,task_028::perturbed_1,perturbed_1,0,21075,1.0,0.0,0.16666666666666666,2.1610999974654987,0.15806250000000002
SYNAPSE,300,4,task_029::clean,clean,1,970,1.0,1.0,1.0,1.2993999989703298,0.007275
MCP,300,4,task_029::clean,clean,1,21075,1.0,1.0,1.0,1.7066000000340864,0.15806250000000002
SYNAPSE,300,4,task_029::perturbed_0,perturbed_0,1,970,1.0,1.0,1.0,1.1508000025060028,0.007275
MCP,300,4,task_029::perturbed_0,perturbed_0,1,21075,1.0,1.0,1.0,1.6465000080643222,0.15806250000000002
SYNAPSE,300,4,task_029::perturbed_1,perturbed_1,1,964,1.0,1.0,1.0,1.1405999975977466,0.00723
MCP,300,4,task_029::perturbed_1,perturbed_1,1,21075,1.0,0.0,0.16666666666666666,1.7265999922528863,0.15806250000000002
SYNAPSE,300,5,task_000::clean,clean,1,999,1.0,1.0,1.0,1.553500012960285,0.007492500000000001
MCP,300,5,task_000::clean,clean,1,21122,1.0,1.0,1.0,1.6456000012112781,0.158415
SYNAPSE,300,5,task_000::perturbed_0,perturbed_0,1,1004,1.0,1.0,1.0,1.2449999921955168,0.00753
MCP,300,5,task_000::perturbed_0,perturbed_0,1,21122,1.0,0.0,0.5,1.6169000009540468,0.158415
SYNAPSE,300,5,task_000::perturbed_1,perturbed_1,1,1004,1.0,1.0,1.0,1.3252000062493607,0.00753
MCP,300,5,task_000::perturbed_1,perturbed_1,1,21122,1.0,0.0,0.5,1.768600006471388,0.158415
SYNAPSE,300,5,task_001::clean,clean,1,991,1.0,1.0,1.0,1.163199995062314,0.007432500000000001
MCP,300,5,task_001::clean,clean,1,21122,1.0,1.0,1.0,1.6598000074736774,0.158415
SYNAPSE,300,5,task_001::perturbed_0,perturbed_0,1,995,1.0,0.0,0.5,1.0919000051217154,0.0074625
MCP,300,5,task_001::perturbed_0,perturbed_0,1,21122,1.0,0.0,0.5,1.7124000005424023,0.158415
SYNAPSE,300,5,task_001::perturbed_1,perturbed_1,1,991,1.0,1.0,1.0,1.3233000063337386,0.007432500000000001
MCP,300,5,task_001::perturbed_1,perturbed_1,1,21122,1.0,1.0,1.0,1.7337000026600435,0.158415
SYNAPSE,300,5,task_002::clean,clean,1,980,1.0,1.0,1.0,1.036799993016757,0.007350000000000001
MCP,300,5,task_002::clean,clean,1,21122,1.0,1.0,1.0,1.7911000031745061,0.158415
SYNAPSE,300,5,task_002::perturbed_0,perturbed_0,0,972,1.0,1.0,1.0,1.3026999949943274,0.0072900000000000005
MCP,300,5,task_002::perturbed_0,perturbed_0,0,21122,1.0,1.0,1.0,1.6637999942759052,0.158415
SYNAPSE,300,5,task_002::perturbed_1,perturbed_1,0,976,1.0,1.0,1.0,1.0547999991104007,0.007320000000000001
MCP,300,5,task_002::perturbed_1,perturbed_1,0,21122,1.0,1.0,1.0,1.5411999920615926,0.158415
SYNAPSE,300,5,task_003::clean,clean,1,960,1.0,1.0,1.0,1.5703999961260706,0.007200000000000001
MCP,300,5,task_003::clean,clean,1,21122,1.0,1.0,1.0,1.6654999926686287,0.158415
SYNAPSE,300,5,task_003::perturbed_0,perturbed_0,1,960,1.0,1.0,1.0,1.0318000131519511,0.007200000000000001
MCP,300,5,task_003::perturbed_0,perturbed_0,1,21122,1.0,1.0,1.0,1.3328000059118494,0.158415
SYNAPSE,300,5,task_003::perturbed_1,perturbed_1,1,958,1.0,1.0,1.0,0.9177000029012561,0.007185
MCP,300,5,task_003::perturbed_1,perturbed_1,1,21122,1.0,0.0,0.5,2.6437000051373616,0.158415
SYNAPSE,300,5,task_004::clean,clean,1,963,1.0,1.0,1.0,1.3615000061690807,0.007222500000000001
MCP,300,5,task_004::clean,clean,1,21122,1.0,1.0,1.0,2.673399998457171,0.158415
SYNAPSE,300,5,task_004::perturbed_0,perturbed_0,0,959,1.0,1.0,1.0,1.527700005681254,0.007192500000000001
MCP,300,5,task_004::perturbed_0,perturbed_0,0,21122,1.0,0.0,0.5,1.7164000018965453,0.158415
SYNAPSE,300,5,task_004::perturbed_1,perturbed_1,1,963,1.0,1.0,1.0,1.382200003718026,0.007222500000000001
MCP,300,5,task_004::perturbed_1,perturbed_1,1,21122,1.0,1.0,1.0,2.1109000081196427,0.158415
SYNAPSE,300,5,task_005::clean,clean,1,982,1.0,1.0,1.0,1.5561000036541373,0.007365000000000001
MCP,300,5,task_005::clean,clean,1,21122,1.0,1.0,1.0,2.05650000134483,0.158415
SYNAPSE,300,5,task_005::perturbed_0,perturbed_0,1,982,1.0,1.0,1.0,1.8811000045388937,0.007365000000000001
MCP,300,5,task_005::perturbed_0,perturbed_0,1,21122,1.0,1.0,1.0,2.2415999992517754,0.158415
SYNAPSE,300,5,task_005::perturbed_1,perturbed_1,1,983,1.0,1.0,1.0,2.0589000050676987,0.007372500000000001
MCP,300,5,task_005::perturbed_1,perturbed_1,1,21122,1.0,0.0,0.5,2.1587999945040792,0.158415
SYNAPSE,300,5,task_006::clean,clean,1,991,1.0,1.0,1.0,1.3005999935558066,0.007432500000000001
MCP,300,5,task_006::clean,clean,1,21122,1.0,1.0,1.0,2.095899995765649,0.158415
SYNAPSE,300,5,task_006::perturbed_0,perturbed_0,1,996,1.0,0.0,0.5,1.4534000074490905,0.007470000000000001
MCP,300,5,task_006::perturbed_0,perturbed_0,1,21122,1.0,0.0,0.5,2.196200002799742,0.158415
SYNAPSE,300,5,task_006::perturbed_1,perturbed_1,1,997,1.0,0.0,0.5,1.3094000023556873,0.007477500000000001
MCP,300,5,task_006::perturbed_1,perturbed_1,1,21122,1.0,0.0,0.5,2.1161000040592626,0.158415
SYNAPSE,300,5,task_007::clean,clean,1,958,1.0,1.0,1.0,1.2584999931277707,0.007185
MCP,300,5,task_007::clean,clean,1,21122,1.0,1.0,1.0,2.469099999871105,0.158415
SYNAPSE,300,5,task_007::perturbed_0,perturbed_0,0,957,1.0,1.0,1.0,1.2534999987110496,0.007177500000000001
MCP,300,5,task_007::perturbed_0,perturbed_0,0,21122,1.0,1.0,1.0,1.7746999947121367,0.158415
SYNAPSE,300,5,task_007::perturbed_1,perturbed_1,1,679,0.0,0.0,0.0,1.6093000012915581,0.005092500000000001
MCP,300,5,task_007::perturbed_1,perturbed_1,1,21122,1.0,0.0,0.16666666666666666,2.1966999920550734,0.158415
SYNAPSE,300,5,task_008::clean,clean,1,973,1.0,1.0,1.0,1.6536999901290983,0.0072975
MCP,300,5,task_008::clean,clean,1,21122,1.0,1.0,1.0,2.2145000111777335,0.158415
SYNAPSE,300,5,task_008::perturbed_0,perturbed_0,0,973,1.0,1.0,1.0,1.5767000004416332,0.0072975
MCP,300,5,task_008::perturbed_0,perturbed_0,0,21122,1.0,0.0,0.25,2.3204000026453286,0.158415
SYNAPSE,300,5,task_008::perturbed_1,perturbed_1,1,973,1.0,1.0,1.0,1.7288999952143058,0.0072975
MCP,300,5,task_008::perturbed_1,perturbed_1,1,21122,1.0,0.0,0.5,2.1936999983154237,0.158415
SYNAPSE,300,5,task_009::clean,clean,1,968,1.0,1.0,1.0,1.8848000036086887,0.007260000000000001
MCP,300,5,task_009::clean,clean,1,21122,1.0,1.0,1.0,2.2887000086484477,0.158415
SYNAPSE,300,5,task_009::perturbed_0,perturbed_0,1,967,1.0,1.0,1.0,2.0746000081999227,0.0072525
MCP,300,5,task_009::perturbed_0,perturbed_0,1,21122,1.0,1.0,1.0,2.474399996572174,0.158415
SYNAPSE,300,5,task_009::perturbed_1,perturbed_1,0,976,1.0,1.0,1.0,1.6321000002790242,0.007320000000000001
MCP,300,5,task_009::perturbed_1,perturbed_1,0,21122,1.0,0.0,0.25,2.682000005734153,0.158415
SYNAPSE,300,5,task_010::clean,clean,1,985,1.0,1.0,1.0,1.7144000012194738,0.007387500000000001
MCP,300,5,task_010::clean,clean,1,21122,1.0,1.0,1.0,2.3482999968109652,0.158415
SYNAPSE,300,5,task_010::perturbed_0,perturbed_0,1,987,1.0,1.0,1.0,1.6048999968916178,0.0074025
MCP,300,5,task_010::perturbed_0,perturbed_0,1,21122,1.0,1.0,1.0,2.366000000620261,0.158415
SYNAPSE,300,5,task_010::perturbed_1,perturbed_1,1,985,1.0,1.0,1.0,1.7265000060433522,0.007387500000000001
MCP,300,5,task_010::perturbed_1,perturbed_1,1,21122,1.0,1.0,1.0,2.4732000019866973,0.158415
SYNAPSE,300,5,task_011::clean,clean,1,983,1.0,1.0,1.0,1.639399997657165,0.007372500000000001
MCP,300,5,task_011::clean,clean,1,21122,1.0,1.0,1.0,2.1887000038987026,0.158415
SYNAPSE,300,5,task_011::perturbed_0,perturbed_0,0,986,1.0,0.0,0.5,1.3621999969473109,0.0073950000000000005
MCP,300,5,task_011::perturbed_0,perturbed_0,0,21122,1.0,0.0,0.25,2.2104999952716753,0.158415
SYNAPSE,300,5,task_011::perturbed_1,perturbed_1,0,983,1.0,1.0,1.0,1.554200003738515,0.007372500000000001
MCP,300,5,task_011::perturbed_1,perturbed_1,0,21122,1.0,1.0,1.0,2.2040000039851293,0.158415
SYNAPSE,300,5,task_012::clean,clean,1,981,1.0,1.0,1.0,1.596300004166551,0.0073575
MCP,300,5,task_012::clean,clean,1,21122,1.0,1.0,1.0,2.0314000139478594,0.158415
SYNAPSE,300,5,task_012::perturbed_0,perturbed_0,1,981,1.0,1.0,1.0,1.3820000021951273,0.0073575
MCP,300,5,task_012::perturbed_0,perturbed_0,1,21122,1.0,1.0,1.0,2.0549000037135556,0.158415
SYNAPSE,300,5,task_012::perturbed_1,perturbed_1,0,981,1.0,1.0,1.0,1.2782999983755872,0.0073575
MCP,300,5,task_012::perturbed_1,perturbed_1,0,21122,1.0,0.0,0.14285714285714285,2.9850999999325722,0.158415
SYNAPSE,300,5,task_013::clean,clean,1,975,1.0,1.0,1.0,1.8045000033453107,0.0073125
MCP,300,5,task_013::clean,clean,1,21122,1.0,1.0,1.0,3.340099996421486,0.158415
SYNAPSE,300,5,task_013::perturbed_0,perturbed_0,1,975,1.0,1.0,1.0,1.2970999960089102,0.0073125
MCP,300,5,task_013::perturbed_0,perturbed_0,1,21122,1.0,1.0,1.0,1.9437000009929761,0.158415
SYNAPSE,300,5,task_013::perturbed_1,perturbed_1,1,973,1.0,1.0,1.0,1.5140000032261014,0.0072975
MCP,300,5,task_013::perturbed_1,perturbed_1,1,21122,1.0,0.0,0.5,1.6810000088298693,0.158415
SYNAPSE,300,5,task_014::clean,clean,1,984,1.0,1.0,1.0,1.0558999929344282,0.00738
MCP,300,5,task_014::clean,clean,1,21122,1.0,1.0,1.0,1.6848999948706478,0.158415
SYNAPSE,300,5,task_014::perturbed_0,perturbed_0,0,984,1.0,1.0,1.0,1.06229999801144,0.00738
MCP,300,5,task_014::perturbed_0,perturbed_0,0,21122,1.0,1.0,1.0,1.5984000056050718,0.158415
SYNAPSE,300,5,task_014::perturbed_1,perturbed_1,1,984,1.0,1.0,1.0,1.0412000119686127,0.00738
MCP,300,5,task_014::perturbed_1,perturbed_1,1,21122,1.0,1.0,1.0,1.6724000015528873,0.158415
SYNAPSE,300,5,task_015::clean,clean,1,983,1.0,1.0,1.0,1.1488999880384654,0.007372500000000001
MCP,300,5,task_015::clean,clean,1,21122,1.0,1.0,1.0,1.6324000025633723,0.158415
SYNAPSE,300,5,task_015::perturbed_0,perturbed_0,0,978,1.0,1.0,1.0,1.0349999938625842,0.007335
MCP,300,5,task_015::perturbed_0,perturbed_0,0,21122,1.0,1.0,1.0,1.5914999967208132,0.158415
SYNAPSE,300,5,task_015::perturbed_1,perturbed_1,1,984,1.0,1.0,1.0,1.153099990915507,0.00738
MCP,300,5,task_015::perturbed_1,perturbed_1,1,21122,1.0,0.0,0.5,1.677299995208159,0.158415
SYNAPSE,300,5,task_016::clean,clean,1,991,1.0,1.0,1.0,1.186900000902824,0.007432500000000001
MCP,300,5,task_016::clean,clean,1,21122,1.0,1.0,1.0,1.6331999941030517,0.158415
SYNAPSE,300,5,task_016::perturbed_0,perturbed_0,1,994,1.0,0.0,0.5,1.0922999936155975,0.007455000000000001
MCP,300,5,task_016::perturbed_0,perturbed_0,1,21122,1.0,0.0,0.2,1.6684999864082783,0.158415
SYNAPSE,300,5,task_016::perturbed_1,perturbed_1,0,987,1.0,1.0,1.0,0.9864000021480024,0.0074025
MCP,300,5,task_016::perturbed_1,perturbed_1,0,21122,1.0,1.0,1.0,1.3784999900963157,0.158415
SYNAPSE,300,5,task_017::clean,clean,1,991,1.0,1.0,1.0,1.1478000087663531,0.007432500000000001
MCP,300,5,task_017::clean,clean,1,21122,1.0,1.0,1.0,1.626500001293607,0.158415
SYNAPSE,300,5,task_017::perturbed_0,perturbed_0,1,991,1.0,1.0,1.0,1.1928000021725893,0.007432500000000001
MCP,300,5,task_017::perturbed_0,perturbed_0,1,21122,1.0,1.0,1.0,1.636699991649948,0.158415
SYNAPSE,300,5,task_017::perturbed_1,perturbed_1,0,994,1.0,1.0,1.0,1.1534999939613044,0.007455000000000001
MCP,300,5,task_017::perturbed_1,perturbed_1,0,21122,1.0,0.0,0.5,1.7465999990236014,0.158415
SYNAPSE,300,5,task_018::clean,clean,1,956,1.0,1.0,1.0,1.1111000058008358,0.00717
MCP,300,5,task_018::clean,clean,1,21122,1.0,0.0,0.5,2.297500002896413,0.158415
SYNAPSE,300,5,task_018::perturbed_0,perturbed_0,0,954,1.0,1.0,1.0,1.4873000036459416,0.007155000000000001
MCP,300,5,task_018::perturbed_0,perturbed_0,0,21122,1.0,0.0,0.25,1.9548000127542764,0.158415
SYNAPSE,300,5,task_018::perturbed_1,perturbed_1,0,679,0.0,0.0,0.0,1.618199996300973,0.005092500000000001
MCP,300,5,task_018::perturbed_1,perturbed_1,0,21122,1.0,0.0,0.14285714285714285,2.492800005711615,0.158415
SYNAPSE,300,5,task_019::clean,clean,1,967,1.0,1.0,1.0,1.8273000023327768,0.0072525
MCP,300,5,task_019::clean,clean,1,21122,1.0,1.0,1.0,2.2669000027235597,0.158415
SYNAPSE,300,5,task_019::perturbed_0,perturbed_0,1,967,1.0,1.0,1.0,1.4634999970439821,0.0072525
MCP,300,5,task_019::perturbed_0,perturbed_0,1,21122,1.0,1.0,1.0,2.0583000004990026,0.158415
SYNAPSE,300,5,task_019::perturbed_1,perturbed_1,0,961,1.0,1.0,1.0,1.329000006080605,0.0072075
MCP,300,5,task_019::perturbed_1,perturbed_1,0,21122,1.0,0.0,0.5,1.8746999994618818,0.158415
SYNAPSE,300,5,task_020::clean,clean,1,980,1.0,1.0,1.0,1.3436000008368865,0.007350000000000001
MCP,300,5,task_020::clean,clean,1,21122,1.0,1.0,1.0,1.7312999989371747,0.158415
SYNAPSE,300,5,task_020::perturbed_0,perturbed_0,1,980,1.0,1.0,1.0,1.1667000071611255,0.007350000000000001
MCP,300,5,task_020::perturbed_0,perturbed_0,1,21122,1.0,1.0,1.0,1.6257999959634617,0.158415
SYNAPSE,300,5,task_020::perturbed_1,perturbed_1,0,679,0.0,0.0,0.0,1.2038999993819743,0.005092500000000001
MCP,300,5,task_020::perturbed_1,perturbed_1,0,21122,1.0,0.0,0.3333333333333333,1.6916000022320077,0.158415
SYNAPSE,300,5,task_021::clean,clean,1,990,1.0,1.0,1.0,1.1112999927718192,0.007425
MCP,300,5,task_021::clean,clean,1,21122,1.0,1.0,1.0,1.6993999888654798,0.158415
SYNAPSE,300,5,task_021::perturbed_0,perturbed_0,1,990,1.0,1.0,1.0,1.0046999959740788,0.007425
MCP,300,5,task_021::perturbed_0,perturbed_0,1,21122,1.0,1.0,1.0,1.6902000061236322,0.158415
SYNAPSE,300,5,task_021::perturbed_1,perturbed_1,1,988,1.0,0.0,0.5,1.2439999991329387,0.007410000000000001
MCP,300,5,task_021::perturbed_1,perturbed_1,1,21122,1.0,0.0,0.5,1.880299998447299,0.158415
SYNAPSE,300,5,task_022::clean,clean,1,954,1.0,1.0,1.0,1.1837000056402758,0.007155000000000001
MCP,300,5,task_022::clean,clean,1,21122,1.0,1.0,1.0,1.6178000078070909,0.158415
SYNAPSE,300,5,task_022::perturbed_0,perturbed_0,1,953,1.0,1.0,1.0,1.2706999987130985,0.0071475
MCP,300,5,task_022::perturbed_0,perturbed_0,1,21122,1.0,1.0,1.0,1.6361000016331673,0.158415
SYNAPSE,300,5,task_022::perturbed_1,perturbed_1,1,679,0.0,0.0,0.0,1.223200000822544,0.005092500000000001
MCP,300,5,task_022::perturbed_1,perturbed_1,1,21122,1.0,0.0,0.5,1.6314999957103282,0.158415
SYNAPSE,300,5,task_023::clean,clean,1,958,1.0,1.0,1.0,1.1037999938707799,0.007185
MCP,300,5,task_023::clean,clean,1,21122,1.0,1.0,1.0,1.6854999994393438,0.158415
SYNAPSE,300,5,task_023::perturbed_0,perturbed_0,0,679,0.0,0.0,0.0,1.4889000012772158,0.005092500000000001
MCP,300,5,task_023::perturbed_0,perturbed_0,0,21122,1.0,0.0,0.25,2.2776999976485968,0.158415
SYNAPSE,300,5,task_023::perturbed_1,perturbed_1,0,679,0.0,0.0,0.0,1.2275000044610351,0.005092500000000001
MCP,300,5,task_023::perturbed_1,perturbed_1,0,21122,1.0,0.0,0.25,1.6145999979926273,0.158415
SYNAPSE,300,5,task_024::clean,clean,1,967,1.0,1.0,1.0,1.2163000064902008,0.0072525
MCP,300,5,task_024::clean,clean,1,21122,1.0,1.0,1.0,1.6783999890321866,0.158415
SYNAPSE,300,5,task_024::perturbed_0,perturbed_0,1,967,1.0,1.0,1.0,1.1525000008987263,0.0072525
MCP,300,5,task_024::perturbed_0,perturbed_0,1,21122,1.0,1.0,1.0,1.8204000080004334,0.158415
SYNAPSE,300,5,task_024::perturbed_1,perturbed_1,0,679,0.0,0.0,0.0,1.2650999997276813,0.005092500000000001
MCP,300,5,task_024::perturbed_1,perturbed_1,0,21122,1.0,0.0,0.3333333333333333,1.7515999934403226,0.158415
SYNAPSE,300,5,task_025::clean,clean,1,988,1.0,1.0,1.0,1.1045999999623746,0.007410000000000001
MCP,300,5,task_025::clean,clean,1,21122,1.0,1.0,1.0,1.6768000059528276,0.158415
SYNAPSE,300,5,task_025::perturbed_0,perturbed_0,1,987,1.0,1.0,1.0,1.1771999998018146,0.0074025
MCP,300,5,task_025::perturbed_0,perturbed_0,1,21122,1.0,0.0,0.5,1.6182999970624223,0.158415
SYNAPSE,300,5,task_025::perturbed_1,perturbed_1,1,988,1.0,1.0,1.0,1.0751000081654638,0.007410000000000001
MCP,300,5,task_025::perturbed_1,perturbed_1,1,21122,1.0,1.0,1.0,1.711999997496605,0.158415
SYNAPSE,300,5,task_026::clean,clean,1,1008,1.0,1.0,1.0,1.219199999468401,0.007560000000000001
MCP,300,5,task_026::clean,clean,1,21122,1.0,1.0,1.0,1.6905999946175143,0.158415
SYNAPSE,300,5,task_026::perturbed_0,perturbed_0,0,1011,1.0,0.0,0.5,0.9853000083239749,0.007582500000000001
MCP,300,5,task_026::perturbed_0,perturbed_0,0,21122,1.0,0.0,0.2,2.479200004017912,0.158415
SYNAPSE,300,5,task_026::perturbed_1,perturbed_1,1,1010,1.0,0.0,0.5,1.1258000013185665,0.007575000000000001
MCP,300,5,task_026::perturbed_1,perturbed_1,1,21122,1.0,0.0,0.3333333333333333,2.588100003777072,0.158415
SYNAPSE,300,5,task_027::clean,clean,1,964,1.0,1.0,1.0,1.3657999952556565,0.00723
MCP,300,5,task_027::clean,clean,1,21122,1.0,1.0,1.0,2.4193999997805804,0.158415
SYNAPSE,300,5,task_027::perturbed_0,perturbed_0,0,961,1.0,1.0,1.0,1.2218000047141686,0.0072075
MCP,300,5,task_027::perturbed_0,perturbed_0,0,21122,1.0,1.0,1.0,1.6494999872520566,0.158415
SYNAPSE,300,5,task_027::perturbed_1,perturbed_1,1,679,0.0,0.0,0.0,1.1873000039486215,0.005092500000000001
MCP,300,5,task_027::perturbed_1,perturbed_1,1,21122,1.0,0.0,0.25,1.7456999921705574,0.158415
SYNAPSE,300,5,task_028::clean,clean,1,961,1.0,1.0,1.0,1.4768999972147867,0.0072075
MCP,300,5,task_028::clean,clean,1,21122,1.0,1.0,1.0,1.8745999987004325,0.158415
SYNAPSE,300,5,task_028::perturbed_0,perturbed_0,1,679,0.0,0.0,0.0,1.3480000052368268,0.005092500000000001
MCP,300,5,task_028::perturbed_0,perturbed_0,1,21122,1.0,0.0,0.2,1.7578999977558851,0.158415
SYNAPSE,300,5,task_028::perturbed_1,perturbed_1,1,679,0.0,0.0,0.0,1.1216999992029741,0.005092500000000001
MCP,300,5,task_028::perturbed_1,perturbed_1,1,21122,1.0,0.0,0.14285714285714285,1.6770000074757263,0.158415
SYNAPSE,300,5,task_029::clean,clean,1,965,1.0,1.0,1.0,1.5218000044114888,0.007237500000000001
MCP,300,5,task_029::clean,clean,1,21122,1.0,1.0,1.0,2.262699999846518,0.158415
SYNAPSE,300,5,task_029::perturbed_0,perturbed_0,1,961,1.0,1.0,1.0,1.153399993199855,0.0072075
MCP,300,5,task_029::perturbed_0,perturbed_0,1,21122,1.0,1.0,1.0,1.629599995794706,0.158415
SYNAPSE,300,5,task_029::perturbed_1,perturbed_1,0,679,0.0,0.0,0.0,1.0516000038478523,0.005092500000000001
MCP,300,5,task_029::perturbed_1,perturbed_1,0,21122,1.0,0.0,0.125,1.5817000094102696,0.158415
SYNAPSE,1000,1,task_000::clean,clean,1,999,1.0,1.0,1.0,2.4227999965660274,0.007492500000000001
MCP,1000,1,task_000::clean,clean,1,69837,0.0,0.0,0.0,2.7057999977841973,0.5237775
SYNAPSE,1000,1,task_000::perturbed_0,perturbed_0,0,997,1.0,1.0,1.0,1.709500007564202,0.007477500000000001
MCP,1000,1,task_000::perturbed_0,perturbed_0,0,69837,0.0,0.0,0.0,5.133499988005497,0.5237775
SYNAPSE,1000,1,task_000::perturbed_1,perturbed_1,0,995,1.0,1.0,1.0,1.760699989972636,0.0074625
MCP,1000,1,task_000::perturbed_1,perturbed_1,0,69837,0.0,0.0,0.0,2.8800000000046566,0.5237775
SYNAPSE,1000,1,task_001::clean,clean,1,984,1.0,1.0,1.0,2.031399999395944,0.00738
MCP,1000,1,task_001::clean,clean,1,69837,0.0,0.0,0.0,3.234899995732121,0.5237775
SYNAPSE,1000,1,task_001::perturbed_0,perturbed_0,1,984,1.0,1.0,1.0,2.5849000085145235,0.00738
MCP,1000,1,task_001::perturbed_0,perturbed_0,1,69837,0.0,0.0,0.0,3.3183000050485134,0.5237775
SYNAPSE,1000,1,task_001::perturbed_1,perturbed_1,0,981,1.0,1.0,1.0,1.5297000063583255,0.0073575
MCP,1000,1,task_001::perturbed_1,perturbed_1,0,69837,0.0,0.0,0.0,3.0654000001959503,0.5237775
SYNAPSE,1000,1,task_002::clean,clean,1,980,1.0,1.0,1.0,2.653400006238371,0.007350000000000001
MCP,1000,1,task_002::clean,clean,1,69837,1.0,0.0,0.5,3.6891000054311007,0.5237775
SYNAPSE,1000,1,task_002::perturbed_0,perturbed_0,0,972,1.0,0.0,0.5,1.8095999985234812,0.0072900000000000005
MCP,1000,1,task_002::perturbed_0,perturbed_0,0,69837,1.0,0.0,0.14285714285714285,3.811300004599616,0.5237775
SYNAPSE,1000,1,task_002::perturbed_1,perturbed_1,1,981,1.0,1.0,1.0,2.8005000058328733,0.0073575
MCP,1000,1,task_002::perturbed_1,perturbed_1,1,69837,1.0,0.0,0.16666666666666666,3.075800006627105,0.5237775
SYNAPSE,1000,1,task_003::clean,clean,1,959,1.0,1.0,1.0,3.197699988959357,0.007192500000000001
MCP,1000,1,task_003::clean,clean,1,69837,1.0,1.0,1.0,3.711699988343753,0.5237775
SYNAPSE,1000,1,task_003::perturbed_0,perturbed_0,1,959,1.0,1.0,1.0,2.945900007034652,0.007192500000000001
MCP,1000,1,task_003::perturbed_0,perturbed_0,1,69837,1.0,1.0,1.0,3.743900000699796,0.5237775
SYNAPSE,1000,1,task_003::perturbed_1,perturbed_1,1,958,1.0,1.0,1.0,3.0833000055281445,0.007185
MCP,1000,1,task_003::perturbed_1,perturbed_1,1,69837,1.0,0.0,0.14285714285714285,3.7100999907124788,0.5237775
SYNAPSE,1000,1,task_004::clean,clean,1,966,1.0,1.0,1.0,2.364500003750436,0.007245000000000001
MCP,1000,1,task_004::clean,clean,1,69837,1.0,1.0,1.0,2.6890000008279458,0.5237775
SYNAPSE,1000,1,task_004::perturbed_0,perturbed_0,0,956,1.0,1.0,1.0,1.4844000106677413,0.00717
MCP,1000,1,task_004::perturbed_0,perturbed_0,0,69837,1.0,1.0,1.0,2.423599988105707,0.5237775
SYNAPSE,1000,1,task_004::perturbed_1,perturbed_1,1,973,1.0,1.0,1.0,1.8514999974286184,0.0072975
MCP,1000,1,task_004::perturbed_1,perturbed_1,1,69837,1.0,0.0,0.25,2.5305999879492447,0.5237775
SYNAPSE,1000,1,task_005::clean,clean,1,994,1.0,1.0,1.0,1.4229999942472205,0.007455000000000001
MCP,1000,1,task_005::clean,clean,1,69837,0.0,0.0,0.0,2.472499996656552,0.5237775
SYNAPSE,1000,1,task_005::perturbed_0,perturbed_0,1,994,1.0,1.0,1.0,1.3522999943234026,0.007455000000000001
MCP,1000,1,task_005::perturbed_0,perturbed_0,1,69837,0.0,0.0,0.0,2.4406000011367723,0.5237775
SYNAPSE,1000,1,task_005::perturbed_1,perturbed_1,1,994,1.0,1.0,1.0,1.3478999899234623,0.007455000000000001
MCP,1000,1,task_005::perturbed_1,perturbed_1,1,69837,0.0,0.0,0.0,2.5085999950533733,0.5237775
SYNAPSE,1000,1,task_006::clean,clean,1,978,1.0,1.0,1.0,1.8991999968420714,0.007335
MCP,1000,1,task_006::clean,clean,1,69837,1.0,1.0,1.0,2.4953999964054674,0.5237775
SYNAPSE,1000,1,task_006::perturbed_0,perturbed_0,0,981,1.0,1.0,1.0,1.2241999938851222,0.0073575
MCP,1000,1,task_006::perturbed_0,perturbed_0,0,69837,1.0,1.0,1.0,2.413700000033714,0.5237775
SYNAPSE,1000,1,task_006::perturbed_1,perturbed_1,0,983,1.0,1.0,1.0,1.2091999960830435,0.007372500000000001
MCP,1000,1,task_006::perturbed_1,perturbed_1,0,69837,1.0,1.0,1.0,2.4754000041866675,0.5237775
SYNAPSE,1000,1,task_007::clean,clean,1,968,1.0,1.0,1.0,2.077199998893775,0.007260000000000001
MCP,1000,1,task_007::clean,clean,1,69837,0.0,0.0,0.0,2.4436999956378713,0.5237775
SYNAPSE,1000,1,task_007::perturbed_0,perturbed_0,1,968,1.0,1.0,1.0,1.9437000009929761,0.007260000000000001
MCP,1000,1,task_007::perturbed_0,perturbed_0,1,69837,0.0,0.0,0.0,2.707799998461269,0.5237775
SYNAPSE,1000,1,task_007::perturbed_1,perturbed_1,1,679,0.0,0.0,0.0,2.0427999988896772,0.005092500000000001
MCP,1000,1,task_007::perturbed_1,perturbed_1,1,69837,0.0,0.0,0.0,2.470000006724149,0.5237775
SYNAPSE,1000,1,task_008::clean,clean,1,983,1.0,1.0,1.0,2.5901999906636775,0.007372500000000001
MCP,1000,1,task_008::clean,clean,1,69837,0.0,0.0,0.0,2.5895999860949814,0.5237775
SYNAPSE,1000,1,task_008::perturbed_0,perturbed_0,1,980,1.0,1.0,1.0,2.5443999911658466,0.007350000000000001
MCP,1000,1,task_008::perturbed_0,perturbed_0,1,69837,0.0,0.0,0.0,2.8758999978890643,0.5237775
SYNAPSE,1000,1,task_008::perturbed_1,perturbed_1,1,980,1.0,1.0,1.0,3.01140001101885,0.007350000000000001
MCP,1000,1,task_008::perturbed_1,perturbed_1,1,69837,0.0,0.0,0.0,3.687100004754029,0.5237775
SYNAPSE,1000,1,task_009::clean,clean,1,972,1.0,1.0,1.0,3.1174000032478943,0.0072900000000000005
MCP,1000,1,task_009::clean,clean,1,69837,0.0,0.0,0.0,3.5001000069314614,0.5237775
SYNAPSE,1000,1,task_009::perturbed_0,perturbed_0,1,972,1.0,1.0,1.0,2.8340999997453764,0.0072900000000000005
MCP,1000,1,task_009::perturbed_0,perturbed_0,1,69837,0.0,0.0,0.0,3.7001000018790364,0.5237775
SYNAPSE,1000,1,task_009::perturbed_1,perturbed_1,1,975,1.0,1.0,1.0,3.090199999860488,0.0073125
MCP,1000,1,task_009::perturbed_1,perturbed_1,1,69837,0.0,0.0,0.0,3.062599993427284,0.5237775
SYNAPSE,1000,1,task_010::clean,clean,1,986,1.0,1.0,1.0,3.1881999893812463,0.0073950000000000005
MCP,1000,1,task_010::clean,clean,1,69837,1.0,1.0,1.0,3.193900003680028,0.5237775
SYNAPSE,1000,1,task_010::perturbed_0,perturbed_0,0,986,1.0,1.0,1.0,2.701600009459071,0.0073950000000000005
MCP,1000,1,task_010::perturbed_0,perturbed_0,0,69837,1.0,1.0,1.0,2.616800004034303,0.5237775
SYNAPSE,1000,1,task_010::perturbed_1,perturbed_1,0,983,1.0,1.0,1.0,1.8681000074138865,0.007372500000000001
MCP,1000,1,task_010::perturbed_1,perturbed_1,0,69837,1.0,1.0,1.0,2.355500007979572,0.5237775
SYNAPSE,1000,1,task_011::clean,clean,1,985,1.0,1.0,1.0,1.6712999931769446,0.007387500000000001
MCP,1000,1,task_011::clean,clean,1,69837,0.0,0.0,0.0,2.6215999969281256,0.5237775
SYNAPSE,1000,1,task_011::perturbed_0,perturbed_0,1,985,1.0,1.0,1.0,2.1026000031270087,0.007387500000000001
MCP,1000,1,task_011::perturbed_0,perturbed_0,1,69837,0.0,0.0,0.0,2.7754000038839877,0.5237775
SYNAPSE,1000,1,task_011::perturbed_1,perturbed_1,1,987,1.0,0.0,0.5,1.7417000053683296,0.0074025
MCP,1000,1,task_011::perturbed_1,perturbed_1,1,69837,0.0,0.0,0.0,3.101900001638569,0.5237775
SYNAPSE,1000,1,task_012::clean,clean,1,984,1.0,1.0,1.0,2.8316000098129734,0.00738
MCP,1000,1,task_012::clean,clean,1,69837,0.0,0.0,0.0,3.132099998765625,0.5237775
SYNAPSE,1000,1,task_012::perturbed_0,perturbed_0,1,984,1.0,1.0,1.0,2.665100008016452,0.00738
MCP,1000,1,task_012::perturbed_0,perturbed_0,1,69837,0.0,0.0,0.0,3.176400001393631,0.5237775
SYNAPSE,1000,1,task_012::perturbed_1,perturbed_1,1,984,1.0,1.0,1.0,2.6852000009967014,0.00738
MCP,1000,1,task_012::perturbed_1,perturbed_1,1,69837,0.0,0.0,0.0,3.1893999985186383,0.5237775
SYNAPSE,1000,1,task_013::clean,clean,1,976,1.0,1.0,1.0,2.7015000086976215,0.007320000000000001
MCP,1000,1,task_013::clean,clean,1,69837,0.0,0.0,0.0,4.655099997762591,0.5237775
SYNAPSE,1000,1,task_013::perturbed_0,perturbed_0,1,976,1.0,1.0,1.0,3.0507000046782196,0.007320000000000001
MCP,1000,1,task_013::perturbed_0,perturbed_0,1,69837,0.0,0.0,0.0,4.3234000040683895,0.5237775
SYNAPSE,1000,1,task_013::perturbed_1,perturbed_1,1,972,1.0,1.0,1.0,3.144600006635301,0.0072900000000000005
MCP,1000,1,task_013::perturbed_1,perturbed_1,1,69837,0.0,0.0,0.0,2.7303999959258363,0.5237775
SYNAPSE,1000,1,task_014::clean,clean,1,992,1.0,1.0,1.0,2.227299992227927,0.00744
MCP,1000,1,task_014::clean,clean,1,69837,0.0,0.0,0.0,2.6588999899104238,0.5237775
SYNAPSE,1000,1,task_014::perturbed_0,perturbed_0,1,987,1.0,0.0,0.5,2.1635999873979017,0.0074025
MCP,1000,1,task_014::perturbed_0,perturbed_0,1,69837,0.0,0.0,0.0,2.6651999942259863,0.5237775
SYNAPSE,1000,1,task_014::perturbed_1,perturbed_1,1,989,1.0,1.0,1.0,2.1635000011883676,0.0074175000000000005
MCP,1000,1,task_014::perturbed_1,perturbed_1,1,69837,0.0,0.0,0.0,2.4646999954711646,0.5237775
SYNAPSE,1000,1,task_015::clean,clean,1,993,1.0,1.0,1.0,1.421299995854497,0.007447500000000001
MCP,1000,1,task_015::clean,clean,1,69837,0.0,0.0,0.0,2.3859000066295266,0.5237775
SYNAPSE,1000,1,task_015::perturbed_0,perturbed_0,1,997,1.0,1.0,1.0,1.4319999900180846,0.007477500000000001
MCP,1000,1,task_015::perturbed_0,perturbed_0,1,69837,0.0,0.0,0.0,2.4211999989347532,0.5237775
SYNAPSE,1000,1,task_015::perturbed_1,perturbed_1,1,997,1.0,1.0,1.0,1.4383999950950965,0.007477500000000001
MCP,1000,1,task_015::perturbed_1,perturbed_1,1,69837,0.0,0.0,0.0,2.453400011290796,0.5237775
SYNAPSE,1000,1,task_016::clean,clean,1,985,1.0,1.0,1.0,1.855399998021312,0.007387500000000001
MCP,1000,1,task_016::clean,clean,1,69837,0.0,0.0,0.0,2.4200999905588105,0.5237775
SYNAPSE,1000,1,task_016::perturbed_0,perturbed_0,0,994,1.0,0.0,0.5,1.1082999990321696,0.007455000000000001
MCP,1000,1,task_016::perturbed_0,perturbed_0,0,69837,0.0,0.0,0.0,2.3482999968109652,0.5237775
SYNAPSE,1000,1,task_016::perturbed_1,perturbed_1,1,985,1.0,1.0,1.0,1.6371000092476606,0.007387500000000001
MCP,1000,1,task_016::perturbed_1,perturbed_1,1,69837,0.0,0.0,0.0,2.363500010687858,0.5237775
SYNAPSE,1000,1,task_017::clean,clean,1,985,1.0,1.0,1.0,1.979099994059652,0.007387500000000001
MCP,1000,1,task_017::clean,clean,1,69837,0.0,0.0,0.0,2.434900001389906,0.5237775
SYNAPSE,1000,1,task_017::perturbed_0,perturbed_0,0,986,1.0,1.0,1.0,1.2769000022672117,0.0073950000000000005
MCP,1000,1,task_017::perturbed_0,perturbed_0,0,69837,0.0,0.0,0.0,2.351600007386878,0.5237775
SYNAPSE,1000,1,task_017::perturbed_1,perturbed_1,1,987,1.0,1.0,1.0,1.91199999244418,0.0074025
MCP,1000,1,task_017::perturbed_1,perturbed_1,1,69837,0.0,0.0,0.0,2.4880999990273267,0.5237775
SYNAPSE,1000,1,task_018::clean,clean,1,958,1.0,1.0,1.0,2.4237000034190714,0.007185
MCP,1000,1,task_018::clean,clean,1,69837,0.0,0.0,0.0,2.395200004684739,0.5237775
SYNAPSE,1000,1,task_018::perturbed_0,perturbed_0,0,679,0.0,0.0,0.0,1.3383999903453514,0.005092500000000001
MCP,1000,1,task_018::perturbed_0,perturbed_0,0,69837,0.0,0.0,0.0,2.3991000052774325,0.5237775
SYNAPSE,1000,1,task_018::perturbed_1,perturbed_1,0,962,1.0,1.0,1.0,1.0132999886991456,0.007215000000000001
MCP,1000,1,task_018::perturbed_1,perturbed_1,0,69837,0.0,0.0,0.0,2.3201000003609806,0.5237775
SYNAPSE,1000,1,task_019::clean,clean,1,967,1.0,1.0,1.0,2.087999993818812,0.0072525
MCP,1000,1,task_019::clean,clean,1,69837,0.0,0.0,0.0,2.442699988023378,0.5237775
SYNAPSE,1000,1,task_019::perturbed_0,perturbed_0,1,967,1.0,1.0,1.0,1.9372999959159642,0.0072525
MCP,1000,1,task_019::perturbed_0,perturbed_0,1,69837,0.0,0.0,0.0,2.396500000031665,0.5237775
SYNAPSE,1000,1,task_019::perturbed_1,perturbed_1,1,679,0.0,0.0,0.0,2.0881999953417107,0.005092500000000001
MCP,1000,1,task_019::perturbed_1,perturbed_1,1,69837,0.0,0.0,0.0,1.1712999985320494,0.5237775
SYNAPSE,1000,1,task_020::clean,clean,1,993,1.0,1.0,1.0,0.9288000001106411,0.007447500000000001
MCP,1000,1,task_020::clean,clean,1,69837,1.0,1.0,1.0,1.0170000023208559,0.5237775
SYNAPSE,1000,1,task_020::perturbed_0,perturbed_0,1,985,1.0,1.0,1.0,0.6905000045662746,0.007387500000000001
MCP,1000,1,task_020::perturbed_0,perturbed_0,1,69837,1.0,1.0,1.0,0.9839999984251335,0.5237775
SYNAPSE,1000,1,task_020::perturbed_1,perturbed_1,1,993,1.0,1.0,1.0,0.7934999885037541,0.007447500000000001
MCP,1000,1,task_020::perturbed_1,perturbed_1,1,69837,1.0,1.0,1.0,1.0034000006271526,0.5237775
SYNAPSE,1000,1,task_021::clean,clean,1,993,1.0,1.0,1.0,0.9769000025698915,0.007447500000000001
MCP,1000,1,task_021::clean,clean,1,69837,0.0,0.0,0.0,1.003500001388602,0.5237775
SYNAPSE,1000,1,task_021::perturbed_0,perturbed_0,1,992,1.0,0.0,0.3333333333333333,0.8097999962046742,0.00744
MCP,1000,1,task_021::perturbed_0,perturbed_0,1,69837,0.0,0.0,0.0,1.1949000036111102,0.5237775
SYNAPSE,1000,1,task_021::perturbed_1,perturbed_1,1,994,1.0,0.0,0.25,2.2019000025466084,0.007455000000000001
MCP,1000,1,task_021::perturbed_1,perturbed_1,1,69837,0.0,0.0,0.0,2.6286000065738335,0.5237775
SYNAPSE,1000,1,task_022::clean,clean,1,970,1.0,1.0,1.0,2.1502999879885465,0.007275
MCP,1000,1,task_022::clean,clean,1,69837,0.0,0.0,0.0,2.3858999920776114,0.5237775
SYNAPSE,1000,1,task_022::perturbed_0,perturbed_0,0,679,0.0,0.0,0.0,1.199499994982034,0.005092500000000001
MCP,1000,1,task_022::perturbed_0,perturbed_0,0,69837,0.0,0.0,0.0,2.4012000067159534,0.5237775
SYNAPSE,1000,1,task_022::perturbed_1,perturbed_1,1,970,1.0,1.0,1.0,1.9754000095417723,0.007275
MCP,1000,1,task_022::perturbed_1,perturbed_1,1,69837,0.0,0.0,0.0,2.8153000021120533,0.5237775
SYNAPSE,1000,1,task_023::clean,clean,1,965,1.0,1.0,1.0,2.313700009835884,0.007237500000000001
MCP,1000,1,task_023::clean,clean,1,69837,0.0,0.0,0.0,3.2229000062216073,0.5237775
SYNAPSE,1000,1,task_023::perturbed_0,perturbed_0,0,965,1.0,1.0,1.0,1.6828999941935763,0.007237500000000001
MCP,1000,1,task_023::perturbed_0,perturbed_0,0,69837,0.0,0.0,0.0,2.8808999923057854,0.5237775
SYNAPSE,1000,1,task_023::perturbed_1,perturbed_1,0,679,0.0,0.0,0.0,1.3497000036295503,0.005092500000000001
MCP,1000,1,task_023::perturbed_1,perturbed_1,0,69837,0.0,0.0,0.0,2.9153999930713326,0.5237775
SYNAPSE,1000,1,task_024::clean,clean,1,960,1.0,1.0,1.0,2.185100005590357,0.007200000000000001
MCP,1000,1,task_024::clean,clean,1,69837,0.0,0.0,0.0,2.7239999908488244,0.5237775
SYNAPSE,1000,1,task_024::perturbed_0,perturbed_0,0,679,0.0,0.0,0.0,1.3474000006681308,0.005092500000000001
MCP,1000,1,task_024::perturbed_0,perturbed_0,0,69837,0.0,0.0,0.0,2.6956999936373904,0.5237775
SYNAPSE,1000,1,task_024::perturbed_1,perturbed_1,1,968,1.0,1.0,1.0,1.954400009708479,0.007260000000000001
MCP,1000,1,task_024::perturbed_1,perturbed_1,1,69837,0.0,0.0,0.0,2.5950999988708645,0.5237775
SYNAPSE,1000,1,task_025::clean,clean,1,1000,1.0,1.0,1.0,1.5071999951032922,0.007500000000000001
MCP,1000,1,task_025::clean,clean,1,69837,0.0,0.0,0.0,2.3310999968089163,0.5237775
SYNAPSE,1000,1,task_025::perturbed_0,perturbed_0,0,679,0.0,0.0,0.0,1.300699994317256,0.005092500000000001
MCP,1000,1,task_025::perturbed_0,perturbed_0,0,69837,0.0,0.0,0.0,2.5852999970084056,0.5237775
SYNAPSE,1000,1,task_025::perturbed_1,perturbed_1,0,996,1.0,1.0,1.0,1.8962999893119559,0.007470000000000001
MCP,1000,1,task_025::perturbed_1,perturbed_1,0,69837,0.0,0.0,0.0,2.940799997304566,0.5237775
SYNAPSE,1000,1,task_026::clean,clean,1,1008,1.0,1.0,1.0,2.8042000049026683,0.007560000000000001
MCP,1000,1,task_026::clean,clean,1,69837,1.0,1.0,1.0,2.483300006133504,0.5237775
SYNAPSE,1000,1,task_026::perturbed_0,perturbed_0,0,1009,1.0,0.0,0.5,2.4276999902212992,0.0075675000000000004
MCP,1000,1,task_026::perturbed_0,perturbed_0,0,69837,1.0,0.0,0.5,2.9639999993378296,0.5237775
SYNAPSE,1000,1,task_026::perturbed_1,perturbed_1,1,1008,1.0,1.0,1.0,1.7918999947141856,0.007560000000000001
MCP,1000,1,task_026::perturbed_1,perturbed_1,1,69837,1.0,1.0,1.0,2.7015999949071556,0.5237775
SYNAPSE,1000,1,task_027::clean,clean,1,965,1.0,1.0,1.0,2.5240999966626987,0.007237500000000001
MCP,1000,1,task_027::clean,clean,1,69837,0.0,0.0,0.0,2.7350000018486753,0.5237775
SYNAPSE,1000,1,task_027::perturbed_0,perturbed_0,0,679,0.0,0.0,0.0,1.2593999999808148,0.005092500000000001
MCP,1000,1,task_027::perturbed_0,perturbed_0,0,69837,0.0,0.0,0.0,2.7535999979590997,0.5237775
SYNAPSE,1000,1,task_027::perturbed_1,perturbed_1,1,965,1.0,1.0,1.0,2.05199999618344,0.007237500000000001
MCP,1000,1,task_027::perturbed_1,perturbed_1,1,69837,0.0,0.0,0.0,2.3778000031597912,0.5237775
SYNAPSE,1000,1,task_028::clean,clean,1,956,1.0,1.0,1.0,1.8528999935369939,0.00717
MCP,1000,1,task_028::clean,clean,1,69837,0.0,0.0,0.0,2.461399999447167,0.5237775
SYNAPSE,1000,1,task_028::perturbed_0,perturbed_0,0,956,1.0,1.0,1.0,1.97870000556577,0.00717
MCP,1000,1,task_028::perturbed_0,perturbed_0,0,69837,0.0,0.0,0.0,2.507600001990795,0.5237775
SYNAPSE,1000,1,task_028::perturbed_1,perturbed_1,0,679,0.0,0.0,0.0,1.4560999989043921,0.005092500000000001
MCP,1000,1,task_028::perturbed_1,perturbed_1,0,69837,0.0,0.0,0.0,5.488800001330674,0.5237775
SYNAPSE,1000,1,task_029::clean,clean,1,973,1.0,1.0,1.0,2.806000004056841,0.0072975
MCP,1000,1,task_029::clean,clean,1,69837,0.0,0.0,0.0,2.877999999327585,0.5237775
SYNAPSE,1000,1,task_029::perturbed_0,perturbed_0,1,977,1.0,1.0,1.0,2.0822000078624114,0.007327500000000001
MCP,1000,1,task_029::perturbed_0,perturbed_0,1,69837,0.0,0.0,0.0,2.6188000047113746,0.5237775
SYNAPSE,1000,1,task_029::perturbed_1,perturbed_1,0,971,1.0,1.0,1.0,1.2244999961694703,0.007282500000000001
MCP,1000,1,task_029::perturbed_1,perturbed_1,0,69837,0.0,0.0,0.0,2.521400005207397,0.5237775
SYNAPSE,1000,2,task_000::clean,clean,1,994,1.0,1.0,1.0,2.239999987068586,0.007455000000000001
MCP,1000,2,task_000::clean,clean,1,69920,0.0,0.0,0.0,3.788899994106032,0.5244000000000001
SYNAPSE,1000,2,task_000::perturbed_0,perturbed_0,1,994,1.0,1.0,1.0,2.3705000057816505,0.007455000000000001
MCP,1000,2,task_000::perturbed_0,perturbed_0,1,69920,0.0,0.0,0.0,2.5394999975105748,0.5244000000000001
SYNAPSE,1000,2,task_000::perturbed_1,perturbed_1,1,994,1.0,1.0,1.0,1.7296000005444512,0.007455000000000001
MCP,1000,2,task_000::perturbed_1,perturbed_1,1,69920,0.0,0.0,0.0,2.8021000034641474,0.5244000000000001
SYNAPSE,1000,2,task_001::clean,clean,1,996,1.0,1.0,1.0,1.7652999958954751,0.007470000000000001
MCP,1000,2,task_001::clean,clean,1,69920,0.0,0.0,0.0,2.6366000092821196,0.5244000000000001
SYNAPSE,1000,2,task_001::perturbed_0,perturbed_0,0,991,1.0,1.0,1.0,1.2089000083506107,0.007432500000000001
MCP,1000,2,task_001::perturbed_0,perturbed_0,0,69920,0.0,0.0,0.0,3.052799991564825,0.5244000000000001
SYNAPSE,1000,2,task_001::perturbed_1,perturbed_1,1,998,1.0,0.0,0.5,1.9448000093689188,0.007485
MCP,1000,2,task_001::perturbed_1,perturbed_1,1,69920,0.0,0.0,0.0,2.6434999890625477,0.5244000000000001
SYNAPSE,1000,2,task_002::clean,clean,1,967,1.0,1.0,1.0,3.0213999998522922,0.0072525
MCP,1000,2,task_002::clean,clean,1,69920,1.0,1.0,1.0,2.805099997203797,0.5244000000000001
SYNAPSE,1000,2,task_002::perturbed_0,perturbed_0,1,971,1.0,1.0,1.0,2.072000002954155,0.007282500000000001
MCP,1000,2,task_002::perturbed_0,perturbed_0,1,69920,1.0,1.0,1.0,2.7929000061703846,0.5244000000000001
SYNAPSE,1000,2,task_002::perturbed_1,perturbed_1,0,973,1.0,1.0,1.0,1.984299989999272,0.0072975
MCP,1000,2,task_002::perturbed_1,perturbed_1,0,69920,1.0,0.0,0.5,3.2977000082610175,0.5244000000000001
SYNAPSE,1000,2,task_003::clean,clean,1,965,1.0,1.0,1.0,2.6704999909270555,0.007237500000000001
MCP,1000,2,task_003::clean,clean,1,69920,1.0,1.0,1.0,3.2337000011466444,0.5244000000000001
SYNAPSE,1000,2,task_003::perturbed_0,perturbed_0,0,679,0.0,0.0,0.0,1.3460000045597553,0.005092500000000001
MCP,1000,2,task_003::perturbed_0,perturbed_0,0,69920,0.0,0.0,0.0,2.7886000025318936,0.5244000000000001
SYNAPSE,1000,2,task_003::perturbed_1,perturbed_1,1,960,1.0,1.0,1.0,2.2859000018797815,0.007200000000000001
MCP,1000,2,task_003::perturbed_1,perturbed_1,1,69920,1.0,1.0,1.0,3.645299992058426,0.5244000000000001
SYNAPSE,1000,2,task_004::clean,clean,1,973,1.0,1.0,1.0,2.904399996623397,0.0072975
MCP,1000,2,task_004::clean,clean,1,69920,1.0,0.0,0.3333333333333333,3.5748999944189563,0.5244000000000001
SYNAPSE,1000,2,task_004::perturbed_0,perturbed_0,1,973,1.0,1.0,1.0,3.0692000000271946,0.0072975
MCP,1000,2,task_004::perturbed_0,perturbed_0,1,69920,1.0,0.0,0.3333333333333333,4.362100007710978,0.5244000000000001
SYNAPSE,1000,2,task_004::perturbed_1,perturbed_1,0,961,1.0,0.0,0.5,1.6464000073028728,0.0072075
MCP,1000,2,task_004::perturbed_1,perturbed_1,0,69920,0.0,0.0,0.0,2.706999992369674,0.5244000000000001
SYNAPSE,1000,2,task_005::clean,clean,1,980,1.0,1.0,1.0,2.860799999325536,0.007350000000000001
MCP,1000,2,task_005::clean,clean,1,69920,0.0,0.0,0.0,2.757000009296462,0.5244000000000001
SYNAPSE,1000,2,task_005::perturbed_0,perturbed_0,1,983,1.0,1.0,1.0,1.611400002730079,0.007372500000000001
MCP,1000,2,task_005::perturbed_0,perturbed_0,1,69920,0.0,0.0,0.0,2.5908000097842887,0.5244000000000001
SYNAPSE,1000,2,task_005::perturbed_1,perturbed_1,0,981,1.0,1.0,1.0,1.5824000001884997,0.0073575
MCP,1000,2,task_005::perturbed_1,perturbed_1,0,69920,0.0,0.0,0.0,2.4021000135689974,0.5244000000000001
SYNAPSE,1000,2,task_006::clean,clean,1,1012,1.0,1.0,1.0,1.8637000030139461,0.00759
MCP,1000,2,task_006::clean,clean,1,69920,1.0,0.0,0.3333333333333333,2.486600002157502,0.5244000000000001
SYNAPSE,1000,2,task_006::perturbed_0,perturbed_0,1,1012,1.0,1.0,1.0,1.7897000070661306,0.00759
MCP,1000,2,task_006::perturbed_0,perturbed_0,1,69920,1.0,0.0,0.3333333333333333,2.8701999981421977,0.5244000000000001
SYNAPSE,1000,2,task_006::perturbed_1,perturbed_1,1,1001,1.0,0.0,0.3333333333333333,1.982400004635565,0.0075075
MCP,1000,2,task_006::perturbed_1,perturbed_1,1,69920,1.0,0.0,0.16666666666666666,3.1900000030873343,0.5244000000000001
SYNAPSE,1000,2,task_007::clean,clean,1,960,1.0,1.0,1.0,3.1433999974979088,0.007200000000000001
MCP,1000,2,task_007::clean,clean,1,69920,0.0,0.0,0.0,3.1029000092530623,0.5244000000000001
SYNAPSE,1000,2,task_007::perturbed_0,perturbed_0,1,960,1.0,1.0,1.0,2.717399998800829,0.007200000000000001
MCP,1000,2,task_007::perturbed_0,perturbed_0,1,69920,0.0,0.0,0.0,2.8549999988172203,0.5244000000000001
SYNAPSE,1000,2,task_007::perturbed_1,perturbed_1,1,960,1.0,1.0,1.0,2.3299000022234395,0.007200000000000001
MCP,1000,2,task_007::perturbed_1,perturbed_1,1,69920,0.0,0.0,0.0,2.659500009031035,0.5244000000000001
SYNAPSE,1000,2,task_008::clean,clean,1,976,1.0,1.0,1.0,2.3053000040818006,0.007320000000000001
MCP,1000,2,task_008::clean,clean,1,69920,0.0,0.0,0.0,2.47500000114087,0.5244000000000001
SYNAPSE,1000,2,task_008::perturbed_0,perturbed_0,1,977,1.0,1.0,1.0,2.101499994751066,0.007327500000000001
MCP,1000,2,task_008::perturbed_0,perturbed_0,1,69920,0.0,0.0,0.0,2.58840000606142,0.5244000000000001
SYNAPSE,1000,2,task_008::perturbed_1,perturbed_1,1,975,1.0,1.0,1.0,2.3201999865705147,0.0073125
MCP,1000,2,task_008::perturbed_1,perturbed_1,1,69920,0.0,0.0,0.0,2.5307000032626092,0.5244000000000001
SYNAPSE,1000,2,task_009::clean,clean,1,974,1.0,1.0,1.0,2.0212999952491373,0.007305000000000001
MCP,1000,2,task_009::clean,clean,1,69920,0.0,0.0,0.0,2.4193999997805804,0.5244000000000001
SYNAPSE,1000,2,task_009::perturbed_0,perturbed_0,0,679,0.0,0.0,0.0,1.6304999880958349,0.005092500000000001
MCP,1000,2,task_009::perturbed_0,perturbed_0,0,69920,0.0,0.0,0.0,2.449100007652305,0.5244000000000001
SYNAPSE,1000,2,task_009::perturbed_1,perturbed_1,0,972,1.0,0.0,0.25,1.4856999914627522,0.0072900000000000005
MCP,1000,2,task_009::perturbed_1,perturbed_1,0,69920,0.0,0.0,0.0,2.370399990468286,0.5244000000000001
SYNAPSE,1000,2,task_010::clean,clean,1,982,1.0,1.0,1.0,1.5792000049259514,0.007365000000000001
MCP,1000,2,task_010::clean,clean,1,69920,1.0,1.0,1.0,2.386399995884858,0.5244000000000001
SYNAPSE,1000,2,task_010::perturbed_0,perturbed_0,1,982,1.0,1.0,1.0,1.181300001917407,0.007365000000000001
MCP,1000,2,task_010::perturbed_0,perturbed_0,1,69920,1.0,0.0,0.5,2.5292000063927844,0.5244000000000001
SYNAPSE,1000,2,task_010::perturbed_1,perturbed_1,1,679,0.0,0.0,0.0,1.4121999993221834,0.005092500000000001
MCP,1000,2,task_010::perturbed_1,perturbed_1,1,69920,1.0,0.0,0.5,2.5202000106219202,0.5244000000000001
SYNAPSE,1000,2,task_011::clean,clean,1,1007,1.0,1.0,1.0,1.8057999986922368,0.0075525
MCP,1000,2,task_011::clean,clean,1,69920,0.0,0.0,0.0,2.426999999443069,0.5244000000000001
SYNAPSE,1000,2,task_011::perturbed_0,perturbed_0,0,1005,1.0,1.0,1.0,1.2469999928725883,0.007537500000000001
MCP,1000,2,task_011::perturbed_0,perturbed_0,0,69920,0.0,0.0,0.0,2.52169999293983,0.5244000000000001
SYNAPSE,1000,2,task_011::perturbed_1,perturbed_1,0,1003,1.0,1.0,1.0,1.1757000029319897,0.0075225000000000005
MCP,1000,2,task_011::perturbed_1,perturbed_1,0,69920,0.0,0.0,0.0,2.4416999949608,0.5244000000000001
SYNAPSE,1000,2,task_012::clean,clean,1,987,1.0,1.0,1.0,2.1751000022049993,0.0074025
MCP,1000,2,task_012::clean,clean,1,69920,0.0,0.0,0.0,2.5468000094406307,0.5244000000000001
SYNAPSE,1000,2,task_012::perturbed_0,perturbed_0,1,975,1.0,0.0,0.3333333333333333,2.06389999948442,0.0073125
MCP,1000,2,task_012::perturbed_0,perturbed_0,1,69920,0.0,0.0,0.0,2.9097000078763813,0.5244000000000001
SYNAPSE,1000,2,task_012::perturbed_1,perturbed_1,0,679,0.0,0.0,0.0,1.7190000071423128,0.005092500000000001
MCP,1000,2,task_012::perturbed_1,perturbed_1,0,69920,0.0,0.0,0.0,2.5074000004678965,0.5244000000000001
SYNAPSE,1000,2,task_013::clean,clean,1,987,1.0,1.0,1.0,2.0733000128529966,0.0074025
MCP,1000,2,task_013::clean,clean,1,69920,0.0,0.0,0.0,2.528500001062639,0.5244000000000001
SYNAPSE,1000,2,task_013::perturbed_0,perturbed_0,0,983,1.0,1.0,1.0,1.3952000008430332,0.007372500000000001
MCP,1000,2,task_013::perturbed_0,perturbed_0,0,69920,0.0,0.0,0.0,2.4717000051168725,0.5244000000000001
SYNAPSE,1000,2,task_013::perturbed_1,perturbed_1,1,987,1.0,1.0,1.0,1.9742000004043803,0.0074025
MCP,1000,2,task_013::perturbed_1,perturbed_1,1,69920,0.0,0.0,0.0,2.4265000101877376,0.5244000000000001
SYNAPSE,1000,2,task_014::clean,clean,1,994,1.0,1.0,1.0,1.7548999894643202,0.007455000000000001
MCP,1000,2,task_014::clean,clean,1,69920,0.0,0.0,0.0,2.470600011292845,0.5244000000000001
SYNAPSE,1000,2,task_014::perturbed_0,perturbed_0,1,1003,1.0,1.0,1.0,1.7681000026641414,0.0075225000000000005
MCP,1000,2,task_014::perturbed_0,perturbed_0,1,69920,0.0,0.0,0.0,2.5374999968335032,0.5244000000000001
SYNAPSE,1000,2,task_014::perturbed_1,perturbed_1,1,1003,1.0,1.0,1.0,1.6903999930946156,0.0075225000000000005
MCP,1000,2,task_014::perturbed_1,perturbed_1,1,69920,0.0,0.0,0.0,2.561100001912564,0.5244000000000001
SYNAPSE,1000,2,task_015::clean,clean,1,984,1.0,1.0,1.0,1.6571000014664605,0.00738
MCP,1000,2,task_015::clean,clean,1,69920,0.0,0.0,0.0,2.530699988710694,0.5244000000000001
SYNAPSE,1000,2,task_015::perturbed_0,perturbed_0,0,979,1.0,0.0,0.25,1.3632000045618042,0.007342500000000001
MCP,1000,2,task_015::perturbed_0,perturbed_0,0,69920,0.0,0.0,0.0,2.5766999897314236,0.5244000000000001
SYNAPSE,1000,2,task_015::perturbed_1,perturbed_1,1,974,1.0,0.0,0.5,1.3586999994004145,0.007305000000000001
MCP,1000,2,task_015::perturbed_1,perturbed_1,1,69920,0.0,0.0,0.0,2.5840000016614795,0.5244000000000001
SYNAPSE,1000,2,task_016::clean,clean,1,988,1.0,1.0,1.0,1.882499986095354,0.007410000000000001
MCP,1000,2,task_016::clean,clean,1,69920,0.0,0.0,0.0,2.640499995322898,0.5244000000000001
SYNAPSE,1000,2,task_016::perturbed_0,perturbed_0,1,999,1.0,0.0,0.5,1.741200001561083,0.007492500000000001
MCP,1000,2,task_016::perturbed_0,perturbed_0,1,69920,0.0,0.0,0.0,2.714900008868426,0.5244000000000001
SYNAPSE,1000,2,task_016::perturbed_1,perturbed_1,0,995,1.0,0.0,0.5,1.4354000013554469,0.0074625
MCP,1000,2,task_016::perturbed_1,perturbed_1,0,69920,0.0,0.0,0.0,2.59429999277927,0.5244000000000001
SYNAPSE,1000,2,task_017::clean,clean,1,994,1.0,1.0,1.0,2.269400007207878,0.007455000000000001
MCP,1000,2,task_017::clean,clean,1,69920,0.0,0.0,0.0,2.6534999924479052,0.5244000000000001
SYNAPSE,1000,2,task_017::perturbed_0,perturbed_0,1,990,1.0,1.0,1.0,2.1022000000812113,0.007425
MCP,1000,2,task_017::perturbed_0,perturbed_0,1,69920,0.0,0.0,0.0,2.598599996417761,0.5244000000000001
SYNAPSE,1000,2,task_017::perturbed_1,perturbed_1,1,994,1.0,1.0,1.0,2.1053999953437597,0.007455000000000001
MCP,1000,2,task_017::perturbed_1,perturbed_1,1,69920,0.0,0.0,0.0,2.655599993886426,0.5244000000000001
SYNAPSE,1000,2,task_018::clean,clean,1,960,1.0,1.0,1.0,2.3000000073807314,0.007200000000000001
MCP,1000,2,task_018::clean,clean,1,69920,0.0,0.0,0.0,2.48089998785872,0.5244000000000001
SYNAPSE,1000,2,task_018::perturbed_0,perturbed_0,0,960,1.0,1.0,1.0,1.5454000094905496,0.007200000000000001
MCP,1000,2,task_018::perturbed_0,perturbed_0,0,69920,0.0,0.0,0.0,2.390699999523349,0.5244000000000001
SYNAPSE,1000,2,task_018::perturbed_1,perturbed_1,1,965,1.0,1.0,1.0,1.7575999954715371,0.007237500000000001
MCP,1000,2,task_018::perturbed_1,perturbed_1,1,69920,0.0,0.0,0.0,2.4728999997023493,0.5244000000000001
SYNAPSE,1000,2,task_019::clean,clean,1,982,1.0,1.0,1.0,2.0207999914418906,0.007365000000000001
MCP,1000,2,task_019::clean,clean,1,69920,0.0,0.0,0.0,2.5025999930221587,0.5244000000000001
SYNAPSE,1000,2,task_019::perturbed_0,perturbed_0,0,679,0.0,0.0,0.0,1.3491999998223037,0.005092500000000001
MCP,1000,2,task_019::perturbed_0,perturbed_0,0,69920,0.0,0.0,0.0,2.4558000004617497,0.5244000000000001
SYNAPSE,1000,2,task_019::perturbed_1,perturbed_1,0,963,1.0,0.0,0.25,1.2229999992996454,0.007222500000000001
MCP,1000,2,task_019::perturbed_1,perturbed_1,0,69920,0.0,0.0,0.0,2.430900000035763,0.5244000000000001
SYNAPSE,1000,2,task_020::clean,clean,1,994,1.0,1.0,1.0,1.4584000018658116,0.007455000000000001
MCP,1000,2,task_020::clean,clean,1,69920,1.0,1.0,1.0,2.6203999877907336,0.5244000000000001
SYNAPSE,1000,2,task_020::perturbed_0,perturbed_0,1,994,1.0,1.0,1.0,1.3811999961035326,0.007455000000000001
MCP,1000,2,task_020::perturbed_0,perturbed_0,1,69920,1.0,1.0,1.0,2.508200006559491,0.5244000000000001
SYNAPSE,1000,2,task_020::perturbed_1,perturbed_1,1,679,0.0,0.0,0.0,1.4842999953543767,0.005092500000000001
MCP,1000,2,task_020::perturbed_1,perturbed_1,1,69920,1.0,1.0,1.0,2.5742999860085547,0.5244000000000001
SYNAPSE,1000,2,task_021::clean,clean,1,989,1.0,1.0,1.0,1.8022000003838912,0.0074175000000000005
MCP,1000,2,task_021::clean,clean,1,69920,0.0,0.0,0.0,2.5465999933658168,0.5244000000000001
SYNAPSE,1000,2,task_021::perturbed_0,perturbed_0,0,993,1.0,1.0,1.0,1.1270000104559585,0.007447500000000001
MCP,1000,2,task_021::perturbed_0,perturbed_0,0,69920,0.0,0.0,0.0,2.618600003188476,0.5244000000000001
SYNAPSE,1000,2,task_021::perturbed_1,perturbed_1,1,997,1.0,0.0,0.5,1.5485000039916486,0.007477500000000001
MCP,1000,2,task_021::perturbed_1,perturbed_1,1,69920,0.0,0.0,0.0,2.403000005870126,0.5244000000000001
SYNAPSE,1000,2,task_022::clean,clean,1,960,1.0,1.0,1.0,2.0143000001553446,0.007200000000000001
MCP,1000,2,task_022::clean,clean,1,69920,0.0,0.0,0.0,2.829300006851554,0.5244000000000001
SYNAPSE,1000,2,task_022::perturbed_0,perturbed_0,0,679,0.0,0.0,0.0,1.4775000017834827,0.005092500000000001
MCP,1000,2,task_022::perturbed_0,perturbed_0,0,69920,0.0,0.0,0.0,2.4238000041805208,0.5244000000000001
SYNAPSE,1000,2,task_022::perturbed_1,perturbed_1,0,957,1.0,0.0,0.5,1.452399999834597,0.007177500000000001
MCP,1000,2,task_022::perturbed_1,perturbed_1,0,69920,0.0,0.0,0.0,2.409499997156672,0.5244000000000001
SYNAPSE,1000,2,task_023::clean,clean,1,957,1.0,1.0,1.0,1.9314000091981143,0.007177500000000001
MCP,1000,2,task_023::clean,clean,1,69920,0.0,0.0,0.0,2.4253000010503456,0.5244000000000001
SYNAPSE,1000,2,task_023::perturbed_0,perturbed_0,1,960,1.0,1.0,1.0,1.699100001133047,0.007200000000000001
MCP,1000,2,task_023::perturbed_0,perturbed_0,1,69920,0.0,0.0,0.0,2.442999990307726,0.5244000000000001
SYNAPSE,1000,2,task_023::perturbed_1,perturbed_1,1,679,0.0,0.0,0.0,1.799999998183921,0.005092500000000001
MCP,1000,2,task_023::perturbed_1,perturbed_1,1,69920,0.0,0.0,0.0,2.5716000091051683,0.5244000000000001
SYNAPSE,1000,2,task_024::clean,clean,1,966,1.0,1.0,1.0,1.919099988299422,0.007245000000000001
MCP,1000,2,task_024::clean,clean,1,69920,0.0,0.0,0.0,2.8393999964464456,0.5244000000000001
SYNAPSE,1000,2,task_024::perturbed_0,perturbed_0,0,679,0.0,0.0,0.0,1.5413999935844913,0.005092500000000001
MCP,1000,2,task_024::perturbed_0,perturbed_0,0,69920,0.0,0.0,0.0,2.5382000021636486,0.5244000000000001
SYNAPSE,1000,2,task_024::perturbed_1,perturbed_1,0,966,1.0,1.0,1.0,1.5399999974761158,0.007245000000000001
MCP,1000,2,task_024::perturbed_1,perturbed_1,0,69920,0.0,0.0,0.0,4.009399999631569,0.5244000000000001
SYNAPSE,1000,2,task_025::clean,clean,1,984,1.0,1.0,1.0,2.1407999884104356,0.00738
MCP,1000,2,task_025::clean,clean,1,69920,0.0,0.0,0.0,3.2216999970842153,0.5244000000000001
SYNAPSE,1000,2,task_025::perturbed_0,perturbed_0,0,679,0.0,0.0,0.0,1.9230000034440309,0.005092500000000001
MCP,1000,2,task_025::perturbed_0,perturbed_0,0,69920,0.0,0.0,0.0,2.6085999998031184,0.5244000000000001
SYNAPSE,1000,2,task_025::perturbed_1,perturbed_1,0,984,1.0,1.0,1.0,1.1977000103797764,0.00738
MCP,1000,2,task_025::perturbed_1,perturbed_1,0,69920,0.0,0.0,0.0,2.506099990569055,0.5244000000000001
SYNAPSE,1000,2,task_026::clean,clean,1,1011,1.0,1.0,1.0,1.7453999898862094,0.007582500000000001
MCP,1000,2,task_026::clean,clean,1,69920,1.0,0.0,0.5,4.57589999132324,0.5244000000000001
SYNAPSE,1000,2,task_026::perturbed_0,perturbed_0,1,1011,1.0,1.0,1.0,2.597699989564717,0.007582500000000001
MCP,1000,2,task_026::perturbed_0,perturbed_0,1,69920,1.0,0.0,0.5,3.1763000006321818,0.5244000000000001
SYNAPSE,1000,2,task_026::perturbed_1,perturbed_1,1,1011,1.0,1.0,1.0,1.945500000147149,0.007582500000000001
MCP,1000,2,task_026::perturbed_1,perturbed_1,1,69920,1.0,0.0,0.5,4.370000009657815,0.5244000000000001
SYNAPSE,1000,2,task_027::clean,clean,1,966,1.0,1.0,1.0,3.2927000138442963,0.007245000000000001
MCP,1000,2,task_027::clean,clean,1,69920,0.0,0.0,0.0,3.5644000017782673,0.5244000000000001
SYNAPSE,1000,2,task_027::perturbed_0,perturbed_0,1,955,1.0,0.0,0.5,2.142400000593625,0.0071625000000000005
MCP,1000,2,task_027::perturbed_0,perturbed_0,1,69920,0.0,0.0,0.0,2.5993999879574403,0.5244000000000001
SYNAPSE,1000,2,task_027::perturbed_1,perturbed_1,1,679,0.0,0.0,0.0,1.9394999981159344,0.005092500000000001
MCP,1000,2,task_027::perturbed_1,perturbed_1,1,69920,0.0,0.0,0.0,2.4997000000439584,0.5244000000000001
SYNAPSE,1000,2,task_028::clean,clean,1,956,1.0,1.0,1.0,2.5391000090166926,0.00717
MCP,1000,2,task_028::clean,clean,1,69920,0.0,0.0,0.0,2.6686000055633485,0.5244000000000001
SYNAPSE,1000,2,task_028::perturbed_0,perturbed_0,1,679,0.0,0.0,0.0,2.2976000036578625,0.005092500000000001
MCP,1000,2,task_028::perturbed_0,perturbed_0,1,69920,0.0,0.0,0.0,2.885099995182827,0.5244000000000001
SYNAPSE,1000,2,task_028::perturbed_1,perturbed_1,1,679,0.0,0.0,0.0,2.1416999952634797,0.005092500000000001
MCP,1000,2,task_028::perturbed_1,perturbed_1,1,69920,0.0,0.0,0.0,2.878600003896281,0.5244000000000001
SYNAPSE,1000,2,task_029::clean,clean,1,969,1.0,1.0,1.0,2.329499999177642,0.0072675000000000005
MCP,1000,2,task_029::clean,clean,1,69920,0.0,0.0,0.0,3.058599992073141,0.5244000000000001
SYNAPSE,1000,2,task_029::perturbed_0,perturbed_0,1,969,1.0,0.0,0.3333333333333333,2.2339999995892867,0.0072675000000000005
MCP,1000,2,task_029::perturbed_0,perturbed_0,1,69920,0.0,0.0,0.0,3.276100003859028,0.5244000000000001
SYNAPSE,1000,2,task_029::perturbed_1,perturbed_1,1,969,1.0,0.0,0.3333333333333333,1.9087999971816316,0.0072675000000000005
MCP,1000,2,task_029::perturbed_1,perturbed_1,1,69920,0.0,0.0,0.0,2.4068000057013705,0.5244000000000001
SYNAPSE,1000,3,task_000::clean,clean,1,1005,1.0,1.0,1.0,2.292599994689226,0.007537500000000001
MCP,1000,3,task_000::clean,clean,1,69862,0.0,0.0,0.0,2.481100003933534,0.523965
SYNAPSE,1000,3,task_000::perturbed_0,perturbed_0,1,1007,1.0,1.0,1.0,1.7837999912444502,0.0075525
MCP,1000,3,task_000::perturbed_0,perturbed_0,1,69862,0.0,0.0,0.0,2.5421000027563423,0.523965
SYNAPSE,1000,3,task_000::perturbed_1,perturbed_1,0,1007,1.0,1.0,1.0,1.4239999873097986,0.0075525
MCP,1000,3,task_000::perturbed_1,perturbed_1,0,69862,0.0,0.0,0.0,2.8267000016057864,0.523965
SYNAPSE,1000,3,task_001::clean,clean,1,1007,1.0,1.0,1.0,1.7441999953007326,0.0075525
MCP,1000,3,task_001::clean,clean,1,69862,0.0,0.0,0.0,2.5587999989511445,0.523965
SYNAPSE,1000,3,task_001::perturbed_0,perturbed_0,0,987,1.0,1.0,1.0,1.220999998622574,0.0074025
MCP,1000,3,task_001::perturbed_0,perturbed_0,0,69862,0.0,0.0,0.0,3.6835000064456835,0.523965
SYNAPSE,1000,3,task_001::perturbed_1,perturbed_1,1,1007,1.0,1.0,1.0,1.928600002429448,0.0075525
MCP,1000,3,task_001::perturbed_1,perturbed_1,1,69862,0.0,0.0,0.0,2.626000001328066,0.523965
SYNAPSE,1000,3,task_002::clean,clean,1,967,1.0,1.0,1.0,3.057900001294911,0.0072525
MCP,1000,3,task_002::clean,clean,1,69862,1.0,0.0,0.5,2.653699993970804,0.523965
SYNAPSE,1000,3,task_002::perturbed_0,perturbed_0,1,960,1.0,0.0,0.5,1.938799992785789,0.007200000000000001
MCP,1000,3,task_002::perturbed_0,perturbed_0,1,69862,1.0,0.0,0.125,2.420499993604608,0.523965
SYNAPSE,1000,3,task_002::perturbed_1,perturbed_1,1,679,0.0,0.0,0.0,1.8687999981921166,0.005092500000000001
MCP,1000,3,task_002::perturbed_1,perturbed_1,1,69862,1.0,0.0,0.125,2.750899991951883,0.523965
SYNAPSE,1000,3,task_003::clean,clean,1,967,1.0,1.0,1.0,2.6615999959176406,0.0072525
MCP,1000,3,task_003::clean,clean,1,69862,1.0,1.0,1.0,2.7753000031225383,0.523965
SYNAPSE,1000,3,task_003::perturbed_0,perturbed_0,1,965,1.0,1.0,1.0,2.402099999017082,0.007237500000000001
MCP,1000,3,task_003::perturbed_0,perturbed_0,1,69862,1.0,1.0,1.0,2.6827000110642985,0.523965
SYNAPSE,1000,3,task_003::perturbed_1,perturbed_1,1,960,1.0,1.0,1.0,1.9973000016761944,0.007200000000000001
MCP,1000,3,task_003::perturbed_1,perturbed_1,1,69862,1.0,1.0,1.0,2.842200003215112,0.523965
SYNAPSE,1000,3,task_004::clean,clean,1,980,1.0,1.0,1.0,2.4439000117126852,0.007350000000000001
MCP,1000,3,task_004::clean,clean,1,69862,1.0,1.0,1.0,2.501399998436682,0.523965
SYNAPSE,1000,3,task_004::perturbed_0,perturbed_0,1,977,1.0,1.0,1.0,1.8640000052982941,0.007327500000000001
MCP,1000,3,task_004::perturbed_0,perturbed_0,1,69862,1.0,1.0,1.0,2.557100000558421,0.523965
SYNAPSE,1000,3,task_004::perturbed_1,perturbed_1,1,977,1.0,1.0,1.0,2.2160999942570925,0.007327500000000001
MCP,1000,3,task_004::perturbed_1,perturbed_1,1,69862,1.0,1.0,1.0,2.6765999937197194,0.523965
SYNAPSE,1000,3,task_005::clean,clean,1,989,1.0,1.0,1.0,1.6744000022299588,0.0074175000000000005
MCP,1000,3,task_005::clean,clean,1,69862,0.0,0.0,0.0,2.3880000080680475,0.523965
SYNAPSE,1000,3,task_005::perturbed_0,perturbed_0,1,989,1.0,1.0,1.0,1.4745999942533672,0.0074175000000000005
MCP,1000,3,task_005::perturbed_0,perturbed_0,1,69862,0.0,0.0,0.0,2.413499998510815,0.523965
SYNAPSE,1000,3,task_005::perturbed_1,perturbed_1,1,992,1.0,1.0,1.0,1.2775000068359077,0.00744
MCP,1000,3,task_005::perturbed_1,perturbed_1,1,69862,0.0,0.0,0.0,2.490699989721179,0.523965
SYNAPSE,1000,3,task_006::clean,clean,1,981,1.0,1.0,1.0,1.767699999618344,0.0073575
MCP,1000,3,task_006::clean,clean,1,69862,1.0,1.0,1.0,2.4160000029951334,0.523965
SYNAPSE,1000,3,task_006::perturbed_0,perturbed_0,1,987,1.0,1.0,1.0,1.4475000061793253,0.0074025
MCP,1000,3,task_006::perturbed_0,perturbed_0,1,69862,1.0,0.0,0.5,2.3978999961400405,0.523965
SYNAPSE,1000,3,task_006::perturbed_1,perturbed_1,1,991,1.0,0.0,0.5,1.4370999997481704,0.007432500000000001
MCP,1000,3,task_006::perturbed_1,perturbed_1,1,69862,1.0,0.0,0.5,2.367300010519102,0.523965
SYNAPSE,1000,3,task_007::clean,clean,1,962,1.0,1.0,1.0,1.894100001663901,0.007215000000000001
MCP,1000,3,task_007::clean,clean,1,69862,0.0,0.0,0.0,2.426000006380491,0.523965
SYNAPSE,1000,3,task_007::perturbed_0,perturbed_0,0,959,1.0,1.0,1.0,1.356099994154647,0.007192500000000001
MCP,1000,3,task_007::perturbed_0,perturbed_0,0,69862,0.0,0.0,0.0,2.457700000377372,0.523965
SYNAPSE,1000,3,task_007::perturbed_1,perturbed_1,1,954,1.0,0.0,0.25,1.7903999978443608,0.007155000000000001
MCP,1000,3,task_007::perturbed_1,perturbed_1,1,69862,0.0,0.0,0.0,2.5467999948887154,0.523965
SYNAPSE,1000,3,task_008::clean,clean,1,984,1.0,1.0,1.0,2.0972999918740243,0.00738
MCP,1000,3,task_008::clean,clean,1,69862,0.0,0.0,0.0,2.5165999977616593,0.523965
SYNAPSE,1000,3,task_008::perturbed_0,perturbed_0,1,982,1.0,1.0,1.0,2.046399997198023,0.007365000000000001
MCP,1000,3,task_008::perturbed_0,perturbed_0,1,69862,0.0,0.0,0.0,2.5910999975167215,0.523965
SYNAPSE,1000,3,task_008::perturbed_1,perturbed_1,1,976,1.0,1.0,1.0,2.62759999895934,0.007320000000000001
MCP,1000,3,task_008::perturbed_1,perturbed_1,1,69862,0.0,0.0,0.0,2.4553000112064183,0.523965
SYNAPSE,1000,3,task_009::clean,clean,1,971,1.0,1.0,1.0,2.1455999958561733,0.007282500000000001
MCP,1000,3,task_009::clean,clean,1,69862,0.0,0.0,0.0,2.9270999948494136,0.523965
SYNAPSE,1000,3,task_009::perturbed_0,perturbed_0,0,974,1.0,0.0,0.25,1.786199994967319,0.007305000000000001
MCP,1000,3,task_009::perturbed_0,perturbed_0,0,69862,0.0,0.0,0.0,3.080099995713681,0.523965
SYNAPSE,1000,3,task_009::perturbed_1,perturbed_1,1,679,0.0,0.0,0.0,2.9787000094074756,0.005092500000000001
MCP,1000,3,task_009::perturbed_1,perturbed_1,1,69862,0.0,0.0,0.0,2.695500006666407,0.523965
SYNAPSE,1000,3,task_010::clean,clean,1,990,1.0,1.0,1.0,1.9230000034440309,0.007425
MCP,1000,3,task_010::clean,clean,1,69862,1.0,1.0,1.0,2.377099997829646,0.523965
SYNAPSE,1000,3,task_010::perturbed_0,perturbed_0,1,679,0.0,0.0,0.0,1.3278000114951283,0.005092500000000001
MCP,1000,3,task_010::perturbed_0,perturbed_0,1,69862,1.0,0.0,0.5,2.364800006034784,0.523965
SYNAPSE,1000,3,task_010::perturbed_1,perturbed_1,1,679,0.0,0.0,0.0,1.178800011985004,0.005092500000000001
MCP,1000,3,task_010::perturbed_1,perturbed_1,1,69862,1.0,0.0,0.5,2.367300010519102,0.523965
SYNAPSE,1000,3,task_011::clean,clean,1,987,1.0,1.0,1.0,1.8699999927775934,0.0074025
MCP,1000,3,task_011::clean,clean,1,69862,0.0,0.0,0.0,3.095199994277209,0.523965
SYNAPSE,1000,3,task_011::perturbed_0,perturbed_0,1,991,1.0,0.0,0.5,1.679699998931028,0.007432500000000001
MCP,1000,3,task_011::perturbed_0,perturbed_0,1,69862,0.0,0.0,0.0,2.420200005872175,0.523965
SYNAPSE,1000,3,task_011::perturbed_1,perturbed_1,0,990,1.0,0.0,0.5,1.0744000028353184,0.007425
MCP,1000,3,task_011::perturbed_1,perturbed_1,0,69862,0.0,0.0,0.0,2.551300000050105,0.523965
SYNAPSE,1000,3,task_012::clean,clean,1,981,1.0,1.0,1.0,2.1822999988216907,0.0073575
MCP,1000,3,task_012::clean,clean,1,69862,0.0,0.0,0.0,3.284999998868443,0.523965
SYNAPSE,1000,3,task_012::perturbed_0,perturbed_0,0,980,1.0,1.0,1.0,3.369300000485964,0.007350000000000001
MCP,1000,3,task_012::perturbed_0,perturbed_0,0,69862,0.0,0.0,0.0,2.9524999990826473,0.523965
SYNAPSE,1000,3,task_012::perturbed_1,perturbed_1,0,981,1.0,1.0,1.0,1.3795999984722584,0.0073575
MCP,1000,3,task_012::perturbed_1,perturbed_1,0,69862,0.0,0.0,0.0,3.846600011456758,0.523965
SYNAPSE,1000,3,task_013::clean,clean,1,974,1.0,1.0,1.0,2.640400009113364,0.007305000000000001
MCP,1000,3,task_013::clean,clean,1,69862,0.0,0.0,0.0,3.461300002527423,0.523965
SYNAPSE,1000,3,task_013::perturbed_0,perturbed_0,0,968,1.0,1.0,1.0,1.365600008284673,0.007260000000000001
MCP,1000,3,task_013::perturbed_0,perturbed_0,0,69862,0.0,0.0,0.0,2.991700006532483,0.523965
SYNAPSE,1000,3,task_013::perturbed_1,perturbed_1,0,971,1.0,1.0,1.0,2.1169999963603914,0.007282500000000001
MCP,1000,3,task_013::perturbed_1,perturbed_1,0,69862,0.0,0.0,0.0,2.75730001158081,0.523965
SYNAPSE,1000,3,task_014::clean,clean,1,1007,1.0,1.0,1.0,3.2472000020788983,0.0075525
MCP,1000,3,task_014::clean,clean,1,69862,0.0,0.0,0.0,2.6609000051394105,0.523965
SYNAPSE,1000,3,task_014::perturbed_0,perturbed_0,1,1007,1.0,1.0,1.0,2.375299998675473,0.0075525
MCP,1000,3,task_014::perturbed_0,perturbed_0,1,69862,0.0,0.0,0.0,2.7399999962653965,0.523965
SYNAPSE,1000,3,task_014::perturbed_1,perturbed_1,0,1005,1.0,1.0,1.0,2.7599000022746623,0.007537500000000001
MCP,1000,3,task_014::perturbed_1,perturbed_1,0,69862,0.0,0.0,0.0,2.7135000127600506,0.523965
SYNAPSE,1000,3,task_015::clean,clean,1,985,1.0,1.0,1.0,1.7801999929361045,0.007387500000000001
MCP,1000,3,task_015::clean,clean,1,69862,0.0,0.0,0.0,2.772399995592423,0.523965
SYNAPSE,1000,3,task_015::perturbed_0,perturbed_0,1,985,1.0,1.0,1.0,1.3923000078648329,0.007387500000000001
MCP,1000,3,task_015::perturbed_0,perturbed_0,1,69862,0.0,0.0,0.0,2.9058999934932217,0.523965
SYNAPSE,1000,3,task_015::perturbed_1,perturbed_1,1,984,1.0,1.0,1.0,1.963699993211776,0.00738
MCP,1000,3,task_015::perturbed_1,perturbed_1,1,69862,0.0,0.0,0.0,2.840499990270473,0.523965
SYNAPSE,1000,3,task_016::clean,clean,1,989,1.0,1.0,1.0,2.3806999961379915,0.0074175000000000005
MCP,1000,3,task_016::clean,clean,1,69862,0.0,0.0,0.0,2.973299997393042,0.523965
SYNAPSE,1000,3,task_016::perturbed_0,perturbed_0,1,989,1.0,1.0,1.0,2.3305000067921355,0.0074175000000000005
MCP,1000,3,task_016::perturbed_0,perturbed_0,1,69862,0.0,0.0,0.0,2.645799992023967,0.523965
SYNAPSE,1000,3,task_016::perturbed_1,perturbed_1,1,994,1.0,1.0,1.0,1.7746999947121367,0.007455000000000001
MCP,1000,3,task_016::perturbed_1,perturbed_1,1,69862,0.0,0.0,0.0,2.9386999958660454,0.523965
SYNAPSE,1000,3,task_017::clean,clean,1,993,1.0,1.0,1.0,2.263399990624748,0.007447500000000001
MCP,1000,3,task_017::clean,clean,1,69862,0.0,0.0,0.0,2.890899995691143,0.523965
SYNAPSE,1000,3,task_017::perturbed_0,perturbed_0,0,989,1.0,1.0,1.0,1.4205000043148175,0.0074175000000000005
MCP,1000,3,task_017::perturbed_0,perturbed_0,0,69862,0.0,0.0,0.0,2.6357999886386096,0.523965
SYNAPSE,1000,3,task_017::perturbed_1,perturbed_1,1,989,1.0,1.0,1.0,2.437100003589876,0.0074175000000000005
MCP,1000,3,task_017::perturbed_1,perturbed_1,1,69862,0.0,0.0,0.0,2.853900004993193,0.523965
SYNAPSE,1000,3,task_018::clean,clean,1,966,1.0,1.0,1.0,2.7966000052401796,0.007245000000000001
MCP,1000,3,task_018::clean,clean,1,69862,0.0,0.0,0.0,3.3499999990453944,0.523965
SYNAPSE,1000,3,task_018::perturbed_0,perturbed_0,1,679,0.0,0.0,0.0,2.483000003849156,0.005092500000000001
MCP,1000,3,task_018::perturbed_0,perturbed_0,1,69862,0.0,0.0,0.0,2.657999997609295,0.523965
SYNAPSE,1000,3,task_018::perturbed_1,perturbed_1,1,966,1.0,1.0,1.0,2.260900000692345,0.007245000000000001
MCP,1000,3,task_018::perturbed_1,perturbed_1,1,69862,0.0,0.0,0.0,2.8298999968683347,0.523965
SYNAPSE,1000,3,task_019::clean,clean,1,964,1.0,1.0,1.0,2.6782000059029087,0.00723
MCP,1000,3,task_019::clean,clean,1,69862,0.0,0.0,0.0,3.768200011109002,0.523965
SYNAPSE,1000,3,task_019::perturbed_0,perturbed_0,1,679,0.0,0.0,0.0,2.3092999908840284,0.005092500000000001
MCP,1000,3,task_019::perturbed_0,perturbed_0,1,69862,0.0,0.0,0.0,3.001600009156391,0.523965
SYNAPSE,1000,3,task_019::perturbed_1,perturbed_1,1,978,1.0,1.0,1.0,2.344299995456822,0.007335
MCP,1000,3,task_019::perturbed_1,perturbed_1,1,69862,0.0,0.0,0.0,4.159799995250069,0.523965
SYNAPSE,1000,3,task_020::clean,clean,1,992,1.0,1.0,1.0,1.9460000039543957,0.00744
MCP,1000,3,task_020::clean,clean,1,69862,1.0,1.0,1.0,2.5815999979386106,0.523965
SYNAPSE,1000,3,task_020::perturbed_0,perturbed_0,1,992,1.0,1.0,1.0,1.6739999991841614,0.00744
MCP,1000,3,task_020::perturbed_0,perturbed_0,1,69862,1.0,1.0,1.0,3.0839999963063747,0.523965
SYNAPSE,1000,3,task_020::perturbed_1,perturbed_1,0,988,1.0,1.0,1.0,1.61570000636857,0.007410000000000001
MCP,1000,3,task_020::perturbed_1,perturbed_1,0,69862,1.0,0.0,0.5,2.846000003046356,0.523965
SYNAPSE,1000,3,task_021::clean,clean,1,987,1.0,1.0,1.0,2.05650000134483,0.0074025
MCP,1000,3,task_021::clean,clean,1,69862,0.0,0.0,0.0,3.0793000041740015,0.523965
SYNAPSE,1000,3,task_021::perturbed_0,perturbed_0,0,983,1.0,1.0,1.0,1.5315000055124983,0.007372500000000001
MCP,1000,3,task_021::perturbed_0,perturbed_0,0,69862,0.0,0.0,0.0,2.8426999924704432,0.523965
SYNAPSE,1000,3,task_021::perturbed_1,perturbed_1,1,987,1.0,1.0,1.0,2.2425999923143536,0.0074025
MCP,1000,3,task_021::perturbed_1,perturbed_1,1,69862,0.0,0.0,0.0,2.7701000071829185,0.523965
SYNAPSE,1000,3,task_022::clean,clean,1,957,1.0,1.0,1.0,2.301100001204759,0.007177500000000001
MCP,1000,3,task_022::clean,clean,1,69862,0.0,0.0,0.0,4.6436000120593235,0.523965
SYNAPSE,1000,3,task_022::perturbed_0,perturbed_0,0,965,1.0,0.0,0.5,1.4288999955169857,0.007237500000000001
MCP,1000,3,task_022::perturbed_0,perturbed_0,0,69862,0.0,0.0,0.0,3.3050999918486923,0.523965
SYNAPSE,1000,3,task_022::perturbed_1,perturbed_1,1,957,1.0,0.0,0.25,2.395300005446188,0.007177500000000001
MCP,1000,3,task_022::perturbed_1,perturbed_1,1,69862,0.0,0.0,0.0,2.947800006950274,0.523965
SYNAPSE,1000,3,task_023::clean,clean,1,968,1.0,1.0,1.0,3.0358999938471243,0.007260000000000001
MCP,1000,3,task_023::clean,clean,1,69862,0.0,0.0,0.0,2.890299991122447,0.523965
SYNAPSE,1000,3,task_023::perturbed_0,perturbed_0,0,679,0.0,0.0,0.0,1.6971000004559755,0.005092500000000001
MCP,1000,3,task_023::perturbed_0,perturbed_0,0,69862,0.0,0.0,0.0,5.923599994275719,0.523965
SYNAPSE,1000,3,task_023::perturbed_1,perturbed_1,0,965,1.0,1.0,1.0,2.285800001118332,0.007237500000000001
MCP,1000,3,task_023::perturbed_1,perturbed_1,0,69862,0.0,0.0,0.0,3.3096999977715313,0.523965
SYNAPSE,1000,3,task_024::clean,clean,1,966,1.0,1.0,1.0,2.596799997263588,0.007245000000000001
MCP,1000,3,task_024::clean,clean,1,69862,0.0,0.0,0.0,2.735500005655922,0.523965
SYNAPSE,1000,3,task_024::perturbed_0,perturbed_0,0,963,1.0,1.0,1.0,1.470200004405342,0.007222500000000001
MCP,1000,3,task_024::perturbed_0,perturbed_0,0,69862,0.0,0.0,0.0,2.6482999965082854,0.523965
SYNAPSE,1000,3,task_024::perturbed_1,perturbed_1,1,966,1.0,1.0,1.0,2.021400010562502,0.007245000000000001
MCP,1000,3,task_024::perturbed_1,perturbed_1,1,69862,0.0,0.0,0.0,2.8993000014452264,0.523965
SYNAPSE,1000,3,task_025::clean,clean,1,985,1.0,1.0,1.0,1.726799993775785,0.007387500000000001
MCP,1000,3,task_025::clean,clean,1,69862,0.0,0.0,0.0,2.585099995485507,0.523965
SYNAPSE,1000,3,task_025::perturbed_0,perturbed_0,1,989,1.0,1.0,1.0,1.4537999959429726,0.0074175000000000005
MCP,1000,3,task_025::perturbed_0,perturbed_0,1,69862,0.0,0.0,0.0,3.147800001897849,0.523965
SYNAPSE,1000,3,task_025::perturbed_1,perturbed_1,1,987,1.0,1.0,1.0,1.5205999952740967,0.0074025
MCP,1000,3,task_025::perturbed_1,perturbed_1,1,69862,0.0,0.0,0.0,2.709099993808195,0.523965
SYNAPSE,1000,3,task_026::clean,clean,1,1007,1.0,1.0,1.0,2.0501999970292673,0.0075525
MCP,1000,3,task_026::clean,clean,1,69862,1.0,1.0,1.0,3.353299995069392,0.523965
SYNAPSE,1000,3,task_026::perturbed_0,perturbed_0,1,1008,1.0,1.0,1.0,1.796600001398474,0.007560000000000001
MCP,1000,3,task_026::perturbed_0,perturbed_0,1,69862,1.0,0.0,0.5,2.854000005754642,0.523965
SYNAPSE,1000,3,task_026::perturbed_1,perturbed_1,0,1005,1.0,1.0,1.0,1.3805999915348366,0.007537500000000001
MCP,1000,3,task_026::perturbed_1,perturbed_1,0,69862,1.0,1.0,1.0,2.7925000031245872,0.523965
SYNAPSE,1000,3,task_027::clean,clean,1,963,1.0,1.0,1.0,2.198099988163449,0.007222500000000001
MCP,1000,3,task_027::clean,clean,1,69862,0.0,0.0,0.0,2.776100009214133,0.523965
SYNAPSE,1000,3,task_027::perturbed_0,perturbed_0,1,956,1.0,0.0,0.25,2.103399994666688,0.00717
MCP,1000,3,task_027::perturbed_0,perturbed_0,1,69862,0.0,0.0,0.0,2.632400006405078,0.523965
SYNAPSE,1000,3,task_027::perturbed_1,perturbed_1,1,679,0.0,0.0,0.0,2.3813000007066876,0.005092500000000001
MCP,1000,3,task_027::perturbed_1,perturbed_1,1,69862,0.0,0.0,0.0,2.4972999963210896,0.523965
SYNAPSE,1000,3,task_028::clean,clean,1,967,1.0,1.0,1.0,1.952899998286739,0.0072525
MCP,1000,3,task_028::clean,clean,1,69862,0.0,0.0,0.0,2.489999998942949,0.523965
SYNAPSE,1000,3,task_028::perturbed_0,perturbed_0,0,679,0.0,0.0,0.0,1.4246000064304098,0.005092500000000001
MCP,1000,3,task_028::perturbed_0,perturbed_0,0,69862,0.0,0.0,0.0,2.428499996312894,0.523965
SYNAPSE,1000,3,task_028::perturbed_1,perturbed_1,0,965,1.0,1.0,1.0,1.4035000058356673,0.007237500000000001
MCP,1000,3,task_028::perturbed_1,perturbed_1,0,69862,0.0,0.0,0.0,1.0265000018989667,0.523965
SYNAPSE,1000,3,task_029::clean,clean,1,980,1.0,1.0,1.0,0.9968000085791573,0.007350000000000001
MCP,1000,3,task_029::clean,clean,1,69862,0.0,0.0,0.0,1.1457000073278323,0.523965
SYNAPSE,1000,3,task_029::perturbed_0,perturbed_0,1,979,1.0,0.0,0.25,0.9325999999418855,0.007342500000000001
MCP,1000,3,task_029::perturbed_0,perturbed_0,1,69862,0.0,0.0,0.0,1.1012999893864617,0.523965
SYNAPSE,1000,3,task_029::perturbed_1,perturbed_1,0,679,0.0,0.0,0.0,0.6821999995736405,0.005092500000000001
MCP,1000,3,task_029::perturbed_1,perturbed_1,0,69862,0.0,0.0,0.0,1.225900006829761,0.523965
SYNAPSE,1000,4,task_000::clean,clean,1,1001,1.0,1.0,1.0,2.573099991423078,0.0075075
MCP,1000,4,task_000::clean,clean,1,69761,0.0,0.0,0.0,2.6453000027686357,0.5232075
SYNAPSE,1000,4,task_000::perturbed_0,perturbed_0,0,1001,1.0,1.0,1.0,1.5910999936750159,0.0075075
MCP,1000,4,task_000::perturbed_0,perturbed_0,0,69761,0.0,0.0,0.0,2.4921000003814697,0.5232075
SYNAPSE,1000,4,task_000::perturbed_1,perturbed_1,1,1001,1.0,1.0,1.0,1.9333999953232706,0.0075075
MCP,1000,4,task_000::perturbed_1,perturbed_1,1,69761,0.0,0.0,0.0,2.4179000029107556,0.5232075
SYNAPSE,1000,4,task_001::clean,clean,1,987,1.0,1.0,1.0,1.644699994358234,0.0074025
MCP,1000,4,task_001::clean,clean,1,69761,0.0,0.0,0.0,2.424499994958751,0.5232075
SYNAPSE,1000,4,task_001::perturbed_0,perturbed_0,1,989,1.0,0.0,0.5,1.4469000016106293,0.0074175000000000005
MCP,1000,4,task_001::perturbed_0,perturbed_0,1,69761,0.0,0.0,0.0,2.6012000016635284,0.5232075
SYNAPSE,1000,4,task_001::perturbed_1,perturbed_1,1,986,1.0,1.0,1.0,1.7652999958954751,0.0073950000000000005
MCP,1000,4,task_001::perturbed_1,perturbed_1,1,69761,0.0,0.0,0.0,2.510900012566708,0.5232075
SYNAPSE,1000,4,task_002::clean,clean,1,974,1.0,1.0,1.0,1.8408000032650307,0.007305000000000001
MCP,1000,4,task_002::clean,clean,1,69761,1.0,0.0,0.5,2.7820999966934323,0.5232075
SYNAPSE,1000,4,task_002::perturbed_0,perturbed_0,0,975,1.0,1.0,1.0,1.2805000005755574,0.0073125
MCP,1000,4,task_002::perturbed_0,perturbed_0,0,69761,1.0,1.0,1.0,2.9867999983252957,0.5232075
SYNAPSE,1000,4,task_002::perturbed_1,perturbed_1,0,981,1.0,1.0,1.0,1.1737000022549182,0.0073575
MCP,1000,4,task_002::perturbed_1,perturbed_1,0,69761,1.0,0.0,0.5,3.3702999935485423,0.5232075
SYNAPSE,1000,4,task_003::clean,clean,1,973,1.0,1.0,1.0,2.0419000065885484,0.0072975
MCP,1000,4,task_003::clean,clean,1,69761,1.0,1.0,1.0,2.6092999905813485,0.5232075
SYNAPSE,1000,4,task_003::perturbed_0,perturbed_0,1,966,1.0,1.0,1.0,2.2075000015320256,0.007245000000000001
MCP,1000,4,task_003::perturbed_0,perturbed_0,1,69761,1.0,1.0,1.0,2.534600003855303,0.5232075
SYNAPSE,1000,4,task_003::perturbed_1,perturbed_1,1,973,1.0,1.0,1.0,2.2299000120256096,0.0072975
MCP,1000,4,task_003::perturbed_1,perturbed_1,1,69761,1.0,1.0,1.0,2.9402000072877854,0.5232075
SYNAPSE,1000,4,task_004::clean,clean,1,961,1.0,1.0,1.0,2.6683000032790005,0.0072075
MCP,1000,4,task_004::clean,clean,1,69761,1.0,1.0,1.0,2.607599992188625,0.5232075
SYNAPSE,1000,4,task_004::perturbed_0,perturbed_0,0,966,1.0,1.0,1.0,1.3739999994868413,0.007245000000000001
MCP,1000,4,task_004::perturbed_0,perturbed_0,0,69761,1.0,0.0,0.5,2.372599992668256,0.5232075
SYNAPSE,1000,4,task_004::perturbed_1,perturbed_1,1,961,1.0,1.0,1.0,1.6528999985894188,0.0072075
MCP,1000,4,task_004::perturbed_1,perturbed_1,1,69761,1.0,0.0,0.5,2.64170000446029,0.5232075
SYNAPSE,1000,4,task_005::clean,clean,1,990,1.0,1.0,1.0,1.672300000791438,0.007425
MCP,1000,4,task_005::clean,clean,1,69761,0.0,0.0,0.0,2.478700000210665,0.5232075
SYNAPSE,1000,4,task_005::perturbed_0,perturbed_0,0,981,1.0,0.0,0.5,1.2208999978611246,0.0073575
MCP,1000,4,task_005::perturbed_0,perturbed_0,0,69761,0.0,0.0,0.0,2.5184999976772815,0.5232075
SYNAPSE,1000,4,task_005::perturbed_1,perturbed_1,0,992,1.0,1.0,1.0,1.189900009194389,0.00744
MCP,1000,4,task_005::perturbed_1,perturbed_1,0,69761,0.0,0.0,0.0,2.6956999936373904,0.5232075
SYNAPSE,1000,4,task_006::clean,clean,1,989,1.0,1.0,1.0,2.0268999942345545,0.0074175000000000005
MCP,1000,4,task_006::clean,clean,1,69761,1.0,1.0,1.0,2.6757000014185905,0.5232075
SYNAPSE,1000,4,task_006::perturbed_0,perturbed_0,1,991,1.0,0.0,0.5,3.9997999992920086,0.007432500000000001
MCP,1000,4,task_006::perturbed_0,perturbed_0,1,69761,1.0,1.0,1.0,2.9719000012846664,0.5232075
SYNAPSE,1000,4,task_006::perturbed_1,perturbed_1,1,991,1.0,0.0,0.5,1.8469999922672287,0.007432500000000001
MCP,1000,4,task_006::perturbed_1,perturbed_1,1,69761,1.0,0.0,0.25,2.805900003295392,0.5232075
SYNAPSE,1000,4,task_007::clean,clean,1,953,1.0,1.0,1.0,1.9933000003220513,0.0071475
MCP,1000,4,task_007::clean,clean,1,69761,0.0,0.0,0.0,2.4963000032585114,0.5232075
SYNAPSE,1000,4,task_007::perturbed_0,perturbed_0,0,947,1.0,0.0,0.3333333333333333,1.144399997428991,0.0071025
MCP,1000,4,task_007::perturbed_0,perturbed_0,0,69761,0.0,0.0,0.0,3.851999994367361,0.5232075
SYNAPSE,1000,4,task_007::perturbed_1,perturbed_1,1,953,1.0,1.0,1.0,2.6126000011572614,0.0071475
MCP,1000,4,task_007::perturbed_1,perturbed_1,1,69761,0.0,0.0,0.0,2.689400003873743,0.5232075
SYNAPSE,1000,4,task_008::clean,clean,1,975,1.0,1.0,1.0,2.2142999951029196,0.0073125
MCP,1000,4,task_008::clean,clean,1,69761,0.0,0.0,0.0,2.7824999997392297,0.5232075
SYNAPSE,1000,4,task_008::perturbed_0,perturbed_0,0,971,0.0,0.0,0.0,1.6466999950353056,0.007282500000000001
MCP,1000,4,task_008::perturbed_0,perturbed_0,0,69761,0.0,0.0,0.0,2.6277000142727047,0.5232075
SYNAPSE,1000,4,task_008::perturbed_1,perturbed_1,1,974,1.0,1.0,1.0,2.235200008726679,0.007305000000000001
MCP,1000,4,task_008::perturbed_1,perturbed_1,1,69761,0.0,0.0,0.0,2.6527000009082258,0.5232075
SYNAPSE,1000,4,task_009::clean,clean,1,976,1.0,1.0,1.0,1.9885000074282289,0.007320000000000001
MCP,1000,4,task_009::clean,clean,1,69761,0.0,0.0,0.0,2.4267999979201704,0.5232075
SYNAPSE,1000,4,task_009::perturbed_0,perturbed_0,0,969,1.0,0.0,0.3333333333333333,1.2970999960089102,0.0072675000000000005
MCP,1000,4,task_009::perturbed_0,perturbed_0,0,69761,0.0,0.0,0.0,2.3644000029889867,0.5232075
SYNAPSE,1000,4,task_009::perturbed_1,perturbed_1,1,679,0.0,0.0,0.0,2.0841999939875677,0.005092500000000001
MCP,1000,4,task_009::perturbed_1,perturbed_1,1,69761,0.0,0.0,0.0,2.4611999979242682,0.5232075
SYNAPSE,1000,4,task_010::clean,clean,1,979,1.0,1.0,1.0,1.301299998885952,0.007342500000000001
MCP,1000,4,task_010::clean,clean,1,69761,1.0,1.0,1.0,2.4040999996941537,0.5232075
SYNAPSE,1000,4,task_010::perturbed_0,perturbed_0,0,679,0.0,0.0,0.0,1.3045999949099496,0.005092500000000001
MCP,1000,4,task_010::perturbed_0,perturbed_0,0,69761,1.0,0.0,0.5,2.3723999911453575,0.5232075
SYNAPSE,1000,4,task_010::perturbed_1,perturbed_1,1,981,1.0,1.0,1.0,1.0719999991124496,0.0073575
MCP,1000,4,task_010::perturbed_1,perturbed_1,1,69761,1.0,0.0,0.5,2.3686000058660284,0.5232075
SYNAPSE,1000,4,task_011::clean,clean,1,980,1.0,1.0,1.0,1.9201999966753647,0.007350000000000001
MCP,1000,4,task_011::clean,clean,1,69761,0.0,0.0,0.0,2.4185000074794516,0.5232075
SYNAPSE,1000,4,task_011::perturbed_0,perturbed_0,0,983,1.0,1.0,1.0,1.0375999991083518,0.007372500000000001
MCP,1000,4,task_011::perturbed_0,perturbed_0,0,69761,0.0,0.0,0.0,2.3806000099284574,0.5232075
SYNAPSE,1000,4,task_011::perturbed_1,perturbed_1,1,987,1.0,0.0,0.5,1.6969999996945262,0.0074025
MCP,1000,4,task_011::perturbed_1,perturbed_1,1,69761,0.0,0.0,0.0,2.4630000116303563,0.5232075
SYNAPSE,1000,4,task_012::clean,clean,1,979,1.0,1.0,1.0,1.8770000024233013,0.007342500000000001
MCP,1000,4,task_012::clean,clean,1,69761,0.0,0.0,0.0,2.4407000018982217,0.5232075
SYNAPSE,1000,4,task_012::perturbed_0,perturbed_0,0,979,1.0,1.0,1.0,1.2765999999828637,0.007342500000000001
MCP,1000,4,task_012::perturbed_0,perturbed_0,0,69761,0.0,0.0,0.0,2.4170000106096268,0.5232075
SYNAPSE,1000,4,task_012::perturbed_1,perturbed_1,1,979,1.0,1.0,1.0,1.7558999970788136,0.007342500000000001
MCP,1000,4,task_012::perturbed_1,perturbed_1,1,69761,0.0,0.0,0.0,2.4267999979201704,0.5232075
SYNAPSE,1000,4,task_013::clean,clean,1,988,1.0,1.0,1.0,1.9844999915221706,0.007410000000000001
MCP,1000,4,task_013::clean,clean,1,69761,0.0,0.0,0.0,2.4317000061273575,0.5232075
SYNAPSE,1000,4,task_013::perturbed_0,perturbed_0,0,968,1.0,0.0,0.5,1.08229999023024,0.007260000000000001
MCP,1000,4,task_013::perturbed_0,perturbed_0,0,69761,0.0,0.0,0.0,2.3609000054420903,0.5232075
SYNAPSE,1000,4,task_013::perturbed_1,perturbed_1,1,984,1.0,1.0,1.0,1.829500004532747,0.00738
MCP,1000,4,task_013::perturbed_1,perturbed_1,1,69761,0.0,0.0,0.0,2.4326999991899356,0.5232075
SYNAPSE,1000,4,task_014::clean,clean,1,1004,1.0,1.0,1.0,2.134099995600991,0.00753
MCP,1000,4,task_014::clean,clean,1,69761,0.0,0.0,0.0,2.387000000453554,0.5232075
SYNAPSE,1000,4,task_014::perturbed_0,perturbed_0,1,1000,1.0,1.0,1.0,1.939699999638833,0.007500000000000001
MCP,1000,4,task_014::perturbed_0,perturbed_0,1,69761,0.0,0.0,0.0,2.391500005614944,0.5232075
SYNAPSE,1000,4,task_014::perturbed_1,perturbed_1,1,988,1.0,0.0,0.5,2.084599997033365,0.007410000000000001
MCP,1000,4,task_014::perturbed_1,perturbed_1,1,69761,0.0,0.0,0.0,2.4130000092554837,0.5232075
SYNAPSE,1000,4,task_015::clean,clean,1,999,1.0,1.0,1.0,1.4011000021127984,0.007492500000000001
MCP,1000,4,task_015::clean,clean,1,69761,0.0,0.0,0.0,2.346699999179691,0.5232075
SYNAPSE,1000,4,task_015::perturbed_0,perturbed_0,1,999,1.0,1.0,1.0,1.3020999904256314,0.007492500000000001
MCP,1000,4,task_015::perturbed_0,perturbed_0,1,69761,0.0,0.0,0.0,4.029200004879385,0.5232075
SYNAPSE,1000,4,task_015::perturbed_1,perturbed_1,1,999,1.0,1.0,1.0,1.6505999956279993,0.007492500000000001
MCP,1000,4,task_015::perturbed_1,perturbed_1,1,69761,0.0,0.0,0.0,2.3871000012150034,0.5232075
SYNAPSE,1000,4,task_016::clean,clean,1,984,1.0,1.0,1.0,1.6853999986778945,0.00738
MCP,1000,4,task_016::clean,clean,1,69761,0.0,0.0,0.0,2.421400000457652,0.5232075
SYNAPSE,1000,4,task_016::perturbed_0,perturbed_0,0,988,1.0,0.0,0.5,1.091800004360266,0.007410000000000001
MCP,1000,4,task_016::perturbed_0,perturbed_0,0,69761,0.0,0.0,0.0,2.4298999924212694,0.5232075
SYNAPSE,1000,4,task_016::perturbed_1,perturbed_1,1,984,1.0,1.0,1.0,1.6044000076362863,0.00738
MCP,1000,4,task_016::perturbed_1,perturbed_1,1,69761,0.0,0.0,0.0,2.426000006380491,0.5232075
SYNAPSE,1000,4,task_017::clean,clean,1,985,1.0,1.0,1.0,1.956899999640882,0.007387500000000001
MCP,1000,4,task_017::clean,clean,1,69761,0.0,0.0,0.0,3.002199999173172,0.5232075
SYNAPSE,1000,4,task_017::perturbed_0,perturbed_0,0,984,1.0,1.0,1.0,1.7450000013923272,0.00738
MCP,1000,4,task_017::perturbed_0,perturbed_0,0,69761,0.0,0.0,0.0,2.7791000029537827,0.5232075
SYNAPSE,1000,4,task_017::perturbed_1,perturbed_1,1,986,1.0,1.0,1.0,2.313199991476722,0.0073950000000000005
MCP,1000,4,task_017::perturbed_1,perturbed_1,1,69761,0.0,0.0,0.0,2.5388000067323446,0.5232075
SYNAPSE,1000,4,task_018::clean,clean,1,952,1.0,1.0,1.0,1.996299994061701,0.0071400000000000005
MCP,1000,4,task_018::clean,clean,1,69761,0.0,0.0,0.0,2.689400003873743,0.5232075
SYNAPSE,1000,4,task_018::perturbed_0,perturbed_0,1,952,1.0,1.0,1.0,1.9325000030221418,0.0071400000000000005
MCP,1000,4,task_018::perturbed_0,perturbed_0,1,69761,0.0,0.0,0.0,2.7655000012600794,0.5232075
SYNAPSE,1000,4,task_018::perturbed_1,perturbed_1,1,952,1.0,1.0,1.0,2.1582000044872984,0.0071400000000000005
MCP,1000,4,task_018::perturbed_1,perturbed_1,1,69761,0.0,0.0,0.0,2.5258999958168715,0.5232075
SYNAPSE,1000,4,task_019::clean,clean,1,961,1.0,1.0,1.0,2.0936000073561445,0.0072075
MCP,1000,4,task_019::clean,clean,1,69761,0.0,0.0,0.0,2.438600000459701,0.5232075
SYNAPSE,1000,4,task_019::perturbed_0,perturbed_0,1,961,1.0,1.0,1.0,2.296899998327717,0.0072075
MCP,1000,4,task_019::perturbed_0,perturbed_0,1,69761,0.0,0.0,0.0,2.563000001828186,0.5232075
SYNAPSE,1000,4,task_019::perturbed_1,perturbed_1,1,969,1.0,1.0,1.0,1.6317000117851421,0.0072675000000000005
MCP,1000,4,task_019::perturbed_1,perturbed_1,1,69761,0.0,0.0,0.0,2.956099997390993,0.5232075
SYNAPSE,1000,4,task_020::clean,clean,1,990,1.0,1.0,1.0,1.5302000101655722,0.007425
MCP,1000,4,task_020::clean,clean,1,69761,1.0,1.0,1.0,2.7120000013383105,0.5232075
SYNAPSE,1000,4,task_020::perturbed_0,perturbed_0,0,989,1.0,1.0,1.0,1.509599998826161,0.0074175000000000005
MCP,1000,4,task_020::perturbed_0,perturbed_0,0,69761,1.0,0.0,0.5,2.433499990729615,0.5232075
SYNAPSE,1000,4,task_020::perturbed_1,perturbed_1,0,989,1.0,1.0,1.0,1.7006999987643212,0.0074175000000000005
MCP,1000,4,task_020::perturbed_1,perturbed_1,0,69761,1.0,0.0,0.5,2.414600006886758,0.5232075
SYNAPSE,1000,4,task_021::clean,clean,1,988,1.0,1.0,1.0,1.7541999986860901,0.007410000000000001
MCP,1000,4,task_021::clean,clean,1,69761,0.0,0.0,0.0,2.8165999974589795,0.5232075
SYNAPSE,1000,4,task_021::perturbed_0,perturbed_0,1,988,1.0,1.0,1.0,2.004299996769987,0.007410000000000001
MCP,1000,4,task_021::perturbed_0,perturbed_0,1,69761,0.0,0.0,0.0,2.947800006950274,0.5232075
SYNAPSE,1000,4,task_021::perturbed_1,perturbed_1,1,988,1.0,1.0,1.0,1.9040000042878091,0.007410000000000001
MCP,1000,4,task_021::perturbed_1,perturbed_1,1,69761,0.0,0.0,0.0,2.5051999982679263,0.5232075
SYNAPSE,1000,4,task_022::clean,clean,1,957,1.0,1.0,1.0,2.328800008399412,0.007177500000000001
MCP,1000,4,task_022::clean,clean,1,69761,0.0,0.0,0.0,2.644499996677041,0.5232075
SYNAPSE,1000,4,task_022::perturbed_0,perturbed_0,0,958,1.0,1.0,1.0,1.7066000000340864,0.007185
MCP,1000,4,task_022::perturbed_0,perturbed_0,0,69761,0.0,0.0,0.0,2.383699989877641,0.5232075
SYNAPSE,1000,4,task_022::perturbed_1,perturbed_1,1,958,1.0,1.0,1.0,2.9852000006940216,0.007185
MCP,1000,4,task_022::perturbed_1,perturbed_1,1,69761,0.0,0.0,0.0,4.3664999975590035,0.5232075
SYNAPSE,1000,4,task_023::clean,clean,1,958,1.0,1.0,1.0,2.740700001595542,0.007185
MCP,1000,4,task_023::clean,clean,1,69761,0.0,0.0,0.0,2.511600003344938,0.5232075
SYNAPSE,1000,4,task_023::perturbed_0,perturbed_0,0,953,1.0,0.0,0.25,1.9087999971816316,0.0071475
MCP,1000,4,task_023::perturbed_0,perturbed_0,0,69761,0.0,0.0,0.0,2.978599994094111,0.5232075
SYNAPSE,1000,4,task_023::perturbed_1,perturbed_1,1,957,1.0,0.0,0.2,2.565100003266707,0.007177500000000001
MCP,1000,4,task_023::perturbed_1,perturbed_1,1,69761,0.0,0.0,0.0,4.08850000530947,0.5232075
SYNAPSE,1000,4,task_024::clean,clean,1,960,1.0,1.0,1.0,3.104900009930134,0.007200000000000001
MCP,1000,4,task_024::clean,clean,1,69761,0.0,0.0,0.0,3.030599997146055,0.5232075
SYNAPSE,1000,4,task_024::perturbed_0,perturbed_0,0,960,1.0,1.0,1.0,1.904899996588938,0.007200000000000001
MCP,1000,4,task_024::perturbed_0,perturbed_0,0,69761,0.0,0.0,0.0,3.0210999975679442,0.5232075
SYNAPSE,1000,4,task_024::perturbed_1,perturbed_1,1,962,1.0,1.0,1.0,2.3806999961379915,0.007215000000000001
MCP,1000,4,task_024::perturbed_1,perturbed_1,1,69761,0.0,0.0,0.0,3.015800000866875,0.5232075
SYNAPSE,1000,4,task_025::clean,clean,1,992,1.0,1.0,1.0,1.8168999959016219,0.00744
MCP,1000,4,task_025::clean,clean,1,69761,0.0,0.0,0.0,2.5286000018240884,0.5232075
SYNAPSE,1000,4,task_025::perturbed_0,perturbed_0,0,987,1.0,0.0,0.3333333333333333,1.302200005738996,0.0074025
MCP,1000,4,task_025::perturbed_0,perturbed_0,0,69761,0.0,0.0,0.0,2.3378999903798103,0.5232075
SYNAPSE,1000,4,task_025::perturbed_1,perturbed_1,1,988,1.0,1.0,1.0,1.2110999959986657,0.007410000000000001
MCP,1000,4,task_025::perturbed_1,perturbed_1,1,69761,0.0,0.0,0.0,2.4164000060409307,0.5232075
SYNAPSE,1000,4,task_026::clean,clean,1,1002,1.0,1.0,1.0,1.8148999952245504,0.007515000000000001
MCP,1000,4,task_026::clean,clean,1,69761,1.0,1.0,1.0,2.8212000033818185,0.5232075
SYNAPSE,1000,4,task_026::perturbed_0,perturbed_0,1,1002,1.0,1.0,1.0,1.8094000115524977,0.007515000000000001
MCP,1000,4,task_026::perturbed_0,perturbed_0,1,69761,1.0,1.0,1.0,2.5200000090990216,0.5232075
SYNAPSE,1000,4,task_026::perturbed_1,perturbed_1,1,1002,1.0,1.0,1.0,1.8408000032650307,0.007515000000000001
MCP,1000,4,task_026::perturbed_1,perturbed_1,1,69761,1.0,1.0,1.0,2.5519999908283353,0.5232075
SYNAPSE,1000,4,task_027::clean,clean,1,963,1.0,1.0,1.0,1.9483000069158152,0.007222500000000001
MCP,1000,4,task_027::clean,clean,1,69761,0.0,0.0,0.0,2.5446999934501946,0.5232075
SYNAPSE,1000,4,task_027::perturbed_0,perturbed_0,0,679,0.0,0.0,0.0,1.3988999999128282,0.005092500000000001
MCP,1000,4,task_027::perturbed_0,perturbed_0,0,69761,0.0,0.0,0.0,2.5676000077510253,0.5232075
SYNAPSE,1000,4,task_027::perturbed_1,perturbed_1,1,679,0.0,0.0,0.0,1.981199995498173,0.005092500000000001
MCP,1000,4,task_027::perturbed_1,perturbed_1,1,69761,0.0,0.0,0.0,2.5640999956522137,0.5232075
SYNAPSE,1000,4,task_028::clean,clean,1,971,1.0,1.0,1.0,3.3928000048035756,0.007282500000000001
MCP,1000,4,task_028::clean,clean,1,69761,0.0,0.0,0.0,2.6787999959196895,0.5232075
SYNAPSE,1000,4,task_028::perturbed_0,perturbed_0,1,679,0.0,0.0,0.0,2.360200000111945,0.005092500000000001
MCP,1000,4,task_028::perturbed_0,perturbed_0,1,69761,0.0,0.0,0.0,2.642299994477071,0.5232075
SYNAPSE,1000,4,task_028::perturbed_1,perturbed_1,0,679,0.0,0.0,0.0,1.1851000017486513,0.005092500000000001
MCP,1000,4,task_028::perturbed_1,perturbed_1,0,69761,0.0,0.0,0.0,2.414099988527596,0.5232075
SYNAPSE,1000,4,task_029::clean,clean,1,958,1.0,1.0,1.0,2.411599998595193,0.007185
MCP,1000,4,task_029::clean,clean,1,69761,0.0,0.0,0.0,2.562699999543838,0.5232075
SYNAPSE,1000,4,task_029::perturbed_0,perturbed_0,1,958,1.0,1.0,1.0,2.345499990042299,0.007185
MCP,1000,4,task_029::perturbed_0,perturbed_0,1,69761,0.0,0.0,0.0,3.449199997703545,0.5232075
SYNAPSE,1000,4,task_029::perturbed_1,perturbed_1,1,960,1.0,1.0,1.0,2.4458999978378415,0.007200000000000001
MCP,1000,4,task_029::perturbed_1,perturbed_1,1,69761,0.0,0.0,0.0,2.6286999927833676,0.5232075
SYNAPSE,1000,5,task_000::clean,clean,1,1008,1.0,1.0,1.0,2.5033999991137534,0.007560000000000001
MCP,1000,5,task_000::clean,clean,1,69935,0.0,0.0,0.0,2.645100001245737,0.5245125
SYNAPSE,1000,5,task_000::perturbed_0,perturbed_0,1,1000,1.0,1.0,1.0,2.6648999919416383,0.007500000000000001
MCP,1000,5,task_000::perturbed_0,perturbed_0,1,69935,0.0,0.0,0.0,2.869300005841069,0.5245125
SYNAPSE,1000,5,task_000::perturbed_1,perturbed_1,1,1000,1.0,1.0,1.0,1.9204999989597127,0.007500000000000001
MCP,1000,5,task_000::perturbed_1,perturbed_1,1,69935,0.0,0.0,0.0,2.9611999925691634,0.5245125
SYNAPSE,1000,5,task_001::clean,clean,1,992,1.0,1.0,1.0,1.82459999632556,0.00744
MCP,1000,5,task_001::clean,clean,1,69935,0.0,0.0,0.0,2.6871000009123236,0.5245125
SYNAPSE,1000,5,task_001::perturbed_0,perturbed_0,1,996,1.0,0.0,0.5,1.9231000042054802,0.007470000000000001
MCP,1000,5,task_001::perturbed_0,perturbed_0,1,69935,0.0,0.0,0.0,3.060600007302128,0.5245125
SYNAPSE,1000,5,task_001::perturbed_1,perturbed_1,1,985,1.0,1.0,1.0,3.627400001278147,0.007387500000000001
MCP,1000,5,task_001::perturbed_1,perturbed_1,1,69935,0.0,0.0,0.0,3.208699999959208,0.5245125
SYNAPSE,1000,5,task_002::clean,clean,1,974,1.0,1.0,1.0,3.083799994783476,0.007305000000000001
MCP,1000,5,task_002::clean,clean,1,69935,1.0,0.0,0.5,3.5515999916242436,0.5245125
SYNAPSE,1000,5,task_002::perturbed_0,perturbed_0,0,975,1.0,1.0,1.0,1.9995000038761646,0.0073125
MCP,1000,5,task_002::perturbed_0,perturbed_0,0,69935,1.0,0.0,0.5,2.9830999992555007,0.5245125
SYNAPSE,1000,5,task_002::perturbed_1,perturbed_1,0,971,1.0,1.0,1.0,4.160600001341663,0.007282500000000001
MCP,1000,5,task_002::perturbed_1,perturbed_1,0,69935,1.0,0.0,0.3333333333333333,3.2900000078370795,0.5245125
SYNAPSE,1000,5,task_003::clean,clean,1,957,1.0,1.0,1.0,2.646099994308315,0.007177500000000001
MCP,1000,5,task_003::clean,clean,1,69935,1.0,1.0,1.0,2.89580000389833,0.5245125
SYNAPSE,1000,5,task_003::perturbed_0,perturbed_0,1,957,1.0,1.0,1.0,3.365800002939068,0.007177500000000001
MCP,1000,5,task_003::perturbed_0,perturbed_0,1,69935,1.0,1.0,1.0,3.0864000000292435,0.5245125
SYNAPSE,1000,5,task_003::perturbed_1,perturbed_1,1,954,1.0,1.0,1.0,2.2213999909581617,0.007155000000000001
MCP,1000,5,task_003::perturbed_1,perturbed_1,1,69935,1.0,0.0,0.25,3.0820999963907525,0.5245125
SYNAPSE,1000,5,task_004::clean,clean,1,974,1.0,1.0,1.0,2.544799994211644,0.007305000000000001
MCP,1000,5,task_004::clean,clean,1,69935,1.0,1.0,1.0,3.005099992151372,0.5245125
SYNAPSE,1000,5,task_004::perturbed_0,perturbed_0,0,679,0.0,0.0,0.0,1.7478000081609935,0.005092500000000001
MCP,1000,5,task_004::perturbed_0,perturbed_0,0,69935,1.0,0.0,0.125,2.80840000777971,0.5245125
SYNAPSE,1000,5,task_004::perturbed_1,perturbed_1,1,974,1.0,1.0,1.0,2.5253000058000907,0.007305000000000001
MCP,1000,5,task_004::perturbed_1,perturbed_1,1,69935,1.0,1.0,1.0,2.771200001006946,0.5245125
SYNAPSE,1000,5,task_005::clean,clean,1,987,1.0,1.0,1.0,1.768000001902692,0.0074025
MCP,1000,5,task_005::clean,clean,1,69935,0.0,0.0,0.0,3.031100000953302,0.5245125
SYNAPSE,1000,5,task_005::perturbed_0,perturbed_0,1,988,1.0,1.0,1.0,1.6152000025613233,0.007410000000000001
MCP,1000,5,task_005::perturbed_0,perturbed_0,1,69935,0.0,0.0,0.0,2.9058999934932217,0.5245125
SYNAPSE,1000,5,task_005::perturbed_1,perturbed_1,1,988,1.0,1.0,1.0,1.8198000034317374,0.007410000000000001
MCP,1000,5,task_005::perturbed_1,perturbed_1,1,69935,0.0,0.0,0.0,2.678300006664358,0.5245125
SYNAPSE,1000,5,task_006::clean,clean,1,986,1.0,1.0,1.0,2.231099992059171,0.0073950000000000005
MCP,1000,5,task_006::clean,clean,1,69935,1.0,1.0,1.0,2.9350999975576997,0.5245125
SYNAPSE,1000,5,task_006::perturbed_0,perturbed_0,1,992,1.0,0.0,0.5,2.1195000008447096,0.00744
MCP,1000,5,task_006::perturbed_0,perturbed_0,1,69935,1.0,0.0,0.5,3.285600003437139,0.5245125
SYNAPSE,1000,5,task_006::perturbed_1,perturbed_1,1,989,1.0,0.0,0.5,1.8311000021640211,0.0074175000000000005
MCP,1000,5,task_006::perturbed_1,perturbed_1,1,69935,1.0,0.0,0.3333333333333333,2.904699998907745,0.5245125
SYNAPSE,1000,5,task_007::clean,clean,1,955,1.0,1.0,1.0,2.409399996395223,0.0071625000000000005
MCP,1000,5,task_007::clean,clean,1,69935,0.0,0.0,0.0,3.049999999348074,0.5245125
SYNAPSE,1000,5,task_007::perturbed_0,perturbed_0,0,959,1.0,1.0,1.0,1.7380000062985346,0.007192500000000001
MCP,1000,5,task_007::perturbed_0,perturbed_0,0,69935,0.0,0.0,0.0,2.7227000100538135,0.5245125
SYNAPSE,1000,5,task_007::perturbed_1,perturbed_1,1,679,0.0,0.0,0.0,2.4256000033346936,0.005092500000000001
MCP,1000,5,task_007::perturbed_1,perturbed_1,1,69935,0.0,0.0,0.0,2.535200008423999,0.5245125
SYNAPSE,1000,5,task_008::clean,clean,1,970,1.0,1.0,1.0,2.2277000098256394,0.007275
MCP,1000,5,task_008::clean,clean,1,69935,0.0,0.0,0.0,2.866500013624318,0.5245125
SYNAPSE,1000,5,task_008::perturbed_0,perturbed_0,0,976,1.0,1.0,1.0,1.5431999927386642,0.007320000000000001
MCP,1000,5,task_008::perturbed_0,perturbed_0,0,69935,0.0,0.0,0.0,2.6707999932114035,0.5245125
SYNAPSE,1000,5,task_008::perturbed_1,perturbed_1,1,973,1.0,1.0,1.0,2.83060000219848,0.0072975
MCP,1000,5,task_008::perturbed_1,perturbed_1,1,69935,0.0,0.0,0.0,3.3302999945590273,0.5245125
SYNAPSE,1000,5,task_009::clean,clean,1,974,1.0,1.0,1.0,3.2451000006403774,0.007305000000000001
MCP,1000,5,task_009::clean,clean,1,69935,0.0,0.0,0.0,2.540100002079271,0.5245125
SYNAPSE,1000,5,task_009::perturbed_0,perturbed_0,1,979,1.0,1.0,1.0,1.25119999574963,0.007342500000000001
MCP,1000,5,task_009::perturbed_0,perturbed_0,1,69935,0.0,0.0,0.0,1.0218999959761277,0.5245125
SYNAPSE,1000,5,task_009::perturbed_1,perturbed_1,0,979,1.0,1.0,1.0,0.8708000095793977,0.007342500000000001
MCP,1000,5,task_009::perturbed_1,perturbed_1,0,69935,0.0,0.0,0.0,1.0388000082457438,0.5245125
SYNAPSE,1000,5,task_010::clean,clean,1,988,1.0,1.0,1.0,0.839299988001585,0.007410000000000001
MCP,1000,5,task_010::clean,clean,1,69935,1.0,1.0,1.0,0.9845000022323802,0.5245125
SYNAPSE,1000,5,task_010::perturbed_0,perturbed_0,1,987,1.0,1.0,1.0,0.8495999936712906,0.0074025
MCP,1000,5,task_010::perturbed_0,perturbed_0,1,69935,1.0,1.0,1.0,1.001099997665733,0.5245125
SYNAPSE,1000,5,task_010::perturbed_1,perturbed_1,1,988,1.0,1.0,1.0,0.8242000039899722,0.007410000000000001
MCP,1000,5,task_010::perturbed_1,perturbed_1,1,69935,1.0,1.0,1.0,1.1378000053809956,0.5245125
SYNAPSE,1000,5,task_011::clean,clean,1,985,1.0,1.0,1.0,1.1232999968342483,0.007387500000000001
MCP,1000,5,task_011::clean,clean,1,69935,0.0,0.0,0.0,1.4805000100750476,0.5245125
SYNAPSE,1000,5,task_011::perturbed_0,perturbed_0,0,987,1.0,0.0,0.25,1.0397000005468726,0.0074025
MCP,1000,5,task_011::perturbed_0,perturbed_0,0,69935,0.0,0.0,0.0,3.307799997855909,0.5245125
SYNAPSE,1000,5,task_011::perturbed_1,perturbed_1,0,988,1.0,1.0,1.0,2.546999996411614,0.007410000000000001
MCP,1000,5,task_011::perturbed_1,perturbed_1,0,69935,0.0,0.0,0.0,3.0974999972386286,0.5245125
SYNAPSE,1000,5,task_012::clean,clean,1,985,1.0,1.0,1.0,2.413499998510815,0.007387500000000001
MCP,1000,5,task_012::clean,clean,1,69935,0.0,0.0,0.0,2.9240000003483146,0.5245125
SYNAPSE,1000,5,task_012::perturbed_0,perturbed_0,1,985,1.0,1.0,1.0,2.345700006117113,0.007387500000000001
MCP,1000,5,task_012::perturbed_0,perturbed_0,1,69935,0.0,0.0,0.0,3.2815000013215467,0.5245125
SYNAPSE,1000,5,task_012::perturbed_1,perturbed_1,0,979,1.0,1.0,1.0,1.8456999969203025,0.007342500000000001
MCP,1000,5,task_012::perturbed_1,perturbed_1,0,69935,0.0,0.0,0.0,3.849299988360144,0.5245125
SYNAPSE,1000,5,task_013::clean,clean,1,978,1.0,1.0,1.0,2.12459999602288,0.007335
MCP,1000,5,task_013::clean,clean,1,69935,0.0,0.0,0.0,2.5899000029312447,0.5245125
SYNAPSE,1000,5,task_013::perturbed_0,perturbed_0,1,978,1.0,1.0,1.0,1.891099993372336,0.007335
MCP,1000,5,task_013::perturbed_0,perturbed_0,1,69935,0.0,0.0,0.0,3.416699997615069,0.5245125
SYNAPSE,1000,5,task_013::perturbed_1,perturbed_1,1,973,1.0,1.0,1.0,3.01949999993667,0.0072975
MCP,1000,5,task_013::perturbed_1,perturbed_1,1,69935,0.0,0.0,0.0,3.4845000045606866,0.5245125
SYNAPSE,1000,5,task_014::clean,clean,1,996,1.0,1.0,1.0,3.4927999950014055,0.007470000000000001
MCP,1000,5,task_014::clean,clean,1,69935,0.0,0.0,0.0,4.211400009808131,0.5245125
SYNAPSE,1000,5,task_014::perturbed_0,perturbed_0,0,995,1.0,1.0,1.0,1.9782999879680574,0.0074625
MCP,1000,5,task_014::perturbed_0,perturbed_0,0,69935,0.0,0.0,0.0,2.7947999915340915,0.5245125
SYNAPSE,1000,5,task_014::perturbed_1,perturbed_1,1,996,1.0,1.0,1.0,2.471300002071075,0.007470000000000001
MCP,1000,5,task_014::perturbed_1,perturbed_1,1,69935,0.0,0.0,0.0,5.540199999813922,0.5245125
SYNAPSE,1000,5,task_015::clean,clean,1,986,1.0,1.0,1.0,2.0490000024437904,0.0073950000000000005
MCP,1000,5,task_015::clean,clean,1,69935,0.0,0.0,0.0,2.9322999907890335,0.5245125
SYNAPSE,1000,5,task_015::perturbed_0,perturbed_0,0,982,1.0,1.0,1.0,1.552000001538545,0.007365000000000001
MCP,1000,5,task_015::perturbed_0,perturbed_0,0,69935,0.0,0.0,0.0,2.625699999043718,0.5245125
SYNAPSE,1000,5,task_015::perturbed_1,perturbed_1,1,983,1.0,1.0,1.0,1.6180000093299896,0.007372500000000001
MCP,1000,5,task_015::perturbed_1,perturbed_1,1,69935,0.0,0.0,0.0,2.779299989924766,0.5245125
SYNAPSE,1000,5,task_016::clean,clean,1,993,1.0,1.0,1.0,1.9725000020116568,0.007447500000000001
MCP,1000,5,task_016::clean,clean,1,69935,0.0,0.0,0.0,2.461000010953285,0.5245125
SYNAPSE,1000,5,task_016::perturbed_0,perturbed_0,1,1006,1.0,0.0,0.5,1.5878999984124675,0.0075450000000000005
MCP,1000,5,task_016::perturbed_0,perturbed_0,1,69935,0.0,0.0,0.0,2.528899989556521,0.5245125
SYNAPSE,1000,5,task_016::perturbed_1,perturbed_1,0,989,1.0,1.0,1.0,3.0446000018855557,0.0074175000000000005
MCP,1000,5,task_016::perturbed_1,perturbed_1,0,69935,0.0,0.0,0.0,2.5683999992907047,0.5245125
SYNAPSE,1000,5,task_017::clean,clean,1,993,1.0,1.0,1.0,2.101799997035414,0.007447500000000001
MCP,1000,5,task_017::clean,clean,1,69935,0.0,0.0,0.0,3.07059999613557,0.5245125
SYNAPSE,1000,5,task_017::perturbed_0,perturbed_0,1,993,1.0,1.0,1.0,2.2108000121079385,0.007447500000000001
MCP,1000,5,task_017::perturbed_0,perturbed_0,1,69935,0.0,0.0,0.0,3.1981000065570697,0.5245125
SYNAPSE,1000,5,task_017::perturbed_1,perturbed_1,0,994,1.0,1.0,1.0,1.560399992740713,0.007455000000000001
MCP,1000,5,task_017::perturbed_1,perturbed_1,0,69935,0.0,0.0,0.0,2.416899995296262,0.5245125
SYNAPSE,1000,5,task_018::clean,clean,1,956,1.0,1.0,1.0,2.015600010054186,0.00717
MCP,1000,5,task_018::clean,clean,1,69935,0.0,0.0,0.0,2.5740999990375713,0.5245125
SYNAPSE,1000,5,task_018::perturbed_0,perturbed_0,0,956,1.0,1.0,1.0,1.542100013466552,0.00717
MCP,1000,5,task_018::perturbed_0,perturbed_0,0,69935,0.0,0.0,0.0,3.2214999955613166,0.5245125
SYNAPSE,1000,5,task_018::perturbed_1,perturbed_1,0,679,0.0,0.0,0.0,1.4354000013554469,0.005092500000000001
MCP,1000,5,task_018::perturbed_1,perturbed_1,0,69935,0.0,0.0,0.0,2.60540000454057,0.5245125
SYNAPSE,1000,5,task_019::clean,clean,1,953,1.0,1.0,1.0,2.132200010237284,0.0071475
MCP,1000,5,task_019::clean,clean,1,69935,0.0,0.0,0.0,2.4172000121325254,0.5245125
SYNAPSE,1000,5,task_019::perturbed_0,perturbed_0,1,953,1.0,1.0,1.0,1.950400008354336,0.0071475
MCP,1000,5,task_019::perturbed_0,perturbed_0,1,69935,0.0,0.0,0.0,2.4674000014783815,0.5245125
SYNAPSE,1000,5,task_019::perturbed_1,perturbed_1,0,958,1.0,1.0,1.0,2.044200009549968,0.007185
MCP,1000,5,task_019::perturbed_1,perturbed_1,0,69935,0.0,0.0,0.0,2.4036999966483563,0.5245125
SYNAPSE,1000,5,task_020::clean,clean,1,991,1.0,1.0,1.0,1.7796000029193237,0.007432500000000001
MCP,1000,5,task_020::clean,clean,1,69935,1.0,1.0,1.0,3.1365999893750995,0.5245125
SYNAPSE,1000,5,task_020::perturbed_0,perturbed_0,1,991,1.0,1.0,1.0,1.5910999936750159,0.007432500000000001
MCP,1000,5,task_020::perturbed_0,perturbed_0,1,69935,1.0,1.0,1.0,3.0460999987553805,0.5245125
SYNAPSE,1000,5,task_020::perturbed_1,perturbed_1,0,679,0.0,0.0,0.0,1.294299989240244,0.005092500000000001
MCP,1000,5,task_020::perturbed_1,perturbed_1,0,69935,1.0,0.0,0.14285714285714285,3.1710000039311126,0.5245125
SYNAPSE,1000,5,task_021::clean,clean,1,991,1.0,1.0,1.0,1.982700006919913,0.007432500000000001
MCP,1000,5,task_021::clean,clean,1,69935,0.0,0.0,0.0,2.685100000235252,0.5245125
SYNAPSE,1000,5,task_021::perturbed_0,perturbed_0,1,991,1.0,1.0,1.0,2.0360000053187832,0.007432500000000001
MCP,1000,5,task_021::perturbed_0,perturbed_0,1,69935,0.0,0.0,0.0,2.68169998889789,0.5245125
SYNAPSE,1000,5,task_021::perturbed_1,perturbed_1,1,993,1.0,0.0,0.5,1.8942000024253502,0.007447500000000001
MCP,1000,5,task_021::perturbed_1,perturbed_1,1,69935,0.0,0.0,0.0,3.2328000088455155,0.5245125
SYNAPSE,1000,5,task_022::clean,clean,1,963,1.0,1.0,1.0,2.3249999940162525,0.007222500000000001
MCP,1000,5,task_022::clean,clean,1,69935,0.0,0.0,0.0,2.8658999945037067,0.5245125
SYNAPSE,1000,5,task_022::perturbed_0,perturbed_0,1,969,1.0,1.0,1.0,2.443599994876422,0.0072675000000000005
MCP,1000,5,task_022::perturbed_0,perturbed_0,1,69935,0.0,0.0,0.0,2.5935000012395903,0.5245125
SYNAPSE,1000,5,task_022::perturbed_1,perturbed_1,1,679,0.0,0.0,0.0,2.1672000002581626,0.005092500000000001
MCP,1000,5,task_022::perturbed_1,perturbed_1,1,69935,0.0,0.0,0.0,2.737000002525747,0.5245125
SYNAPSE,1000,5,task_023::clean,clean,1,960,1.0,1.0,1.0,2.0823000086238608,0.007200000000000001
MCP,1000,5,task_023::clean,clean,1,69935,0.0,0.0,0.0,2.413800000795163,0.5245125
SYNAPSE,1000,5,task_023::perturbed_0,perturbed_0,0,679,0.0,0.0,0.0,1.1860999948112294,0.005092500000000001
MCP,1000,5,task_023::perturbed_0,perturbed_0,0,69935,0.0,0.0,0.0,2.3255000123754144,0.5245125
SYNAPSE,1000,5,task_023::perturbed_1,perturbed_1,0,679,0.0,0.0,0.0,1.123800000641495,0.005092500000000001
MCP,1000,5,task_023::perturbed_1,perturbed_1,0,69935,0.0,0.0,0.0,2.3495000059483573,0.5245125
SYNAPSE,1000,5,task_024::clean,clean,1,967,1.0,1.0,1.0,2.165500001865439,0.0072525
MCP,1000,5,task_024::clean,clean,1,69935,0.0,0.0,0.0,2.4092999956337735,0.5245125
SYNAPSE,1000,5,task_024::perturbed_0,perturbed_0,1,967,1.0,1.0,1.0,1.9836999999824911,0.0072525
MCP,1000,5,task_024::perturbed_0,perturbed_0,1,69935,0.0,0.0,0.0,2.401100005954504,0.5245125
SYNAPSE,1000,5,task_024::perturbed_1,perturbed_1,0,679,0.0,0.0,0.0,1.1261000036029145,0.005092500000000001
MCP,1000,5,task_024::perturbed_1,perturbed_1,0,69935,0.0,0.0,0.0,2.368799992837012,0.5245125
SYNAPSE,1000,5,task_025::clean,clean,1,988,1.0,1.0,1.0,1.3768000062555075,0.007410000000000001
MCP,1000,5,task_025::clean,clean,1,69935,0.0,0.0,0.0,2.379300000029616,0.5245125
SYNAPSE,1000,5,task_025::perturbed_0,perturbed_0,1,985,1.0,1.0,1.0,1.2178000033600256,0.007387500000000001
MCP,1000,5,task_025::perturbed_0,perturbed_0,1,69935,0.0,0.0,0.0,2.4221999919973314,0.5245125
SYNAPSE,1000,5,task_025::perturbed_1,perturbed_1,1,988,1.0,1.0,1.0,1.4358999906107783,0.007410000000000001
MCP,1000,5,task_025::perturbed_1,perturbed_1,1,69935,0.0,0.0,0.0,2.4717000051168725,0.5245125
SYNAPSE,1000,5,task_026::clean,clean,1,1010,1.0,1.0,1.0,1.7561999993631616,0.007575000000000001
MCP,1000,5,task_026::clean,clean,1,69935,1.0,0.0,0.5,2.491899998858571,0.5245125
SYNAPSE,1000,5,task_026::perturbed_0,perturbed_0,0,1009,1.0,0.0,0.5,1.1213999969186261,0.0075675000000000004
MCP,1000,5,task_026::perturbed_0,perturbed_0,0,69935,1.0,0.0,0.16666666666666666,2.9334999999264255,0.5245125
SYNAPSE,1000,5,task_026::perturbed_1,perturbed_1,1,1013,1.0,0.0,0.5,1.618199996300973,0.007597500000000001
MCP,1000,5,task_026::perturbed_1,perturbed_1,1,69935,1.0,0.0,0.5,2.4839999969117343,0.5245125
SYNAPSE,1000,5,task_027::clean,clean,1,961,1.0,1.0,1.0,2.0696999999927357,0.0072075
MCP,1000,5,task_027::clean,clean,1,69935,0.0,0.0,0.0,2.5310000055469573,0.5245125
SYNAPSE,1000,5,task_027::perturbed_0,perturbed_0,0,961,1.0,1.0,1.0,1.5211999998427927,0.0072075
MCP,1000,5,task_027::perturbed_0,perturbed_0,0,69935,0.0,0.0,0.0,2.4802999978419393,0.5245125
SYNAPSE,1000,5,task_027::perturbed_1,perturbed_1,1,679,0.0,0.0,0.0,1.9622999971034005,0.005092500000000001
MCP,1000,5,task_027::perturbed_1,perturbed_1,1,69935,0.0,0.0,0.0,2.543299997341819,0.5245125
SYNAPSE,1000,5,task_028::clean,clean,1,965,1.0,1.0,1.0,1.9800999871222302,0.007237500000000001
MCP,1000,5,task_028::clean,clean,1,69935,0.0,0.0,0.0,2.4211999989347532,0.5245125
SYNAPSE,1000,5,task_028::perturbed_0,perturbed_0,1,679,0.0,0.0,0.0,2.603500004624948,0.005092500000000001
MCP,1000,5,task_028::perturbed_0,perturbed_0,1,69935,0.0,0.0,0.0,2.421799988951534,0.5245125
SYNAPSE,1000,5,task_028::perturbed_1,perturbed_1,1,679,0.0,0.0,0.0,1.6351000085705891,0.005092500000000001
MCP,1000,5,task_028::perturbed_1,perturbed_1,1,69935,0.0,0.0,0.0,2.4132999969879165,0.5245125
SYNAPSE,1000,5,task_029::clean,clean,1,972,1.0,1.0,1.0,2.05130000540521,0.0072900000000000005
MCP,1000,5,task_029::clean,clean,1,69935,0.0,0.0,0.0,2.717099996516481,0.5245125
SYNAPSE,1000,5,task_029::perturbed_0,perturbed_0,1,974,1.0,1.0,1.0,1.9983000092906877,0.007305000000000001
MCP,1000,5,task_029::perturbed_0,perturbed_0,1,69935,0.0,0.0,0.0,2.3895000049378723,0.5245125
SYNAPSE,1000,5,task_029::perturbed_1,perturbed_1,0,679,0.0,0.0,0.0,1.1407999991206452,0.005092500000000001
MCP,1000,5,task_029::perturbed_1,perturbed_1,0,69935,0.0,0.0,0.0,2.6187000039499253,0.5245125
SYNAPSE,3000,1,task_000::clean,clean,1,1006,1.0,1.0,1.0,3.4124999947380275,0.0075450000000000005
MCP,3000,1,task_000::clean,clean,1,210701,0.0,0.0,0.0,2.7221000054851174,1.5802575
SYNAPSE,3000,1,task_000::perturbed_0,perturbed_0,0,1007,1.0,1.0,1.0,1.9324000022606924,0.0075525
MCP,3000,1,task_000::perturbed_0,perturbed_0,0,210701,0.0,0.0,0.0,4.924699998809956,1.5802575
SYNAPSE,3000,1,task_000::perturbed_1,perturbed_1,0,996,1.0,1.0,1.0,4.317500002798624,0.007470000000000001
MCP,3000,1,task_000::perturbed_1,perturbed_1,0,210701,0.0,0.0,0.0,6.66790000104811,1.5802575
SYNAPSE,3000,1,task_001::clean,clean,1,991,1.0,1.0,1.0,7.260000013047829,0.007432500000000001
MCP,3000,1,task_001::clean,clean,1,210701,0.0,0.0,0.0,2.7762999961851165,1.5802575
SYNAPSE,3000,1,task_001::perturbed_0,perturbed_0,1,991,1.0,1.0,1.0,3.886100006639026,0.007432500000000001
MCP,3000,1,task_001::perturbed_0,perturbed_0,1,210701,0.0,0.0,0.0,2.652199997100979,1.5802575
SYNAPSE,3000,1,task_001::perturbed_1,perturbed_1,0,981,1.0,0.0,0.3333333333333333,2.0065999997314066,0.0073575
MCP,3000,1,task_001::perturbed_1,perturbed_1,0,210701,0.0,0.0,0.0,3.187399997841567,1.5802575
SYNAPSE,3000,1,task_002::clean,clean,1,985,1.0,1.0,1.0,6.073399999877438,0.007387500000000001
MCP,3000,1,task_002::clean,clean,1,210701,0.0,0.0,0.0,5.836399999679998,1.5802575
SYNAPSE,3000,1,task_002::perturbed_0,perturbed_0,0,972,1.0,0.0,0.25,2.9558999958680943,0.0072900000000000005
MCP,3000,1,task_002::perturbed_0,perturbed_0,0,210701,0.0,0.0,0.0,2.8113000007579103,1.5802575
SYNAPSE,3000,1,task_002::perturbed_1,perturbed_1,1,983,1.0,1.0,1.0,4.686899992520921,0.007372500000000001
MCP,3000,1,task_002::perturbed_1,perturbed_1,1,210701,0.0,0.0,0.0,2.864199996110983,1.5802575
SYNAPSE,3000,1,task_003::clean,clean,1,959,1.0,1.0,1.0,4.364699998404831,0.007192500000000001
MCP,3000,1,task_003::clean,clean,1,210701,1.0,0.0,0.5,2.893299999414012,1.5802575
SYNAPSE,3000,1,task_003::perturbed_0,perturbed_0,1,959,1.0,1.0,1.0,6.7257999908179045,0.007192500000000001
MCP,3000,1,task_003::perturbed_0,perturbed_0,1,210701,1.0,0.0,0.5,2.9601999995065853,1.5802575
SYNAPSE,3000,1,task_003::perturbed_1,perturbed_1,1,958,1.0,1.0,1.0,4.338400001870468,0.007185
MCP,3000,1,task_003::perturbed_1,perturbed_1,1,210701,1.0,0.0,0.25,2.784199998131953,1.5802575
SYNAPSE,3000,1,task_004::clean,clean,1,957,1.0,1.0,1.0,4.741400000057183,0.007177500000000001
MCP,3000,1,task_004::clean,clean,1,210701,0.0,0.0,0.0,2.596700011054054,1.5802575
SYNAPSE,3000,1,task_004::perturbed_0,perturbed_0,0,958,1.0,1.0,1.0,2.5994999887188897,0.007185
MCP,3000,1,task_004::perturbed_0,perturbed_0,0,210701,0.0,0.0,0.0,2.6877999916905537,1.5802575
SYNAPSE,3000,1,task_004::perturbed_1,perturbed_1,1,964,1.0,1.0,1.0,4.146799998125061,0.00723
MCP,3000,1,task_004::perturbed_1,perturbed_1,1,210701,0.0,0.0,0.0,2.475500004948117,1.5802575
SYNAPSE,3000,1,task_005::clean,clean,1,1001,1.0,1.0,1.0,2.5923999928636476,0.0075075
MCP,3000,1,task_005::clean,clean,1,210701,0.0,0.0,0.0,2.570699987700209,1.5802575
SYNAPSE,3000,1,task_005::perturbed_0,perturbed_0,1,1001,1.0,1.0,1.0,2.5224999990314245,0.0075075
MCP,3000,1,task_005::perturbed_0,perturbed_0,1,210701,0.0,0.0,0.0,2.5117000041063875,1.5802575
SYNAPSE,3000,1,task_005::perturbed_1,perturbed_1,1,1001,1.0,1.0,1.0,2.362699990044348,0.0075075
MCP,3000,1,task_005::perturbed_1,perturbed_1,1,210701,0.0,0.0,0.0,2.704799990169704,1.5802575
SYNAPSE,3000,1,task_006::clean,clean,1,987,1.0,1.0,1.0,3.872800007229671,0.0074025
MCP,3000,1,task_006::clean,clean,1,210701,0.0,0.0,0.0,2.6442999951541424,1.5802575
SYNAPSE,3000,1,task_006::perturbed_0,perturbed_0,0,985,1.0,1.0,1.0,1.873500004876405,0.007387500000000001
MCP,3000,1,task_006::perturbed_0,perturbed_0,0,210701,0.0,0.0,0.0,2.4434999941149727,1.5802575
SYNAPSE,3000,1,task_006::perturbed_1,perturbed_1,0,985,1.0,1.0,1.0,2.1412999922176823,0.007387500000000001
MCP,3000,1,task_006::perturbed_1,perturbed_1,0,210701,0.0,0.0,0.0,2.500500006135553,1.5802575
SYNAPSE,3000,1,task_007::clean,clean,1,969,1.0,1.0,1.0,5.314300011377782,0.0072675000000000005
MCP,3000,1,task_007::clean,clean,1,210701,1.0,0.0,0.5,3.1272999913198873,1.5802575
SYNAPSE,3000,1,task_007::perturbed_0,perturbed_0,1,969,1.0,1.0,1.0,5.3201000118860975,0.0072675000000000005
MCP,3000,1,task_007::perturbed_0,perturbed_0,1,210701,1.0,0.0,0.5,2.4040999996941537,1.5802575
SYNAPSE,3000,1,task_007::perturbed_1,perturbed_1,1,679,0.0,0.0,0.0,9.618400014005601,0.005092500000000001
MCP,3000,1,task_007::perturbed_1,perturbed_1,1,210701,1.0,0.0,0.2,2.8544000088004395,1.5802575
SYNAPSE,3000,1,task_008::clean,clean,1,980,1.0,1.0,1.0,4.397700002300553,0.007350000000000001
MCP,3000,1,task_008::clean,clean,1,210701,0.0,0.0,0.0,2.3811999999452382,1.5802575
SYNAPSE,3000,1,task_008::perturbed_0,perturbed_0,1,983,1.0,1.0,1.0,4.356399993412197,0.007372500000000001
MCP,3000,1,task_008::perturbed_0,perturbed_0,1,210701,0.0,0.0,0.0,2.463800003170036,1.5802575
SYNAPSE,3000,1,task_008::perturbed_1,perturbed_1,1,983,1.0,1.0,1.0,4.817299995920621,0.007372500000000001
MCP,3000,1,task_008::perturbed_1,perturbed_1,1,210701,0.0,0.0,0.0,2.7735000039683655,1.5802575
SYNAPSE,3000,1,task_009::clean,clean,1,977,1.0,1.0,1.0,4.93010001082439,0.007327500000000001
MCP,3000,1,task_009::clean,clean,1,210701,1.0,1.0,1.0,2.5886999937938526,1.5802575
SYNAPSE,3000,1,task_009::perturbed_0,perturbed_0,1,977,1.0,1.0,1.0,4.536600012215786,0.007327500000000001
MCP,3000,1,task_009::perturbed_0,perturbed_0,1,210701,1.0,1.0,1.0,2.533699997002259,1.5802575
SYNAPSE,3000,1,task_009::perturbed_1,perturbed_1,1,977,1.0,1.0,1.0,5.05739999061916,0.007327500000000001
MCP,3000,1,task_009::perturbed_1,perturbed_1,1,210701,1.0,0.0,0.25,2.457099995808676,1.5802575
SYNAPSE,3000,1,task_010::clean,clean,1,983,1.0,1.0,1.0,3.028999999514781,0.007372500000000001
MCP,3000,1,task_010::clean,clean,1,210701,0.0,0.0,0.0,2.448500003083609,1.5802575
SYNAPSE,3000,1,task_010::perturbed_0,perturbed_0,0,986,1.0,0.0,0.3333333333333333,2.0693999977083877,0.0073950000000000005
MCP,3000,1,task_010::perturbed_0,perturbed_0,0,210701,0.0,0.0,0.0,2.387900007306598,1.5802575
SYNAPSE,3000,1,task_010::perturbed_1,perturbed_1,0,981,1.0,0.0,0.3333333333333333,2.0585000020219013,0.0073575
MCP,3000,1,task_010::perturbed_1,perturbed_1,0,210701,0.0,0.0,0.0,2.3148999898694456,1.5802575
SYNAPSE,3000,1,task_011::clean,clean,1,984,1.0,1.0,1.0,4.900500003714114,0.00738
MCP,3000,1,task_011::clean,clean,1,210701,1.0,1.0,1.0,2.7150000096298754,1.5802575
SYNAPSE,3000,1,task_011::perturbed_0,perturbed_0,1,984,1.0,1.0,1.0,3.5711999953491613,0.00738
MCP,3000,1,task_011::perturbed_0,perturbed_0,1,210701,1.0,1.0,1.0,2.727800005231984,1.5802575
SYNAPSE,3000,1,task_011::perturbed_1,perturbed_1,1,990,1.0,0.0,0.5,3.522800005157478,0.007425
MCP,3000,1,task_011::perturbed_1,perturbed_1,1,210701,1.0,1.0,1.0,2.9431000002659857,1.5802575
SYNAPSE,3000,1,task_012::clean,clean,1,988,1.0,1.0,1.0,4.339200007962063,0.007410000000000001
MCP,3000,1,task_012::clean,clean,1,210701,0.0,0.0,0.0,2.4285999970743433,1.5802575
SYNAPSE,3000,1,task_012::perturbed_0,perturbed_0,1,988,1.0,1.0,1.0,3.999000007752329,0.007410000000000001
MCP,3000,1,task_012::perturbed_0,perturbed_0,1,210701,0.0,0.0,0.0,2.6816000026883557,1.5802575
SYNAPSE,3000,1,task_012::perturbed_1,perturbed_1,1,988,1.0,1.0,1.0,4.3043000041507185,0.007410000000000001
MCP,3000,1,task_012::perturbed_1,perturbed_1,1,210701,0.0,0.0,0.0,2.584700006991625,1.5802575
SYNAPSE,3000,1,task_013::clean,clean,1,992,1.0,1.0,1.0,5.97540001035668,0.00744
MCP,3000,1,task_013::clean,clean,1,210701,0.0,0.0,0.0,2.622300002258271,1.5802575
SYNAPSE,3000,1,task_013::perturbed_0,perturbed_0,1,988,1.0,1.0,1.0,4.514899992500432,0.007410000000000001
MCP,3000,1,task_013::perturbed_0,perturbed_0,1,210701,0.0,0.0,0.0,2.549400000134483,1.5802575
SYNAPSE,3000,1,task_013::perturbed_1,perturbed_1,1,984,1.0,1.0,1.0,4.75370000640396,0.00738
MCP,3000,1,task_013::perturbed_1,perturbed_1,1,210701,0.0,0.0,0.0,2.559899992775172,1.5802575
SYNAPSE,3000,1,task_014::clean,clean,1,996,1.0,1.0,1.0,4.633799995644949,0.007470000000000001
MCP,3000,1,task_014::clean,clean,1,210701,0.0,0.0,0.0,2.554899998358451,1.5802575
SYNAPSE,3000,1,task_014::perturbed_0,perturbed_0,1,988,1.0,0.0,0.25,4.307399998651817,0.007410000000000001
MCP,3000,1,task_014::perturbed_0,perturbed_0,1,210701,0.0,0.0,0.0,2.4796999932732433,1.5802575
SYNAPSE,3000,1,task_014::perturbed_1,perturbed_1,1,988,1.0,0.0,0.5,4.147900006501004,0.007410000000000001
MCP,3000,1,task_014::perturbed_1,perturbed_1,1,210701,0.0,0.0,0.0,2.4367000005440786,1.5802575
SYNAPSE,3000,1,task_015::clean,clean,1,999,1.0,1.0,1.0,2.39799999690149,0.007492500000000001
MCP,3000,1,task_015::clean,clean,1,210701,0.0,0.0,0.0,2.8353000088827685,1.5802575
SYNAPSE,3000,1,task_015::perturbed_0,perturbed_0,1,999,1.0,1.0,1.0,2.4938000133261085,0.007492500000000001
MCP,3000,1,task_015::perturbed_0,perturbed_0,1,210701,0.0,0.0,0.0,2.4766999995335937,1.5802575
SYNAPSE,3000,1,task_015::perturbed_1,perturbed_1,1,999,1.0,1.0,1.0,2.5425000058021396,0.007492500000000001
MCP,3000,1,task_015::perturbed_1,perturbed_1,1,210701,0.0,0.0,0.0,2.4341999960597605,1.5802575
SYNAPSE,3000,1,task_016::clean,clean,1,988,1.0,1.0,1.0,3.5900000075343996,0.007410000000000001
MCP,3000,1,task_016::clean,clean,1,210701,0.0,0.0,0.0,2.4688999983482063,1.5802575
SYNAPSE,3000,1,task_016::perturbed_0,perturbed_0,0,999,1.0,0.0,0.5,3.8629999908152968,0.007492500000000001
MCP,3000,1,task_016::perturbed_0,perturbed_0,0,210701,0.0,0.0,0.0,2.457399998093024,1.5802575
SYNAPSE,3000,1,task_016::perturbed_1,perturbed_1,1,988,1.0,1.0,1.0,3.9591999957337976,0.007410000000000001
MCP,3000,1,task_016::perturbed_1,perturbed_1,1,210701,0.0,0.0,0.0,2.510999998776242,1.5802575
SYNAPSE,3000,1,task_017::clean,clean,1,993,1.0,1.0,1.0,6.798599992180243,0.007447500000000001
MCP,3000,1,task_017::clean,clean,1,210701,0.0,0.0,0.0,3.375700005562976,1.5802575
SYNAPSE,3000,1,task_017::perturbed_0,perturbed_0,0,984,1.0,1.0,1.0,2.6874000031966716,0.00738
MCP,3000,1,task_017::perturbed_0,perturbed_0,0,210701,0.0,0.0,0.0,3.0247999966377392,1.5802575
SYNAPSE,3000,1,task_017::perturbed_1,perturbed_1,1,996,1.0,1.0,1.0,5.0795999995898455,0.007470000000000001
MCP,3000,1,task_017::perturbed_1,perturbed_1,1,210701,0.0,0.0,0.0,2.8058000025339425,1.5802575
SYNAPSE,3000,1,task_018::clean,clean,1,962,1.0,1.0,1.0,9.115100008784793,0.007215000000000001
MCP,3000,1,task_018::clean,clean,1,210701,0.0,0.0,0.0,2.777700006845407,1.5802575
SYNAPSE,3000,1,task_018::perturbed_0,perturbed_0,0,679,0.0,0.0,0.0,3.1002000032458454,0.005092500000000001
MCP,3000,1,task_018::perturbed_0,perturbed_0,0,210701,0.0,0.0,0.0,2.613699994981289,1.5802575
SYNAPSE,3000,1,task_018::perturbed_1,perturbed_1,0,958,1.0,1.0,1.0,3.3863999997265637,0.007185
MCP,3000,1,task_018::perturbed_1,perturbed_1,0,210701,0.0,0.0,0.0,2.6073000044561923,1.5802575
SYNAPSE,3000,1,task_019::clean,clean,1,976,1.0,1.0,1.0,5.361699993954971,0.007320000000000001
MCP,3000,1,task_019::clean,clean,1,210701,0.0,0.0,0.0,2.555200000642799,1.5802575
SYNAPSE,3000,1,task_019::perturbed_0,perturbed_0,1,976,1.0,1.0,1.0,4.6252000029198825,0.007320000000000001
MCP,3000,1,task_019::perturbed_0,perturbed_0,1,210701,0.0,0.0,0.0,2.733700006501749,1.5802575
SYNAPSE,3000,1,task_019::perturbed_1,perturbed_1,1,969,1.0,0.0,0.5,4.267199998139404,0.0072675000000000005
MCP,3000,1,task_019::perturbed_1,perturbed_1,1,210701,0.0,0.0,0.0,2.4550999951316044,1.5802575
SYNAPSE,3000,1,task_020::clean,clean,1,997,1.0,1.0,1.0,2.885300011257641,0.007477500000000001
MCP,3000,1,task_020::clean,clean,1,210701,0.0,0.0,0.0,2.4356999929295853,1.5802575
SYNAPSE,3000,1,task_020::perturbed_0,perturbed_0,1,679,0.0,0.0,0.0,3.300399999716319,0.005092500000000001
MCP,3000,1,task_020::perturbed_0,perturbed_0,1,210701,0.0,0.0,0.0,2.5499000039417297,1.5802575
SYNAPSE,3000,1,task_020::perturbed_1,perturbed_1,1,997,1.0,1.0,1.0,3.0629999964730814,0.007477500000000001
MCP,3000,1,task_020::perturbed_1,perturbed_1,1,210701,0.0,0.0,0.0,4.585400005453266,1.5802575
SYNAPSE,3000,1,task_021::clean,clean,1,995,1.0,1.0,1.0,4.145400002016686,0.0074625
MCP,3000,1,task_021::clean,clean,1,210701,0.0,0.0,0.0,3.0854000069666654,1.5802575
SYNAPSE,3000,1,task_021::perturbed_0,perturbed_0,1,996,1.0,0.0,0.25,3.8586000009672716,0.007470000000000001
MCP,3000,1,task_021::perturbed_0,perturbed_0,1,210701,0.0,0.0,0.0,2.6845999964280054,1.5802575
SYNAPSE,3000,1,task_021::perturbed_1,perturbed_1,1,994,1.0,0.0,0.2,4.715400005807169,0.007455000000000001
MCP,3000,1,task_021::perturbed_1,perturbed_1,1,210701,0.0,0.0,0.0,3.6114999966230243,1.5802575
SYNAPSE,3000,1,task_022::clean,clean,1,963,1.0,1.0,1.0,5.078900008811615,0.007222500000000001
MCP,3000,1,task_022::clean,clean,1,210701,0.0,0.0,0.0,2.863599991542287,1.5802575
SYNAPSE,3000,1,task_022::perturbed_0,perturbed_0,0,679,0.0,0.0,0.0,2.864499998395331,0.005092500000000001
MCP,3000,1,task_022::perturbed_0,perturbed_0,0,210701,0.0,0.0,0.0,4.905499998130836,1.5802575
SYNAPSE,3000,1,task_022::perturbed_1,perturbed_1,1,963,1.0,1.0,1.0,11.184599992702715,0.007222500000000001
MCP,3000,1,task_022::perturbed_1,perturbed_1,1,210701,0.0,0.0,0.0,4.67519999074284,1.5802575
SYNAPSE,3000,1,task_023::clean,clean,1,971,1.0,1.0,1.0,8.350800009793602,0.007282500000000001
MCP,3000,1,task_023::clean,clean,1,210701,0.0,0.0,0.0,2.7055000100517645,1.5802575
SYNAPSE,3000,1,task_023::perturbed_0,perturbed_0,0,964,0.0,0.0,0.0,2.114799994160421,0.00723
MCP,3000,1,task_023::perturbed_0,perturbed_0,0,210701,0.0,0.0,0.0,2.3382999934256077,1.5802575
SYNAPSE,3000,1,task_023::perturbed_1,perturbed_1,0,967,0.0,0.0,0.0,2.199299997300841,0.0072525
MCP,3000,1,task_023::perturbed_1,perturbed_1,0,210701,0.0,0.0,0.0,2.4521000013919547,1.5802575
SYNAPSE,3000,1,task_024::clean,clean,1,965,1.0,1.0,1.0,4.70849999692291,0.007237500000000001
MCP,3000,1,task_024::clean,clean,1,210701,1.0,1.0,1.0,2.540500005125068,1.5802575
SYNAPSE,3000,1,task_024::perturbed_0,perturbed_0,0,679,0.0,0.0,0.0,2.926800007116981,0.005092500000000001
MCP,3000,1,task_024::perturbed_0,perturbed_0,0,210701,1.0,0.0,0.14285714285714285,2.581399996415712,1.5802575
SYNAPSE,3000,1,task_024::perturbed_1,perturbed_1,1,976,1.0,1.0,1.0,9.665100005804561,0.007320000000000001
MCP,3000,1,task_024::perturbed_1,perturbed_1,1,210701,1.0,1.0,1.0,1.0132000024896115,1.5802575
SYNAPSE,3000,1,task_025::clean,clean,1,1002,1.0,1.0,1.0,3.388999990420416,0.007515000000000001
MCP,3000,1,task_025::clean,clean,1,210701,0.0,0.0,0.0,3.1000000017229468,1.5802575
SYNAPSE,3000,1,task_025::perturbed_0,perturbed_0,0,679,0.0,0.0,0.0,2.331900002900511,0.005092500000000001
MCP,3000,1,task_025::perturbed_0,perturbed_0,0,210701,0.0,0.0,0.0,2.5104000087594613,1.5802575
SYNAPSE,3000,1,task_025::perturbed_1,perturbed_1,0,993,1.0,0.0,0.25,1.9855999998981133,0.007447500000000001
MCP,3000,1,task_025::perturbed_1,perturbed_1,0,210701,0.0,0.0,0.0,2.4039999989327043,1.5802575
SYNAPSE,3000,1,task_026::clean,clean,1,1002,1.0,1.0,1.0,3.879299998516217,0.007515000000000001
MCP,3000,1,task_026::clean,clean,1,210701,0.0,0.0,0.0,2.796100001432933,1.5802575
SYNAPSE,3000,1,task_026::perturbed_0,perturbed_0,0,1008,1.0,0.0,0.5,1.8297000060556456,0.007560000000000001
MCP,3000,1,task_026::perturbed_0,perturbed_0,0,210701,0.0,0.0,0.0,2.751500011072494,1.5802575
SYNAPSE,3000,1,task_026::perturbed_1,perturbed_1,1,1002,1.0,1.0,1.0,3.38249999913387,0.007515000000000001
MCP,3000,1,task_026::perturbed_1,perturbed_1,1,210701,0.0,0.0,0.0,2.6880999939749017,1.5802575
SYNAPSE,3000,1,task_027::clean,clean,1,967,1.0,1.0,1.0,4.480200004763901,0.0072525
MCP,3000,1,task_027::clean,clean,1,210701,0.0,0.0,0.0,2.948699999251403,1.5802575
SYNAPSE,3000,1,task_027::perturbed_0,perturbed_0,0,679,0.0,0.0,0.0,2.854899998055771,0.005092500000000001
MCP,3000,1,task_027::perturbed_0,perturbed_0,0,210701,0.0,0.0,0.0,2.4228999973274767,1.5802575
SYNAPSE,3000,1,task_027::perturbed_1,perturbed_1,1,967,1.0,1.0,1.0,4.546800002572127,0.0072525
MCP,3000,1,task_027::perturbed_1,perturbed_1,1,210701,0.0,0.0,0.0,2.6834000018425286,1.5802575
SYNAPSE,3000,1,task_028::clean,clean,1,959,1.0,1.0,1.0,4.215499997371808,0.007192500000000001
MCP,3000,1,task_028::clean,clean,1,210701,0.0,0.0,0.0,2.8408999933162704,1.5802575
SYNAPSE,3000,1,task_028::perturbed_0,perturbed_0,0,957,0.0,0.0,0.0,2.082099992549047,0.007177500000000001
MCP,3000,1,task_028::perturbed_0,perturbed_0,0,210701,0.0,0.0,0.0,2.725900005316362,1.5802575
SYNAPSE,3000,1,task_028::perturbed_1,perturbed_1,0,679,0.0,0.0,0.0,2.9307000077096745,0.005092500000000001
MCP,3000,1,task_028::perturbed_1,perturbed_1,0,210701,0.0,0.0,0.0,2.9073000041535124,1.5802575
SYNAPSE,3000,1,task_029::clean,clean,1,977,1.0,1.0,1.0,4.893900011666119,0.007327500000000001
MCP,3000,1,task_029::clean,clean,1,210701,0.0,0.0,0.0,2.8550999995786697,1.5802575
SYNAPSE,3000,1,task_029::perturbed_0,perturbed_0,1,979,1.0,1.0,1.0,5.9308000054443255,0.007342500000000001
MCP,3000,1,task_029::perturbed_0,perturbed_0,1,210701,0.0,0.0,0.0,4.037899998365901,1.5802575
SYNAPSE,3000,1,task_029::perturbed_1,perturbed_1,0,974,1.0,1.0,1.0,2.219600006355904,0.007305000000000001
MCP,3000,1,task_029::perturbed_1,perturbed_1,0,210701,0.0,0.0,0.0,3.4002000029431656,1.5802575
SYNAPSE,3000,2,task_000::clean,clean,1,1001,1.0,1.0,1.0,3.1758999975863844,0.0075075
MCP,3000,2,task_000::clean,clean,1,210850,0.0,0.0,0.0,2.606599999126047,1.5813750000000002
SYNAPSE,3000,2,task_000::perturbed_0,perturbed_0,1,1001,1.0,1.0,1.0,2.6692999963415787,0.0075075
MCP,3000,2,task_000::perturbed_0,perturbed_0,1,210850,0.0,0.0,0.0,2.642699997522868,1.5813750000000002
SYNAPSE,3000,2,task_000::perturbed_1,perturbed_1,1,997,1.0,1.0,1.0,2.8178999928059056,0.007477500000000001
MCP,3000,2,task_000::perturbed_1,perturbed_1,1,210850,0.0,0.0,0.0,4.15729999076575,1.5813750000000002
SYNAPSE,3000,2,task_001::clean,clean,1,991,1.0,1.0,1.0,4.979300007107668,0.007432500000000001
MCP,3000,2,task_001::clean,clean,1,210850,0.0,0.0,0.0,2.6993000064976513,1.5813750000000002
SYNAPSE,3000,2,task_001::perturbed_0,perturbed_0,0,981,1.0,0.0,0.25,2.1447000035550445,0.0073575
MCP,3000,2,task_001::perturbed_0,perturbed_0,0,210850,0.0,0.0,0.0,2.7417999954195693,1.5813750000000002
SYNAPSE,3000,2,task_001::perturbed_1,perturbed_1,1,995,1.0,0.0,0.5,4.029400006402284,0.0074625
MCP,3000,2,task_001::perturbed_1,perturbed_1,1,210850,0.0,0.0,0.0,2.4800999963190407,1.5813750000000002
SYNAPSE,3000,2,task_002::clean,clean,1,985,1.0,1.0,1.0,4.910000003292225,0.007387500000000001
MCP,3000,2,task_002::clean,clean,1,210850,0.0,0.0,0.0,2.8258999955141917,1.5813750000000002
SYNAPSE,3000,2,task_002::perturbed_0,perturbed_0,1,981,1.0,1.0,1.0,4.296500002965331,0.0073575
MCP,3000,2,task_002::perturbed_0,perturbed_0,1,210850,0.0,0.0,0.0,3.0401999974856153,1.5813750000000002
SYNAPSE,3000,2,task_002::perturbed_1,perturbed_1,0,965,0.0,0.0,0.0,5.534500000067055,0.007237500000000001
MCP,3000,2,task_002::perturbed_1,perturbed_1,0,210850,0.0,0.0,0.0,7.312799993087538,1.5813750000000002
SYNAPSE,3000,2,task_003::clean,clean,1,962,1.0,1.0,1.0,5.065300007117912,0.007215000000000001
MCP,3000,2,task_003::clean,clean,1,210850,1.0,1.0,1.0,2.8181999950902537,1.5813750000000002
SYNAPSE,3000,2,task_003::perturbed_0,perturbed_0,0,679,0.0,0.0,0.0,3.117300002486445,0.005092500000000001
MCP,3000,2,task_003::perturbed_0,perturbed_0,0,210850,0.0,0.0,0.0,3.0931999936001375,1.5813750000000002
SYNAPSE,3000,2,task_003::perturbed_1,perturbed_1,1,963,1.0,1.0,1.0,4.621900006895885,0.007222500000000001
MCP,3000,2,task_003::perturbed_1,perturbed_1,1,210850,1.0,0.0,0.16666666666666666,2.421799988951534,1.5813750000000002
SYNAPSE,3000,2,task_004::clean,clean,1,981,1.0,1.0,1.0,4.2781999945873395,0.0073575
MCP,3000,2,task_004::clean,clean,1,210850,0.0,0.0,0.0,2.4799999955575913,1.5813750000000002
SYNAPSE,3000,2,task_004::perturbed_0,perturbed_0,1,981,1.0,1.0,1.0,4.889400006504729,0.0073575
MCP,3000,2,task_004::perturbed_0,perturbed_0,1,210850,0.0,0.0,0.0,2.5848999939626083,1.5813750000000002
SYNAPSE,3000,2,task_004::perturbed_1,perturbed_1,0,966,0.0,0.0,0.0,2.142400000593625,0.007245000000000001
MCP,3000,2,task_004::perturbed_1,perturbed_1,0,210850,0.0,0.0,0.0,3.0504000023938715,1.5813750000000002
SYNAPSE,3000,2,task_005::clean,clean,1,988,1.0,1.0,1.0,2.731299988226965,0.007410000000000001
MCP,3000,2,task_005::clean,clean,1,210850,0.0,0.0,0.0,4.618600010871887,1.5813750000000002
SYNAPSE,3000,2,task_005::perturbed_0,perturbed_0,1,984,1.0,1.0,1.0,4.174000001512468,0.00738
MCP,3000,2,task_005::perturbed_0,perturbed_0,1,210850,0.0,0.0,0.0,5.256500007817522,1.5813750000000002
SYNAPSE,3000,2,task_005::perturbed_1,perturbed_1,0,990,1.0,1.0,1.0,2.0054000051459298,0.007425
MCP,3000,2,task_005::perturbed_1,perturbed_1,0,210850,0.0,0.0,0.0,4.396700009237975,1.5813750000000002
SYNAPSE,3000,2,task_006::clean,clean,1,1014,1.0,1.0,1.0,3.700899993418716,0.007605000000000001
MCP,3000,2,task_006::clean,clean,1,210850,0.0,0.0,0.0,2.548499993281439,1.5813750000000002
SYNAPSE,3000,2,task_006::perturbed_0,perturbed_0,1,1014,1.0,1.0,1.0,3.4442000032868236,0.007605000000000001
MCP,3000,2,task_006::perturbed_0,perturbed_0,1,210850,0.0,0.0,0.0,2.8143999952590093,1.5813750000000002
SYNAPSE,3000,2,task_006::perturbed_1,perturbed_1,1,1006,1.0,0.0,0.16666666666666666,4.139500000746921,0.0075450000000000005
MCP,3000,2,task_006::perturbed_1,perturbed_1,1,210850,0.0,0.0,0.0,2.861600005417131,1.5813750000000002
SYNAPSE,3000,2,task_007::clean,clean,1,970,1.0,1.0,1.0,9.812200005399063,0.007275
MCP,3000,2,task_007::clean,clean,1,210850,1.0,1.0,1.0,7.38140000612475,1.5813750000000002
SYNAPSE,3000,2,task_007::perturbed_0,perturbed_0,1,970,1.0,1.0,1.0,7.862599988584407,0.007275
MCP,3000,2,task_007::perturbed_0,perturbed_0,1,210850,1.0,1.0,1.0,3.325599987874739,1.5813750000000002
SYNAPSE,3000,2,task_007::perturbed_1,perturbed_1,1,970,1.0,1.0,1.0,7.716000007349066,0.007275
MCP,3000,2,task_007::perturbed_1,perturbed_1,1,210850,1.0,1.0,1.0,2.894300007028505,1.5813750000000002
SYNAPSE,3000,2,task_008::clean,clean,1,981,1.0,1.0,1.0,5.226200009929016,0.0073575
MCP,3000,2,task_008::clean,clean,1,210850,0.0,0.0,0.0,2.5419000012334436,1.5813750000000002
SYNAPSE,3000,2,task_008::perturbed_0,perturbed_0,1,977,1.0,1.0,1.0,4.788999998709187,0.007327500000000001
MCP,3000,2,task_008::perturbed_0,perturbed_0,1,210850,0.0,0.0,0.0,4.153899993980303,1.5813750000000002
SYNAPSE,3000,2,task_008::perturbed_1,perturbed_1,1,978,1.0,1.0,1.0,5.503599997609854,0.007335
MCP,3000,2,task_008::perturbed_1,perturbed_1,1,210850,0.0,0.0,0.0,2.6837000041268766,1.5813750000000002
SYNAPSE,3000,2,task_009::clean,clean,1,980,1.0,1.0,1.0,5.140699999174103,0.007350000000000001
MCP,3000,2,task_009::clean,clean,1,210850,1.0,1.0,1.0,2.825999996275641,1.5813750000000002
SYNAPSE,3000,2,task_009::perturbed_0,perturbed_0,0,980,0.0,0.0,0.0,3.3694000012474135,0.007350000000000001
MCP,3000,2,task_009::perturbed_0,perturbed_0,0,210850,1.0,0.0,0.25,3.0075999966356903,1.5813750000000002
SYNAPSE,3000,2,task_009::perturbed_1,perturbed_1,0,977,0.0,0.0,0.0,2.692699999897741,0.007327500000000001
MCP,3000,2,task_009::perturbed_1,perturbed_1,0,210850,1.0,0.0,0.5,2.718300005653873,1.5813750000000002
SYNAPSE,3000,2,task_010::clean,clean,1,992,1.0,1.0,1.0,3.013399997144006,0.00744
MCP,3000,2,task_010::clean,clean,1,210850,0.0,0.0,0.0,2.712400004384108,1.5813750000000002
SYNAPSE,3000,2,task_010::perturbed_0,perturbed_0,1,987,1.0,1.0,1.0,2.6800999912666157,0.0074025
MCP,3000,2,task_010::perturbed_0,perturbed_0,1,210850,0.0,0.0,0.0,2.7945000038016587,1.5813750000000002
SYNAPSE,3000,2,task_010::perturbed_1,perturbed_1,1,679,0.0,0.0,0.0,3.2852000003913417,0.005092500000000001
MCP,3000,2,task_010::perturbed_1,perturbed_1,1,210850,0.0,0.0,0.0,3.296900002169423,1.5813750000000002
SYNAPSE,3000,2,task_011::clean,clean,1,1013,1.0,1.0,1.0,4.511199993430637,0.007597500000000001
MCP,3000,2,task_011::clean,clean,1,210850,1.0,1.0,1.0,2.9855000029783696,1.5813750000000002
SYNAPSE,3000,2,task_011::perturbed_0,perturbed_0,0,1013,1.0,1.0,1.0,2.315899997483939,0.007597500000000001
MCP,3000,2,task_011::perturbed_0,perturbed_0,0,210850,1.0,0.0,0.5,2.945900007034652,1.5813750000000002
SYNAPSE,3000,2,task_011::perturbed_1,perturbed_1,0,1010,1.0,1.0,1.0,2.10170001082588,0.007575000000000001
MCP,3000,2,task_011::perturbed_1,perturbed_1,0,210850,1.0,0.0,0.5,2.902599997469224,1.5813750000000002
SYNAPSE,3000,2,task_012::clean,clean,1,988,1.0,1.0,1.0,5.164700007298961,0.007410000000000001
MCP,3000,2,task_012::clean,clean,1,210850,0.0,0.0,0.0,3.230799993616529,1.5813750000000002
SYNAPSE,3000,2,task_012::perturbed_0,perturbed_0,1,972,1.0,0.0,0.25,5.623200006084517,0.0072900000000000005
MCP,3000,2,task_012::perturbed_0,perturbed_0,1,210850,0.0,0.0,0.0,3.187700000125915,1.5813750000000002
SYNAPSE,3000,2,task_012::perturbed_1,perturbed_1,0,975,1.0,0.0,0.5,2.0551000052364543,0.0073125
MCP,3000,2,task_012::perturbed_1,perturbed_1,0,210850,0.0,0.0,0.0,2.744500001426786,1.5813750000000002
SYNAPSE,3000,2,task_013::clean,clean,1,985,1.0,1.0,1.0,5.534199997782707,0.007387500000000001
MCP,3000,2,task_013::clean,clean,1,210850,0.0,0.0,0.0,2.8682999982265756,1.5813750000000002
SYNAPSE,3000,2,task_013::perturbed_0,perturbed_0,0,983,1.0,1.0,1.0,2.1917999983998016,0.007372500000000001
MCP,3000,2,task_013::perturbed_0,perturbed_0,0,210850,0.0,0.0,0.0,2.697700008866377,1.5813750000000002
SYNAPSE,3000,2,task_013::perturbed_1,perturbed_1,1,985,1.0,1.0,1.0,5.07520000974182,0.007387500000000001
MCP,3000,2,task_013::perturbed_1,perturbed_1,1,210850,0.0,0.0,0.0,2.9349999967962503,1.5813750000000002
SYNAPSE,3000,2,task_014::clean,clean,1,998,1.0,1.0,1.0,4.474000001209788,0.007485
MCP,3000,2,task_014::clean,clean,1,210850,0.0,0.0,0.0,2.555200000642799,1.5813750000000002
SYNAPSE,3000,2,task_014::perturbed_0,perturbed_0,1,1005,1.0,1.0,1.0,4.5298000040929765,0.007537500000000001
MCP,3000,2,task_014::perturbed_0,perturbed_0,1,210850,0.0,0.0,0.0,2.979199998662807,1.5813750000000002
SYNAPSE,3000,2,task_014::perturbed_1,perturbed_1,1,1001,1.0,1.0,1.0,4.9143999931402504,0.0075075
MCP,3000,2,task_014::perturbed_1,perturbed_1,1,210850,0.0,0.0,0.0,2.8405000048223883,1.5813750000000002
SYNAPSE,3000,2,task_015::clean,clean,1,988,1.0,1.0,1.0,3.0312999879242852,0.007410000000000001
MCP,3000,2,task_015::clean,clean,1,210850,0.0,0.0,0.0,2.774599997792393,1.5813750000000002
SYNAPSE,3000,2,task_015::perturbed_0,perturbed_0,0,987,1.0,0.0,0.16666666666666666,1.7377000040141866,0.0074025
MCP,3000,2,task_015::perturbed_0,perturbed_0,0,210850,0.0,0.0,0.0,2.540500005125068,1.5813750000000002
SYNAPSE,3000,2,task_015::perturbed_1,perturbed_1,1,980,1.0,0.0,0.5,2.7273000014247373,0.007350000000000001
MCP,3000,2,task_015::perturbed_1,perturbed_1,1,210850,0.0,0.0,0.0,2.5849000085145235,1.5813750000000002
SYNAPSE,3000,2,task_016::clean,clean,1,985,1.0,1.0,1.0,3.515099990181625,0.007387500000000001
MCP,3000,2,task_016::clean,clean,1,210850,0.0,0.0,0.0,2.5242999981855974,1.5813750000000002
SYNAPSE,3000,2,task_016::perturbed_0,perturbed_0,1,998,1.0,0.0,0.5,3.4727000020211563,0.007485
MCP,3000,2,task_016::perturbed_0,perturbed_0,1,210850,0.0,0.0,0.0,2.699200005736202,1.5813750000000002
SYNAPSE,3000,2,task_016::perturbed_1,perturbed_1,0,989,1.0,1.0,1.0,3.5600999981397763,0.0074175000000000005
MCP,3000,2,task_016::perturbed_1,perturbed_1,0,210850,0.0,0.0,0.0,2.809999990859069,1.5813750000000002
SYNAPSE,3000,2,task_017::clean,clean,1,996,1.0,1.0,1.0,5.293900001561269,0.007470000000000001
MCP,3000,2,task_017::clean,clean,1,210850,0.0,0.0,0.0,3.2961999968392774,1.5813750000000002
SYNAPSE,3000,2,task_017::perturbed_0,perturbed_0,1,992,1.0,1.0,1.0,4.460199997993186,0.00744
MCP,3000,2,task_017::perturbed_0,perturbed_0,1,210850,0.0,0.0,0.0,2.5099000049522147,1.5813750000000002
SYNAPSE,3000,2,task_017::perturbed_1,perturbed_1,1,996,1.0,1.0,1.0,5.406500000390224,0.007470000000000001
MCP,3000,2,task_017::perturbed_1,perturbed_1,1,210850,0.0,0.0,0.0,3.247799992095679,1.5813750000000002
SYNAPSE,3000,2,task_018::clean,clean,1,962,1.0,1.0,1.0,4.465000005438924,0.007215000000000001
MCP,3000,2,task_018::clean,clean,1,210850,0.0,0.0,0.0,3.552599999238737,1.5813750000000002
SYNAPSE,3000,2,task_018::perturbed_0,perturbed_0,0,956,0.0,0.0,0.0,3.0160000023897737,0.00717
MCP,3000,2,task_018::perturbed_0,perturbed_0,0,210850,0.0,0.0,0.0,2.6171999925281852,1.5813750000000002
SYNAPSE,3000,2,task_018::perturbed_1,perturbed_1,1,679,0.0,0.0,0.0,7.5010000000474975,0.005092500000000001
MCP,3000,2,task_018::perturbed_1,perturbed_1,1,210850,0.0,0.0,0.0,3.641800009063445,1.5813750000000002
SYNAPSE,3000,2,task_019::clean,clean,1,974,1.0,1.0,1.0,5.005800005164929,0.007305000000000001
MCP,3000,2,task_019::clean,clean,1,210850,0.0,0.0,0.0,3.6632999981520697,1.5813750000000002
SYNAPSE,3000,2,task_019::perturbed_0,perturbed_0,0,963,0.0,0.0,0.0,2.961999998660758,0.007222500000000001
MCP,3000,2,task_019::perturbed_0,perturbed_0,0,210850,0.0,0.0,0.0,3.5693999961949885,1.5813750000000002
SYNAPSE,3000,2,task_019::perturbed_1,perturbed_1,0,679,0.0,0.0,0.0,2.987500003655441,0.005092500000000001
MCP,3000,2,task_019::perturbed_1,perturbed_1,0,210850,0.0,0.0,0.0,2.673099996172823,1.5813750000000002
SYNAPSE,3000,2,task_020::clean,clean,1,1000,1.0,1.0,1.0,2.8848999936599284,0.007500000000000001
MCP,3000,2,task_020::clean,clean,1,210850,0.0,0.0,0.0,3.1255000067176297,1.5813750000000002
SYNAPSE,3000,2,task_020::perturbed_0,perturbed_0,1,679,0.0,0.0,0.0,3.2627000036882237,0.005092500000000001
MCP,3000,2,task_020::perturbed_0,perturbed_0,1,210850,0.0,0.0,0.0,2.8842000028816983,1.5813750000000002
SYNAPSE,3000,2,task_020::perturbed_1,perturbed_1,1,679,0.0,0.0,0.0,3.2595999946352094,0.005092500000000001
MCP,3000,2,task_020::perturbed_1,perturbed_1,1,210850,0.0,0.0,0.0,2.8412999963620678,1.5813750000000002
SYNAPSE,3000,2,task_021::clean,clean,1,993,1.0,1.0,1.0,4.677899996750057,0.007447500000000001
MCP,3000,2,task_021::clean,clean,1,210850,0.0,0.0,0.0,2.6413000014144927,1.5813750000000002
SYNAPSE,3000,2,task_021::perturbed_0,perturbed_0,0,993,1.0,1.0,1.0,2.0795000018551946,0.007447500000000001
MCP,3000,2,task_021::perturbed_0,perturbed_0,0,210850,0.0,0.0,0.0,2.6400000060675666,1.5813750000000002
SYNAPSE,3000,2,task_021::perturbed_1,perturbed_1,1,993,1.0,0.0,0.5,4.2532999941613525,0.007447500000000001
MCP,3000,2,task_021::perturbed_1,perturbed_1,1,210850,0.0,0.0,0.0,2.8674000059254467,1.5813750000000002
SYNAPSE,3000,2,task_022::clean,clean,1,966,1.0,1.0,1.0,4.731900000479072,0.007245000000000001
MCP,3000,2,task_022::clean,clean,1,210850,0.0,0.0,0.0,2.759199996944517,1.5813750000000002
SYNAPSE,3000,2,task_022::perturbed_0,perturbed_0,0,679,0.0,0.0,0.0,2.7267999976174906,0.005092500000000001
MCP,3000,2,task_022::perturbed_0,perturbed_0,0,210850,0.0,0.0,0.0,2.6744999922811985,1.5813750000000002
SYNAPSE,3000,2,task_022::perturbed_1,perturbed_1,0,971,1.0,0.0,0.2,2.216799999587238,0.007282500000000001
MCP,3000,2,task_022::perturbed_1,perturbed_1,0,210850,0.0,0.0,0.0,2.911499992478639,1.5813750000000002
SYNAPSE,3000,2,task_023::clean,clean,1,958,1.0,1.0,1.0,4.529099998762831,0.007185
MCP,3000,2,task_023::clean,clean,1,210850,0.0,0.0,0.0,2.5741999997990206,1.5813750000000002
SYNAPSE,3000,2,task_023::perturbed_0,perturbed_0,1,964,1.0,1.0,1.0,4.913600001600571,0.00723
MCP,3000,2,task_023::perturbed_0,perturbed_0,1,210850,0.0,0.0,0.0,3.765200002817437,1.5813750000000002
SYNAPSE,3000,2,task_023::perturbed_1,perturbed_1,1,954,1.0,0.0,0.3333333333333333,4.755100002512336,0.007155000000000001
MCP,3000,2,task_023::perturbed_1,perturbed_1,1,210850,0.0,0.0,0.0,2.836400002706796,1.5813750000000002
SYNAPSE,3000,2,task_024::clean,clean,1,973,1.0,1.0,1.0,4.7048999986145645,0.0072975
MCP,3000,2,task_024::clean,clean,1,210850,1.0,1.0,1.0,2.7018999971915036,1.5813750000000002
SYNAPSE,3000,2,task_024::perturbed_0,perturbed_0,0,679,0.0,0.0,0.0,2.9848999984096736,0.005092500000000001
MCP,3000,2,task_024::perturbed_0,perturbed_0,0,210850,0.0,0.0,0.0,2.598999999463558,1.5813750000000002
SYNAPSE,3000,2,task_024::perturbed_1,perturbed_1,0,967,0.0,0.0,0.0,2.121799989254214,0.0072525
MCP,3000,2,task_024::perturbed_1,perturbed_1,0,210850,1.0,1.0,1.0,2.594300007331185,1.5813750000000002
SYNAPSE,3000,2,task_025::clean,clean,1,991,1.0,1.0,1.0,2.9135999939171597,0.007432500000000001
MCP,3000,2,task_025::clean,clean,1,210850,0.0,0.0,0.0,2.5698999961605296,1.5813750000000002
SYNAPSE,3000,2,task_025::perturbed_0,perturbed_0,0,679,0.0,0.0,0.0,2.805399999488145,0.005092500000000001
MCP,3000,2,task_025::perturbed_0,perturbed_0,0,210850,0.0,0.0,0.0,3.08470000163652,1.5813750000000002
SYNAPSE,3000,2,task_025::perturbed_1,perturbed_1,0,989,1.0,1.0,1.0,2.0552999922074378,0.0074175000000000005
MCP,3000,2,task_025::perturbed_1,perturbed_1,0,210850,0.0,0.0,0.0,2.5074000004678965,1.5813750000000002
SYNAPSE,3000,2,task_026::clean,clean,1,1005,1.0,1.0,1.0,4.0822000009939075,0.007537500000000001
MCP,3000,2,task_026::clean,clean,1,210850,0.0,0.0,0.0,3.1565999961458147,1.5813750000000002
SYNAPSE,3000,2,task_026::perturbed_0,perturbed_0,1,1005,1.0,1.0,1.0,4.183099998044781,0.007537500000000001
MCP,3000,2,task_026::perturbed_0,perturbed_0,1,210850,0.0,0.0,0.0,2.9402999934973195,1.5813750000000002
SYNAPSE,3000,2,task_026::perturbed_1,perturbed_1,1,1005,1.0,1.0,1.0,3.6789000005228445,0.007537500000000001
MCP,3000,2,task_026::perturbed_1,perturbed_1,1,210850,0.0,0.0,0.0,3.197300000465475,1.5813750000000002
SYNAPSE,3000,2,task_027::clean,clean,1,959,1.0,0.0,0.5,4.799999995157123,0.007192500000000001
MCP,3000,2,task_027::clean,clean,1,210850,0.0,0.0,0.0,2.9952999902889132,1.5813750000000002
SYNAPSE,3000,2,task_027::perturbed_0,perturbed_0,1,957,1.0,0.0,0.25,5.580200013355352,0.007177500000000001
MCP,3000,2,task_027::perturbed_0,perturbed_0,1,210850,0.0,0.0,0.0,2.6951000036206096,1.5813750000000002
SYNAPSE,3000,2,task_027::perturbed_1,perturbed_1,1,679,0.0,0.0,0.0,5.955100001301616,0.005092500000000001
MCP,3000,2,task_027::perturbed_1,perturbed_1,1,210850,0.0,0.0,0.0,2.9826999962097034,1.5813750000000002
SYNAPSE,3000,2,task_028::clean,clean,1,964,1.0,1.0,1.0,4.805600008694455,0.00723
MCP,3000,2,task_028::clean,clean,1,210850,0.0,0.0,0.0,3.346800003782846,1.5813750000000002
SYNAPSE,3000,2,task_028::perturbed_0,perturbed_0,1,679,0.0,0.0,0.0,5.837100005010143,0.005092500000000001
MCP,3000,2,task_028::perturbed_0,perturbed_0,1,210850,0.0,0.0,0.0,2.884400004404597,1.5813750000000002
SYNAPSE,3000,2,task_028::perturbed_1,perturbed_1,1,679,0.0,0.0,0.0,5.958599998848513,0.005092500000000001
MCP,3000,2,task_028::perturbed_1,perturbed_1,1,210850,0.0,0.0,0.0,2.823199989506975,1.5813750000000002
SYNAPSE,3000,2,task_029::clean,clean,1,975,1.0,1.0,1.0,4.213100008200854,0.0073125
MCP,3000,2,task_029::clean,clean,1,210850,0.0,0.0,0.0,2.89429999247659,1.5813750000000002
SYNAPSE,3000,2,task_029::perturbed_0,perturbed_0,1,976,0.0,0.0,0.0,4.959400001098402,0.007320000000000001
MCP,3000,2,task_029::perturbed_0,perturbed_0,1,210850,0.0,0.0,0.0,2.665699998033233,1.5813750000000002
SYNAPSE,3000,2,task_029::perturbed_1,perturbed_1,1,976,0.0,0.0,0.0,4.258600005414337,0.007320000000000001
MCP,3000,2,task_029::perturbed_1,perturbed_1,1,210850,0.0,0.0,0.0,2.473999993526377,1.5813750000000002
SYNAPSE,3000,3,task_000::clean,clean,1,1010,1.0,1.0,1.0,3.5414000012679026,0.007575000000000001
MCP,3000,3,task_000::clean,clean,1,210615,0.0,0.0,0.0,2.9901999951107427,1.5796125
SYNAPSE,3000,3,task_000::perturbed_0,perturbed_0,1,1011,1.0,1.0,1.0,2.9057999927317724,0.007582500000000001
MCP,3000,3,task_000::perturbed_0,perturbed_0,1,210615,0.0,0.0,0.0,4.632199998013675,1.5796125
SYNAPSE,3000,3,task_000::perturbed_1,perturbed_1,0,1003,1.0,1.0,1.0,2.44389999716077,0.0075225000000000005
MCP,3000,3,task_000::perturbed_1,perturbed_1,0,210615,0.0,0.0,0.0,2.6547000015852973,1.5796125
SYNAPSE,3000,3,task_001::clean,clean,1,1011,1.0,1.0,1.0,4.91150000016205,0.007582500000000001
MCP,3000,3,task_001::clean,clean,1,210615,0.0,0.0,0.0,2.701999997952953,1.5796125
SYNAPSE,3000,3,task_001::perturbed_0,perturbed_0,0,989,1.0,1.0,1.0,2.0847999985562637,0.0074175000000000005
MCP,3000,3,task_001::perturbed_0,perturbed_0,0,210615,0.0,0.0,0.0,2.780099996016361,1.5796125
SYNAPSE,3000,3,task_001::perturbed_1,perturbed_1,1,1011,1.0,1.0,1.0,4.183500001090579,0.007582500000000001
MCP,3000,3,task_001::perturbed_1,perturbed_1,1,210615,0.0,0.0,0.0,2.6455000042915344,1.5796125
SYNAPSE,3000,3,task_002::clean,clean,1,972,1.0,1.0,1.0,4.669800007832237,0.0072900000000000005
MCP,3000,3,task_002::clean,clean,1,210615,0.0,0.0,0.0,3.6933000083081424,1.5796125
SYNAPSE,3000,3,task_002::perturbed_0,perturbed_0,1,967,1.0,0.0,0.16666666666666666,4.359500002465211,0.0072525
MCP,3000,3,task_002::perturbed_0,perturbed_0,1,210615,0.0,0.0,0.0,3.048099999432452,1.5796125
SYNAPSE,3000,3,task_002::perturbed_1,perturbed_1,1,679,0.0,0.0,0.0,4.6857999986968935,0.005092500000000001
MCP,3000,3,task_002::perturbed_1,perturbed_1,1,210615,0.0,0.0,0.0,2.6766999944811687,1.5796125
SYNAPSE,3000,3,task_003::clean,clean,1,970,1.0,1.0,1.0,4.098000004887581,0.007275
MCP,3000,3,task_003::clean,clean,1,210615,1.0,0.0,0.5,2.586399990832433,1.5796125
SYNAPSE,3000,3,task_003::perturbed_0,perturbed_0,1,970,1.0,1.0,1.0,3.9752000011503696,0.007275
MCP,3000,3,task_003::perturbed_0,perturbed_0,1,210615,1.0,1.0,1.0,2.958899989607744,1.5796125
SYNAPSE,3000,3,task_003::perturbed_1,perturbed_1,1,970,1.0,1.0,1.0,5.028300001868047,0.007275
MCP,3000,3,task_003::perturbed_1,perturbed_1,1,210615,1.0,0.0,0.5,3.153300000121817,1.5796125
SYNAPSE,3000,3,task_004::clean,clean,1,981,1.0,1.0,1.0,5.094800013466738,0.0073575
MCP,3000,3,task_004::clean,clean,1,210615,0.0,0.0,0.0,2.762000003713183,1.5796125
SYNAPSE,3000,3,task_004::perturbed_0,perturbed_0,1,977,1.0,1.0,1.0,4.953499999828637,0.007327500000000001
MCP,3000,3,task_004::perturbed_0,perturbed_0,1,210615,0.0,0.0,0.0,2.9937999934190884,1.5796125
SYNAPSE,3000,3,task_004::perturbed_1,perturbed_1,1,977,1.0,1.0,1.0,4.430200002389029,0.007327500000000001
MCP,3000,3,task_004::perturbed_1,perturbed_1,1,210615,0.0,0.0,0.0,2.5178999931085855,1.5796125
SYNAPSE,3000,3,task_005::clean,clean,1,993,1.0,1.0,1.0,2.665100008016452,0.007447500000000001
MCP,3000,3,task_005::clean,clean,1,210615,0.0,0.0,0.0,2.7098999998997897,1.5796125
SYNAPSE,3000,3,task_005::perturbed_0,perturbed_0,1,993,1.0,1.0,1.0,2.6448999997228384,0.007447500000000001
MCP,3000,3,task_005::perturbed_0,perturbed_0,1,210615,0.0,0.0,0.0,2.480499999364838,1.5796125
SYNAPSE,3000,3,task_005::perturbed_1,perturbed_1,1,984,1.0,0.0,0.5,2.461700001731515,0.00738
MCP,3000,3,task_005::perturbed_1,perturbed_1,1,210615,0.0,0.0,0.0,2.573300007497892,1.5796125
SYNAPSE,3000,3,task_006::clean,clean,1,986,1.0,1.0,1.0,3.7681999965570867,0.0073950000000000005
MCP,3000,3,task_006::clean,clean,1,210615,0.0,0.0,0.0,2.622300002258271,1.5796125
SYNAPSE,3000,3,task_006::perturbed_0,perturbed_0,1,979,1.0,1.0,1.0,3.516900003887713,0.007342500000000001
MCP,3000,3,task_006::perturbed_0,perturbed_0,1,210615,0.0,0.0,0.0,2.536599989980459,1.5796125
SYNAPSE,3000,3,task_006::perturbed_1,perturbed_1,1,981,1.0,1.0,1.0,3.7788000045111403,0.0073575
MCP,3000,3,task_006::perturbed_1,perturbed_1,1,210615,0.0,0.0,0.0,2.715199996600859,1.5796125
SYNAPSE,3000,3,task_007::clean,clean,1,960,1.0,1.0,1.0,4.136000003200024,0.007200000000000001
MCP,3000,3,task_007::clean,clean,1,210615,1.0,1.0,1.0,2.5521000061417,1.5796125
SYNAPSE,3000,3,task_007::perturbed_0,perturbed_0,0,961,1.0,1.0,1.0,1.896899993880652,0.0072075
MCP,3000,3,task_007::perturbed_0,perturbed_0,0,210615,1.0,1.0,1.0,2.647200002684258,1.5796125
SYNAPSE,3000,3,task_007::perturbed_1,perturbed_1,1,955,1.0,0.0,0.14285714285714285,4.196099995169789,0.0071625000000000005
MCP,3000,3,task_007::perturbed_1,perturbed_1,1,210615,0.0,0.0,0.0,3.2153999927686527,1.5796125
SYNAPSE,3000,3,task_008::clean,clean,1,981,1.0,1.0,1.0,4.898500003037043,0.0073575
MCP,3000,3,task_008::clean,clean,1,210615,0.0,0.0,0.0,2.7627000090433285,1.5796125
SYNAPSE,3000,3,task_008::perturbed_0,perturbed_0,1,975,1.0,1.0,1.0,4.407199987326749,0.0073125
MCP,3000,3,task_008::perturbed_0,perturbed_0,1,210615,0.0,0.0,0.0,2.678599994396791,1.5796125
SYNAPSE,3000,3,task_008::perturbed_1,perturbed_1,1,976,1.0,1.0,1.0,5.490499999723397,0.007320000000000001
MCP,3000,3,task_008::perturbed_1,perturbed_1,1,210615,0.0,0.0,0.0,2.7002000133506954,1.5796125
SYNAPSE,3000,3,task_009::clean,clean,1,987,1.0,1.0,1.0,4.518200003076345,0.0074025
MCP,3000,3,task_009::clean,clean,1,210615,1.0,1.0,1.0,2.4255999887827784,1.5796125
SYNAPSE,3000,3,task_009::perturbed_0,perturbed_0,0,979,0.0,0.0,0.0,2.3302999907173216,0.007342500000000001
MCP,3000,3,task_009::perturbed_0,perturbed_0,0,210615,0.0,0.0,0.0,2.7968000067630783,1.5796125
SYNAPSE,3000,3,task_009::perturbed_1,perturbed_1,1,679,0.0,0.0,0.0,5.135399987921119,0.005092500000000001
MCP,3000,3,task_009::perturbed_1,perturbed_1,1,210615,1.0,1.0,1.0,3.0417999951168895,1.5796125
SYNAPSE,3000,3,task_010::clean,clean,1,985,1.0,1.0,1.0,2.819199988152832,0.007387500000000001
MCP,3000,3,task_010::clean,clean,1,210615,0.0,0.0,0.0,2.6705000054789707,1.5796125
SYNAPSE,3000,3,task_010::perturbed_0,perturbed_0,1,991,1.0,1.0,1.0,2.598599996417761,0.007432500000000001
MCP,3000,3,task_010::perturbed_0,perturbed_0,1,210615,0.0,0.0,0.0,2.642000006744638,1.5796125
SYNAPSE,3000,3,task_010::perturbed_1,perturbed_1,1,983,1.0,0.0,0.5,2.547199997934513,0.007372500000000001
MCP,3000,3,task_010::perturbed_1,perturbed_1,1,210615,0.0,0.0,0.0,2.8381000010995194,1.5796125
SYNAPSE,3000,3,task_011::clean,clean,1,988,1.0,1.0,1.0,3.896299996995367,0.007410000000000001
MCP,3000,3,task_011::clean,clean,1,210615,1.0,0.0,0.3333333333333333,2.8331999928923324,1.5796125
SYNAPSE,3000,3,task_011::perturbed_0,perturbed_0,1,998,1.0,0.0,0.5,5.839899997226894,0.007485
MCP,3000,3,task_011::perturbed_0,perturbed_0,1,210615,1.0,0.0,0.2,2.9193000082159415,1.5796125
SYNAPSE,3000,3,task_011::perturbed_1,perturbed_1,0,997,1.0,0.0,0.5,3.377899993211031,0.007477500000000001
MCP,3000,3,task_011::perturbed_1,perturbed_1,0,210615,0.0,0.0,0.0,2.7427000022726133,1.5796125
SYNAPSE,3000,3,task_012::clean,clean,1,981,1.0,1.0,1.0,7.518200000049546,0.0073575
MCP,3000,3,task_012::clean,clean,1,210615,0.0,0.0,0.0,3.426800001761876,1.5796125
SYNAPSE,3000,3,task_012::perturbed_0,perturbed_0,0,983,1.0,1.0,1.0,2.4997000000439584,0.007372500000000001
MCP,3000,3,task_012::perturbed_0,perturbed_0,0,210615,0.0,0.0,0.0,3.479600010905415,1.5796125
SYNAPSE,3000,3,task_012::perturbed_1,perturbed_1,0,982,1.0,1.0,1.0,2.188200000091456,0.007365000000000001
MCP,3000,3,task_012::perturbed_1,perturbed_1,0,210615,0.0,0.0,0.0,3.506799999740906,1.5796125
SYNAPSE,3000,3,task_013::clean,clean,1,979,1.0,1.0,1.0,4.5012000045971945,0.007342500000000001
MCP,3000,3,task_013::clean,clean,1,210615,0.0,0.0,0.0,3.0894999945303425,1.5796125
SYNAPSE,3000,3,task_013::perturbed_0,perturbed_0,0,979,1.0,1.0,1.0,2.370399990468286,0.007342500000000001
MCP,3000,3,task_013::perturbed_0,perturbed_0,0,210615,0.0,0.0,0.0,2.846500006853603,1.5796125
SYNAPSE,3000,3,task_013::perturbed_1,perturbed_1,0,981,1.0,1.0,1.0,2.1133000118425116,0.0073575
MCP,3000,3,task_013::perturbed_1,perturbed_1,0,210615,0.0,0.0,0.0,2.925299995695241,1.5796125
SYNAPSE,3000,3,task_014::clean,clean,1,1020,1.0,1.0,1.0,4.869299998972565,0.0076500000000000005
MCP,3000,3,task_014::clean,clean,1,210615,0.0,0.0,0.0,3.1467000080738217,1.5796125
SYNAPSE,3000,3,task_014::perturbed_0,perturbed_0,1,1020,1.0,1.0,1.0,5.358299997169524,0.0076500000000000005
MCP,3000,3,task_014::perturbed_0,perturbed_0,1,210615,0.0,0.0,0.0,3.167400005622767,1.5796125
SYNAPSE,3000,3,task_014::perturbed_1,perturbed_1,0,1010,1.0,1.0,1.0,2.790900005493313,0.007575000000000001
MCP,3000,3,task_014::perturbed_1,perturbed_1,0,210615,0.0,0.0,0.0,3.591600005165674,1.5796125
SYNAPSE,3000,3,task_015::clean,clean,1,982,1.0,1.0,1.0,3.0913999944459647,0.007365000000000001
MCP,3000,3,task_015::clean,clean,1,210615,0.0,0.0,0.0,2.8624999977182597,1.5796125
SYNAPSE,3000,3,task_015::perturbed_0,perturbed_0,1,986,1.0,1.0,1.0,2.9045999981462955,0.0073950000000000005
MCP,3000,3,task_015::perturbed_0,perturbed_0,1,210615,0.0,0.0,0.0,2.7655999874696136,1.5796125
SYNAPSE,3000,3,task_015::perturbed_1,perturbed_1,1,978,1.0,0.0,0.5,2.863299989257939,0.007335
MCP,3000,3,task_015::perturbed_1,perturbed_1,1,210615,0.0,0.0,0.0,3.276000003097579,1.5796125
SYNAPSE,3000,3,task_016::clean,clean,1,989,1.0,1.0,1.0,4.198300011921674,0.0074175000000000005
MCP,3000,3,task_016::clean,clean,1,210615,0.0,0.0,0.0,2.965899999253452,1.5796125
SYNAPSE,3000,3,task_016::perturbed_0,perturbed_0,1,989,1.0,1.0,1.0,5.271400004858151,0.0074175000000000005
MCP,3000,3,task_016::perturbed_0,perturbed_0,1,210615,0.0,0.0,0.0,2.8630000015255064,1.5796125
SYNAPSE,3000,3,task_016::perturbed_1,perturbed_1,1,995,1.0,1.0,1.0,3.8345000066328794,0.0074625
MCP,3000,3,task_016::perturbed_1,perturbed_1,1,210615,0.0,0.0,0.0,2.80909999855794,1.5796125
SYNAPSE,3000,3,task_017::clean,clean,1,996,1.0,1.0,1.0,5.219200000283308,0.007470000000000001
MCP,3000,3,task_017::clean,clean,1,210615,0.0,0.0,0.0,2.67580000218004,1.5796125
SYNAPSE,3000,3,task_017::perturbed_0,perturbed_0,0,990,1.0,1.0,1.0,2.1456999966176227,0.007425
MCP,3000,3,task_017::perturbed_0,perturbed_0,0,210615,0.0,0.0,0.0,2.4272000009659678,1.5796125
SYNAPSE,3000,3,task_017::perturbed_1,perturbed_1,1,993,1.0,1.0,1.0,4.316400008974597,0.007447500000000001
MCP,3000,3,task_017::perturbed_1,perturbed_1,1,210615,0.0,0.0,0.0,2.627299996674992,1.5796125
SYNAPSE,3000,3,task_018::clean,clean,1,966,1.0,1.0,1.0,4.822200004127808,0.007245000000000001
MCP,3000,3,task_018::clean,clean,1,210615,0.0,0.0,0.0,2.8277000092202798,1.5796125
SYNAPSE,3000,3,task_018::perturbed_0,perturbed_0,1,951,1.0,0.0,0.2,4.443500001798384,0.007132500000000001
MCP,3000,3,task_018::perturbed_0,perturbed_0,1,210615,0.0,0.0,0.0,2.785000004223548,1.5796125
SYNAPSE,3000,3,task_018::perturbed_1,perturbed_1,1,966,1.0,1.0,1.0,4.506400000536814,0.007245000000000001
MCP,3000,3,task_018::perturbed_1,perturbed_1,1,210615,0.0,0.0,0.0,2.3551000049337745,1.5796125
SYNAPSE,3000,3,task_019::clean,clean,1,969,1.0,1.0,1.0,4.220500006340444,0.0072675000000000005
MCP,3000,3,task_019::clean,clean,1,210615,0.0,0.0,0.0,2.333800002816133,1.5796125
SYNAPSE,3000,3,task_019::perturbed_0,perturbed_0,1,679,0.0,0.0,0.0,4.32040001032874,0.005092500000000001
MCP,3000,3,task_019::perturbed_0,perturbed_0,1,210615,0.0,0.0,0.0,3.0036999960429966,1.5796125
SYNAPSE,3000,3,task_019::perturbed_1,perturbed_1,1,976,1.0,1.0,1.0,4.230999998981133,0.007320000000000001
MCP,3000,3,task_019::perturbed_1,perturbed_1,1,210615,0.0,0.0,0.0,2.3855000035837293,1.5796125
SYNAPSE,3000,3,task_020::clean,clean,1,993,1.0,1.0,1.0,2.8104999946663156,0.007447500000000001
MCP,3000,3,task_020::clean,clean,1,210615,0.0,0.0,0.0,2.6753999991342425,1.5796125
SYNAPSE,3000,3,task_020::perturbed_0,perturbed_0,1,993,1.0,1.0,1.0,2.611200005048886,0.007447500000000001
MCP,3000,3,task_020::perturbed_0,perturbed_0,1,210615,0.0,0.0,0.0,2.3037000064505264,1.5796125
SYNAPSE,3000,3,task_020::perturbed_1,perturbed_1,0,991,1.0,1.0,1.0,1.8324999982723966,0.007432500000000001
MCP,3000,3,task_020::perturbed_1,perturbed_1,0,210615,0.0,0.0,0.0,2.238199987914413,1.5796125
SYNAPSE,3000,3,task_021::clean,clean,1,979,1.0,1.0,1.0,3.733800011104904,0.007342500000000001
MCP,3000,3,task_021::clean,clean,1,210615,0.0,0.0,0.0,2.6980999973602593,1.5796125
SYNAPSE,3000,3,task_021::perturbed_0,perturbed_0,0,985,1.0,1.0,1.0,2.0139999978709966,0.007387500000000001
MCP,3000,3,task_021::perturbed_0,perturbed_0,0,210615,0.0,0.0,0.0,2.739899995503947,1.5796125
SYNAPSE,3000,3,task_021::perturbed_1,perturbed_1,1,979,1.0,1.0,1.0,4.004300004453398,0.007342500000000001
MCP,3000,3,task_021::perturbed_1,perturbed_1,1,210615,0.0,0.0,0.0,2.663499995833263,1.5796125
SYNAPSE,3000,3,task_022::clean,clean,1,963,1.0,1.0,1.0,4.4273999956203625,0.007222500000000001
MCP,3000,3,task_022::clean,clean,1,210615,0.0,0.0,0.0,2.7593999984674156,1.5796125
SYNAPSE,3000,3,task_022::perturbed_0,perturbed_0,0,961,1.0,0.0,0.3333333333333333,2.217799992649816,0.0072075
MCP,3000,3,task_022::perturbed_0,perturbed_0,0,210615,0.0,0.0,0.0,3.098200002568774,1.5796125
SYNAPSE,3000,3,task_022::perturbed_1,perturbed_1,1,956,1.0,0.0,0.16666666666666666,4.681999998865649,0.00717
MCP,3000,3,task_022::perturbed_1,perturbed_1,1,210615,0.0,0.0,0.0,2.800100002787076,1.5796125
SYNAPSE,3000,3,task_023::clean,clean,1,976,1.0,1.0,1.0,4.714900001999922,0.007320000000000001
MCP,3000,3,task_023::clean,clean,1,210615,0.0,0.0,0.0,2.7236000023549423,1.5796125
SYNAPSE,3000,3,task_023::perturbed_0,perturbed_0,0,679,0.0,0.0,0.0,2.5454999995417893,0.005092500000000001
MCP,3000,3,task_023::perturbed_0,perturbed_0,0,210615,0.0,0.0,0.0,2.629399998113513,1.5796125
SYNAPSE,3000,3,task_023::perturbed_1,perturbed_1,0,974,1.0,1.0,1.0,2.3049000010360032,0.007305000000000001
MCP,3000,3,task_023::perturbed_1,perturbed_1,0,210615,0.0,0.0,0.0,2.5858000008156523,1.5796125
SYNAPSE,3000,3,task_024::clean,clean,1,960,1.0,1.0,1.0,4.605199996149167,0.007200000000000001
MCP,3000,3,task_024::clean,clean,1,210615,1.0,1.0,1.0,2.7045999886468053,1.5796125
SYNAPSE,3000,3,task_024::perturbed_0,perturbed_0,0,949,1.0,0.0,0.14285714285714285,2.322300002560951,0.0071175000000000006
MCP,3000,3,task_024::perturbed_0,perturbed_0,0,210615,1.0,0.0,0.5,2.6412000006530434,1.5796125
SYNAPSE,3000,3,task_024::perturbed_1,perturbed_1,1,960,1.0,1.0,1.0,4.109900008188561,0.007200000000000001
MCP,3000,3,task_024::perturbed_1,perturbed_1,1,210615,1.0,1.0,1.0,2.6871000009123236,1.5796125
SYNAPSE,3000,3,task_025::clean,clean,1,989,1.0,1.0,1.0,3.2900000078370795,0.0074175000000000005
MCP,3000,3,task_025::clean,clean,1,210615,0.0,0.0,0.0,2.5425999920116737,1.5796125
SYNAPSE,3000,3,task_025::perturbed_0,perturbed_0,1,985,1.0,1.0,1.0,2.223699993919581,0.007387500000000001
MCP,3000,3,task_025::perturbed_0,perturbed_0,1,210615,0.0,0.0,0.0,2.858599997125566,1.5796125
SYNAPSE,3000,3,task_025::perturbed_1,perturbed_1,1,988,1.0,1.0,1.0,2.543499998864718,0.007410000000000001
MCP,3000,3,task_025::perturbed_1,perturbed_1,1,210615,0.0,0.0,0.0,3.52549999661278,1.5796125
SYNAPSE,3000,3,task_026::clean,clean,1,1013,1.0,1.0,1.0,4.402699996717274,0.007597500000000001
MCP,3000,3,task_026::clean,clean,1,210615,0.0,0.0,0.0,2.936499993666075,1.5796125
SYNAPSE,3000,3,task_026::perturbed_0,perturbed_0,1,1010,1.0,1.0,1.0,5.283600010443479,0.007575000000000001
MCP,3000,3,task_026::perturbed_0,perturbed_0,1,210615,0.0,0.0,0.0,2.900699997553602,1.5796125
SYNAPSE,3000,3,task_026::perturbed_1,perturbed_1,0,1007,1.0,1.0,1.0,2.0194000098854303,0.0075525
MCP,3000,3,task_026::perturbed_1,perturbed_1,0,210615,0.0,0.0,0.0,4.103400002350099,1.5796125
SYNAPSE,3000,3,task_027::clean,clean,1,965,1.0,1.0,1.0,5.828900000778958,0.007237500000000001
MCP,3000,3,task_027::clean,clean,1,210615,0.0,0.0,0.0,2.941999991890043,1.5796125
SYNAPSE,3000,3,task_027::perturbed_0,perturbed_0,1,960,0.0,0.0,0.0,5.471700002090074,0.007200000000000001
MCP,3000,3,task_027::perturbed_0,perturbed_0,1,210615,0.0,0.0,0.0,2.8603000100702047,1.5796125
SYNAPSE,3000,3,task_027::perturbed_1,perturbed_1,1,679,0.0,0.0,0.0,5.573000002186745,0.005092500000000001
MCP,3000,3,task_027::perturbed_1,perturbed_1,1,210615,0.0,0.0,0.0,2.9125000000931323,1.5796125
SYNAPSE,3000,3,task_028::clean,clean,1,963,1.0,1.0,1.0,4.821299997274764,0.007222500000000001
MCP,3000,3,task_028::clean,clean,1,210615,0.0,0.0,0.0,2.913000003900379,1.5796125
SYNAPSE,3000,3,task_028::perturbed_0,perturbed_0,0,679,0.0,0.0,0.0,2.8803000022890046,0.005092500000000001
MCP,3000,3,task_028::perturbed_0,perturbed_0,0,210615,0.0,0.0,0.0,2.6387000107206404,1.5796125
SYNAPSE,3000,3,task_028::perturbed_1,perturbed_1,0,968,1.0,1.0,1.0,2.688499997020699,0.007260000000000001
MCP,3000,3,task_028::perturbed_1,perturbed_1,0,210615,0.0,0.0,0.0,2.926899993326515,1.5796125
SYNAPSE,3000,3,task_029::clean,clean,1,983,1.0,1.0,1.0,4.999500000849366,0.007372500000000001
MCP,3000,3,task_029::clean,clean,1,210615,0.0,0.0,0.0,2.714599992032163,1.5796125
SYNAPSE,3000,3,task_029::perturbed_0,perturbed_0,1,981,1.0,0.0,0.2,4.190799998468719,0.0073575
MCP,3000,3,task_029::perturbed_0,perturbed_0,1,210615,0.0,0.0,0.0,2.6016000047093257,1.5796125
SYNAPSE,3000,3,task_029::perturbed_1,perturbed_1,0,679,0.0,0.0,0.0,2.7253000007476658,0.005092500000000001
MCP,3000,3,task_029::perturbed_1,perturbed_1,0,210615,0.0,0.0,0.0,2.5531999999657273,1.5796125
SYNAPSE,3000,4,task_000::clean,clean,1,1002,1.0,1.0,1.0,6.4205999951809645,0.007515000000000001
MCP,3000,4,task_000::clean,clean,1,210581,0.0,0.0,0.0,3.0937000119592994,1.5793575000000002
SYNAPSE,3000,4,task_000::perturbed_0,perturbed_0,0,991,1.0,0.0,0.3333333333333333,2.2443000052589923,0.007432500000000001
MCP,3000,4,task_000::perturbed_0,perturbed_0,0,210581,0.0,0.0,0.0,2.5730000052135438,1.5793575000000002
SYNAPSE,3000,4,task_000::perturbed_1,perturbed_1,1,1002,1.0,1.0,1.0,2.724199992371723,0.007515000000000001
MCP,3000,4,task_000::perturbed_1,perturbed_1,1,210581,0.0,0.0,0.0,2.6446999981999397,1.5793575000000002
SYNAPSE,3000,4,task_001::clean,clean,1,990,1.0,1.0,1.0,3.7863000034121796,0.007425
MCP,3000,4,task_001::clean,clean,1,210581,0.0,0.0,0.0,2.5636999926064163,1.5793575000000002
SYNAPSE,3000,4,task_001::perturbed_0,perturbed_0,1,991,1.0,0.0,0.5,3.779399994527921,0.007432500000000001
MCP,3000,4,task_001::perturbed_0,perturbed_0,1,210581,0.0,0.0,0.0,2.9605999880004674,1.5793575000000002
SYNAPSE,3000,4,task_001::perturbed_1,perturbed_1,1,990,1.0,1.0,1.0,3.871699998853728,0.007425
MCP,3000,4,task_001::perturbed_1,perturbed_1,1,210581,0.0,0.0,0.0,2.5637000071583316,1.5793575000000002
SYNAPSE,3000,4,task_002::clean,clean,1,977,1.0,1.0,1.0,5.076800007373095,0.007327500000000001
MCP,3000,4,task_002::clean,clean,1,210581,0.0,0.0,0.0,2.8390000079525635,1.5793575000000002
SYNAPSE,3000,4,task_002::perturbed_0,perturbed_0,0,979,1.0,1.0,1.0,1.9659999961731955,0.007342500000000001
MCP,3000,4,task_002::perturbed_0,perturbed_0,0,210581,0.0,0.0,0.0,2.520800000638701,1.5793575000000002
SYNAPSE,3000,4,task_002::perturbed_1,perturbed_1,0,980,1.0,1.0,1.0,1.8132999975932762,0.007350000000000001
MCP,3000,4,task_002::perturbed_1,perturbed_1,0,210581,0.0,0.0,0.0,2.7039999986300245,1.5793575000000002
SYNAPSE,3000,4,task_003::clean,clean,1,979,1.0,1.0,1.0,4.357900004833937,0.007342500000000001
MCP,3000,4,task_003::clean,clean,1,210581,1.0,1.0,1.0,4.709100001491606,1.5793575000000002
SYNAPSE,3000,4,task_003::perturbed_0,perturbed_0,1,973,1.0,1.0,1.0,5.074600005173124,0.0072975
MCP,3000,4,task_003::perturbed_0,perturbed_0,1,210581,1.0,1.0,1.0,2.7989999944111332,1.5793575000000002
SYNAPSE,3000,4,task_003::perturbed_1,perturbed_1,1,979,1.0,1.0,1.0,4.875500002526678,0.007342500000000001
MCP,3000,4,task_003::perturbed_1,perturbed_1,1,210581,1.0,1.0,1.0,2.6107000012416393,1.5793575000000002
SYNAPSE,3000,4,task_004::clean,clean,1,972,1.0,1.0,1.0,4.610300005879253,0.0072900000000000005
MCP,3000,4,task_004::clean,clean,1,210581,0.0,0.0,0.0,2.919200007454492,1.5793575000000002
SYNAPSE,3000,4,task_004::perturbed_0,perturbed_0,0,968,1.0,1.0,1.0,2.045200002612546,0.007260000000000001
MCP,3000,4,task_004::perturbed_0,perturbed_0,0,210581,0.0,0.0,0.0,3.775000004679896,1.5793575000000002
SYNAPSE,3000,4,task_004::perturbed_1,perturbed_1,1,975,1.0,1.0,1.0,5.587899999227375,0.0073125
MCP,3000,4,task_004::perturbed_1,perturbed_1,1,210581,0.0,0.0,0.0,2.651899994816631,1.5793575000000002
SYNAPSE,3000,4,task_005::clean,clean,1,991,1.0,1.0,1.0,3.4422999888192862,0.007432500000000001
MCP,3000,4,task_005::clean,clean,1,210581,0.0,0.0,0.0,2.558099993620999,1.5793575000000002
SYNAPSE,3000,4,task_005::perturbed_0,perturbed_0,0,982,1.0,0.0,0.25,3.4607999987201765,0.007365000000000001
MCP,3000,4,task_005::perturbed_0,perturbed_0,0,210581,0.0,0.0,0.0,4.873500001849607,1.5793575000000002
SYNAPSE,3000,4,task_005::perturbed_1,perturbed_1,0,991,1.0,1.0,1.0,4.629200004274026,0.007432500000000001
MCP,3000,4,task_005::perturbed_1,perturbed_1,0,210581,0.0,0.0,0.0,2.689700006158091,1.5793575000000002
SYNAPSE,3000,4,task_006::clean,clean,1,987,1.0,1.0,1.0,4.299199994420633,0.0074025
MCP,3000,4,task_006::clean,clean,1,210581,0.0,0.0,0.0,2.9341000044951215,1.5793575000000002
SYNAPSE,3000,4,task_006::perturbed_0,perturbed_0,1,990,1.0,1.0,1.0,8.08889999461826,0.007425
MCP,3000,4,task_006::perturbed_0,perturbed_0,1,210581,0.0,0.0,0.0,3.1780000135768205,1.5793575000000002
SYNAPSE,3000,4,task_006::perturbed_1,perturbed_1,1,992,1.0,0.0,0.5,4.5160000008763745,0.00744
MCP,3000,4,task_006::perturbed_1,perturbed_1,1,210581,0.0,0.0,0.0,2.8258999955141917,1.5793575000000002
SYNAPSE,3000,4,task_007::clean,clean,1,957,1.0,1.0,1.0,4.317500002798624,0.007177500000000001
MCP,3000,4,task_007::clean,clean,1,210581,1.0,0.0,0.5,2.595900004962459,1.5793575000000002
SYNAPSE,3000,4,task_007::perturbed_0,perturbed_0,0,951,0.0,0.0,0.0,2.2056000016164035,0.007132500000000001
MCP,3000,4,task_007::perturbed_0,perturbed_0,0,210581,1.0,0.0,0.2,2.5129999994533136,1.5793575000000002
SYNAPSE,3000,4,task_007::perturbed_1,perturbed_1,1,957,1.0,1.0,1.0,5.033699999330565,0.007177500000000001
MCP,3000,4,task_007::perturbed_1,perturbed_1,1,210581,1.0,1.0,1.0,4.303299996536225,1.5793575000000002
SYNAPSE,3000,4,task_008::clean,clean,1,977,1.0,1.0,1.0,4.811999999219552,0.007327500000000001
MCP,3000,4,task_008::clean,clean,1,210581,0.0,0.0,0.0,2.595600002678111,1.5793575000000002
SYNAPSE,3000,4,task_008::perturbed_0,perturbed_0,0,976,0.0,0.0,0.0,2.4209000112023205,0.007320000000000001
MCP,3000,4,task_008::perturbed_0,perturbed_0,0,210581,0.0,0.0,0.0,2.581099994131364,1.5793575000000002
SYNAPSE,3000,4,task_008::perturbed_1,perturbed_1,1,981,1.0,1.0,1.0,4.8383999965153635,0.0073575
MCP,3000,4,task_008::perturbed_1,perturbed_1,1,210581,0.0,0.0,0.0,2.774299995508045,1.5793575000000002
SYNAPSE,3000,4,task_009::clean,clean,1,985,1.0,1.0,1.0,4.951800001435913,0.007387500000000001
MCP,3000,4,task_009::clean,clean,1,210581,1.0,0.0,0.5,2.6594000082695857,1.5793575000000002
SYNAPSE,3000,4,task_009::perturbed_0,perturbed_0,0,986,0.0,0.0,0.0,2.092200011247769,0.0073950000000000005
MCP,3000,4,task_009::perturbed_0,perturbed_0,0,210581,1.0,0.0,0.25,2.7674000011757016,1.5793575000000002
SYNAPSE,3000,4,task_009::perturbed_1,perturbed_1,1,679,0.0,0.0,0.0,6.500000003143214,0.005092500000000001
MCP,3000,4,task_009::perturbed_1,perturbed_1,1,210581,1.0,0.0,0.5,2.8086999955121428,1.5793575000000002
SYNAPSE,3000,4,task_010::clean,clean,1,993,1.0,1.0,1.0,2.7928000054089352,0.007447500000000001
MCP,3000,4,task_010::clean,clean,1,210581,0.0,0.0,0.0,3.1306000018958002,1.5793575000000002
SYNAPSE,3000,4,task_010::perturbed_0,perturbed_0,0,679,0.0,0.0,0.0,2.8771000070264563,0.005092500000000001
MCP,3000,4,task_010::perturbed_0,perturbed_0,0,210581,0.0,0.0,0.0,2.859899992472492,1.5793575000000002
SYNAPSE,3000,4,task_010::perturbed_1,perturbed_1,1,990,1.0,1.0,1.0,2.580400003353134,0.007425
MCP,3000,4,task_010::perturbed_1,perturbed_1,1,210581,0.0,0.0,0.0,2.861699991626665,1.5793575000000002
SYNAPSE,3000,4,task_011::clean,clean,1,989,1.0,1.0,1.0,4.529900004854426,0.0074175000000000005
MCP,3000,4,task_011::clean,clean,1,210581,1.0,1.0,1.0,2.7153999981237575,1.5793575000000002
SYNAPSE,3000,4,task_011::perturbed_0,perturbed_0,0,982,1.0,1.0,1.0,1.9887999951606616,0.007365000000000001
MCP,3000,4,task_011::perturbed_0,perturbed_0,0,210581,1.0,0.0,0.3333333333333333,7.973500003572553,1.5793575000000002
SYNAPSE,3000,4,task_011::perturbed_1,perturbed_1,1,989,1.0,0.0,0.5,7.0540000015171245,0.0074175000000000005
MCP,3000,4,task_011::perturbed_1,perturbed_1,1,210581,1.0,0.0,0.5,4.699199998867698,1.5793575000000002
SYNAPSE,3000,4,task_012::clean,clean,1,981,1.0,1.0,1.0,5.005500002880581,0.0073575
MCP,3000,4,task_012::clean,clean,1,210581,0.0,0.0,0.0,3.3536999981151894,1.5793575000000002
SYNAPSE,3000,4,task_012::perturbed_0,perturbed_0,0,987,0.0,0.0,0.0,2.444899990223348,0.0074025
MCP,3000,4,task_012::perturbed_0,perturbed_0,0,210581,0.0,0.0,0.0,3.0260000057751313,1.5793575000000002
SYNAPSE,3000,4,task_012::perturbed_1,perturbed_1,1,981,1.0,1.0,1.0,5.059799994342029,0.0073575
MCP,3000,4,task_012::perturbed_1,perturbed_1,1,210581,0.0,0.0,0.0,2.935800002887845,1.5793575000000002
SYNAPSE,3000,4,task_013::clean,clean,1,997,1.0,1.0,1.0,5.43669999751728,0.007477500000000001
MCP,3000,4,task_013::clean,clean,1,210581,0.0,0.0,0.0,2.8479000029619783,1.5793575000000002
SYNAPSE,3000,4,task_013::perturbed_0,perturbed_0,0,979,1.0,0.0,0.2,2.161500000511296,0.007342500000000001
MCP,3000,4,task_013::perturbed_0,perturbed_0,0,210581,0.0,0.0,0.0,2.6790999982040375,1.5793575000000002
SYNAPSE,3000,4,task_013::perturbed_1,perturbed_1,1,984,1.0,1.0,1.0,4.441999990376644,0.00738
MCP,3000,4,task_013::perturbed_1,perturbed_1,1,210581,0.0,0.0,0.0,2.9135000077076256,1.5793575000000002
SYNAPSE,3000,4,task_014::clean,clean,1,1007,1.0,1.0,1.0,5.423399998107925,0.0075525
MCP,3000,4,task_014::clean,clean,1,210581,0.0,0.0,0.0,2.784199998131953,1.5793575000000002
SYNAPSE,3000,4,task_014::perturbed_0,perturbed_0,1,1007,1.0,1.0,1.0,4.975400006514974,0.0075525
MCP,3000,4,task_014::perturbed_0,perturbed_0,1,210581,0.0,0.0,0.0,2.5686000008136034,1.5793575000000002
SYNAPSE,3000,4,task_014::perturbed_1,perturbed_1,1,998,1.0,0.0,0.25,4.662799998186529,0.007485
MCP,3000,4,task_014::perturbed_1,perturbed_1,1,210581,0.0,0.0,0.0,3.2020000071497634,1.5793575000000002
SYNAPSE,3000,4,task_015::clean,clean,1,1002,1.0,1.0,1.0,3.381200003786944,0.007515000000000001
MCP,3000,4,task_015::clean,clean,1,210581,0.0,0.0,0.0,2.546999996411614,1.5793575000000002
SYNAPSE,3000,4,task_015::perturbed_0,perturbed_0,1,1002,1.0,1.0,1.0,2.9135999939171597,0.007515000000000001
MCP,3000,4,task_015::perturbed_0,perturbed_0,1,210581,0.0,0.0,0.0,2.5031999975908548,1.5793575000000002
SYNAPSE,3000,4,task_015::perturbed_1,perturbed_1,1,1002,1.0,1.0,1.0,3.072699997574091,0.007515000000000001
MCP,3000,4,task_015::perturbed_1,perturbed_1,1,210581,0.0,0.0,0.0,2.692699999897741,1.5793575000000002
SYNAPSE,3000,4,task_016::clean,clean,1,986,1.0,1.0,1.0,3.5053999890806153,0.0073950000000000005
MCP,3000,4,task_016::clean,clean,1,210581,0.0,0.0,0.0,2.7036999963456765,1.5793575000000002
SYNAPSE,3000,4,task_016::perturbed_0,perturbed_0,0,987,1.0,1.0,1.0,2.73429999651853,0.0074025
MCP,3000,4,task_016::perturbed_0,perturbed_0,0,210581,0.0,0.0,0.0,3.024399993591942,1.5793575000000002
SYNAPSE,3000,4,task_016::perturbed_1,perturbed_1,1,986,1.0,1.0,1.0,5.636000001686625,0.0073950000000000005
MCP,3000,4,task_016::perturbed_1,perturbed_1,1,210581,0.0,0.0,0.0,2.670000001671724,1.5793575000000002
SYNAPSE,3000,4,task_017::clean,clean,1,992,1.0,1.0,1.0,4.709899993031286,0.00744
MCP,3000,4,task_017::clean,clean,1,210581,0.0,0.0,0.0,2.7311000012559816,1.5793575000000002
SYNAPSE,3000,4,task_017::perturbed_0,perturbed_0,0,992,1.0,1.0,1.0,2.216799999587238,0.00744
MCP,3000,4,task_017::perturbed_0,perturbed_0,0,210581,0.0,0.0,0.0,2.7498999988893047,1.5793575000000002
SYNAPSE,3000,4,task_017::perturbed_1,perturbed_1,1,995,1.0,1.0,1.0,5.798400001367554,0.0074625
MCP,3000,4,task_017::perturbed_1,perturbed_1,1,210581,0.0,0.0,0.0,2.8989999991608784,1.5793575000000002
SYNAPSE,3000,4,task_018::clean,clean,1,955,1.0,1.0,1.0,7.298199998331256,0.0071625000000000005
MCP,3000,4,task_018::clean,clean,1,210581,0.0,0.0,0.0,3.070799997658469,1.5793575000000002
SYNAPSE,3000,4,task_018::perturbed_0,perturbed_0,1,960,1.0,1.0,1.0,5.208800008404069,0.007200000000000001
MCP,3000,4,task_018::perturbed_0,perturbed_0,1,210581,0.0,0.0,0.0,3.3146000059787184,1.5793575000000002
SYNAPSE,3000,4,task_018::perturbed_1,perturbed_1,1,955,1.0,1.0,1.0,5.362500000046566,0.0071625000000000005
MCP,3000,4,task_018::perturbed_1,perturbed_1,1,210581,0.0,0.0,0.0,2.9580000118585303,1.5793575000000002
SYNAPSE,3000,4,task_019::clean,clean,1,965,1.0,1.0,1.0,6.81389999226667,0.007237500000000001
MCP,3000,4,task_019::clean,clean,1,210581,0.0,0.0,0.0,3.160399995977059,1.5793575000000002
SYNAPSE,3000,4,task_019::perturbed_0,perturbed_0,1,965,1.0,1.0,1.0,4.803700008778833,0.007237500000000001
MCP,3000,4,task_019::perturbed_0,perturbed_0,1,210581,0.0,0.0,0.0,2.994499998749234,1.5793575000000002
SYNAPSE,3000,4,task_019::perturbed_1,perturbed_1,1,972,1.0,1.0,1.0,4.656800010707229,0.0072900000000000005
MCP,3000,4,task_019::perturbed_1,perturbed_1,1,210581,0.0,0.0,0.0,2.883199995267205,1.5793575000000002
SYNAPSE,3000,4,task_020::clean,clean,1,994,1.0,1.0,1.0,2.465100013068877,0.007455000000000001
MCP,3000,4,task_020::clean,clean,1,210581,0.0,0.0,0.0,2.486700002918951,1.5793575000000002
SYNAPSE,3000,4,task_020::perturbed_0,perturbed_0,0,992,1.0,1.0,1.0,1.811399997677654,0.00744
MCP,3000,4,task_020::perturbed_0,perturbed_0,0,210581,0.0,0.0,0.0,2.670900008524768,1.5793575000000002
SYNAPSE,3000,4,task_020::perturbed_1,perturbed_1,0,994,1.0,1.0,1.0,2.2343000018736348,0.007455000000000001
MCP,3000,4,task_020::perturbed_1,perturbed_1,0,210581,0.0,0.0,0.0,2.6861999940592796,1.5793575000000002
SYNAPSE,3000,4,task_021::clean,clean,1,989,1.0,1.0,1.0,3.934100008336827,0.0074175000000000005
MCP,3000,4,task_021::clean,clean,1,210581,0.0,0.0,0.0,2.8626999992411584,1.5793575000000002
SYNAPSE,3000,4,task_021::perturbed_0,perturbed_0,1,989,1.0,1.0,1.0,4.204500000923872,0.0074175000000000005
MCP,3000,4,task_021::perturbed_0,perturbed_0,1,210581,0.0,0.0,0.0,3.0587000073865056,1.5793575000000002
SYNAPSE,3000,4,task_021::perturbed_1,perturbed_1,1,989,1.0,1.0,1.0,3.8637000106973574,0.0074175000000000005
MCP,3000,4,task_021::perturbed_1,perturbed_1,1,210581,0.0,0.0,0.0,2.9184999875724316,1.5793575000000002
SYNAPSE,3000,4,task_022::clean,clean,1,972,1.0,1.0,1.0,4.036500002257526,0.0072900000000000005
MCP,3000,4,task_022::clean,clean,1,210581,0.0,0.0,0.0,2.6408000121591613,1.5793575000000002
SYNAPSE,3000,4,task_022::perturbed_0,perturbed_0,0,973,1.0,1.0,1.0,1.9494000007398427,0.0072975
MCP,3000,4,task_022::perturbed_0,perturbed_0,0,210581,0.0,0.0,0.0,2.442299999529496,1.5793575000000002
SYNAPSE,3000,4,task_022::perturbed_1,perturbed_1,1,969,1.0,1.0,1.0,3.771000003325753,0.0072675000000000005
MCP,3000,4,task_022::perturbed_1,perturbed_1,1,210581,0.0,0.0,0.0,2.9158999968785793,1.5793575000000002
SYNAPSE,3000,4,task_023::clean,clean,1,956,1.0,1.0,1.0,4.452399996807799,0.00717
MCP,3000,4,task_023::clean,clean,1,210581,0.0,0.0,0.0,2.6036000053863972,1.5793575000000002
SYNAPSE,3000,4,task_023::perturbed_0,perturbed_0,0,955,0.0,0.0,0.0,2.1964000043226406,0.0071625000000000005
MCP,3000,4,task_023::perturbed_0,perturbed_0,0,210581,0.0,0.0,0.0,2.568500000052154,1.5793575000000002
SYNAPSE,3000,4,task_023::perturbed_1,perturbed_1,1,955,1.0,0.0,0.14285714285714285,4.237100001773797,0.0071625000000000005
MCP,3000,4,task_023::perturbed_1,perturbed_1,1,210581,0.0,0.0,0.0,2.5428000080864877,1.5793575000000002
SYNAPSE,3000,4,task_024::clean,clean,1,960,1.0,1.0,1.0,4.062699998030439,0.007200000000000001
MCP,3000,4,task_024::clean,clean,1,210581,1.0,1.0,1.0,2.884700006688945,1.5793575000000002
SYNAPSE,3000,4,task_024::perturbed_0,perturbed_0,0,954,0.0,0.0,0.0,2.267300005769357,0.007155000000000001
MCP,3000,4,task_024::perturbed_0,perturbed_0,0,210581,1.0,0.0,0.25,3.05060000391677,1.5793575000000002
SYNAPSE,3000,4,task_024::perturbed_1,perturbed_1,1,967,1.0,1.0,1.0,4.442699995706789,0.0072525
MCP,3000,4,task_024::perturbed_1,perturbed_1,1,210581,1.0,1.0,1.0,2.803499999572523,1.5793575000000002
SYNAPSE,3000,4,task_025::clean,clean,1,994,1.0,1.0,1.0,4.0855999977793545,0.007455000000000001
MCP,3000,4,task_025::clean,clean,1,210581,0.0,0.0,0.0,2.940100006526336,1.5793575000000002
SYNAPSE,3000,4,task_025::perturbed_0,perturbed_0,0,985,1.0,0.0,0.2,2.2950999991735443,0.007387500000000001
MCP,3000,4,task_025::perturbed_0,perturbed_0,0,210581,0.0,0.0,0.0,2.5068999966606498,1.5793575000000002
SYNAPSE,3000,4,task_025::perturbed_1,perturbed_1,1,987,1.0,1.0,1.0,4.470699990633875,0.0074025
MCP,3000,4,task_025::perturbed_1,perturbed_1,1,210581,0.0,0.0,0.0,3.079400004935451,1.5793575000000002
SYNAPSE,3000,4,task_026::clean,clean,1,1007,1.0,1.0,1.0,4.140499993809499,0.0075525
MCP,3000,4,task_026::clean,clean,1,210581,0.0,0.0,0.0,2.652499999385327,1.5793575000000002
SYNAPSE,3000,4,task_026::perturbed_0,perturbed_0,1,1007,1.0,1.0,1.0,3.97289999818895,0.0075525
MCP,3000,4,task_026::perturbed_0,perturbed_0,1,210581,0.0,0.0,0.0,2.9140999977244064,1.5793575000000002
SYNAPSE,3000,4,task_026::perturbed_1,perturbed_1,1,1005,1.0,1.0,1.0,3.9677000022493303,0.007537500000000001
MCP,3000,4,task_026::perturbed_1,perturbed_1,1,210581,0.0,0.0,0.0,2.9233999957796186,1.5793575000000002
SYNAPSE,3000,4,task_027::clean,clean,1,964,1.0,1.0,1.0,7.117599991033785,0.00723
MCP,3000,4,task_027::clean,clean,1,210581,0.0,0.0,0.0,2.609700008179061,1.5793575000000002
SYNAPSE,3000,4,task_027::perturbed_0,perturbed_0,0,679,0.0,0.0,0.0,2.5350999931106344,0.005092500000000001
MCP,3000,4,task_027::perturbed_0,perturbed_0,0,210581,0.0,0.0,0.0,2.53280000470113,1.5793575000000002
SYNAPSE,3000,4,task_027::perturbed_1,perturbed_1,1,679,0.0,0.0,0.0,5.189699993934482,0.005092500000000001
MCP,3000,4,task_027::perturbed_1,perturbed_1,1,210581,0.0,0.0,0.0,2.550000004703179,1.5793575000000002
SYNAPSE,3000,4,task_028::clean,clean,1,963,1.0,1.0,1.0,5.4502999992109835,0.007222500000000001
MCP,3000,4,task_028::clean,clean,1,210581,0.0,0.0,0.0,2.5925999943865463,1.5793575000000002
SYNAPSE,3000,4,task_028::perturbed_0,perturbed_0,1,961,1.0,0.0,0.5,4.945799999404699,0.0072075
MCP,3000,4,task_028::perturbed_0,perturbed_0,1,210581,0.0,0.0,0.0,3.2884000102058053,1.5793575000000002
SYNAPSE,3000,4,task_028::perturbed_1,perturbed_1,0,679,0.0,0.0,0.0,3.47660000261385,0.005092500000000001
MCP,3000,4,task_028::perturbed_1,perturbed_1,0,210581,0.0,0.0,0.0,3.813200004515238,1.5793575000000002
SYNAPSE,3000,4,task_029::clean,clean,1,962,1.0,1.0,1.0,5.5238000059034675,0.007215000000000001
MCP,3000,4,task_029::clean,clean,1,210581,0.0,0.0,0.0,2.6396999892313033,1.5793575000000002
SYNAPSE,3000,4,task_029::perturbed_0,perturbed_0,1,962,1.0,1.0,1.0,4.5156999985920265,0.007215000000000001
MCP,3000,4,task_029::perturbed_0,perturbed_0,1,210581,0.0,0.0,0.0,2.733400004217401,1.5793575000000002
SYNAPSE,3000,4,task_029::perturbed_1,perturbed_1,1,966,1.0,1.0,1.0,5.50709999515675,0.007245000000000001
MCP,3000,4,task_029::perturbed_1,perturbed_1,1,210581,0.0,0.0,0.0,2.885599998990074,1.5793575000000002
SYNAPSE,3000,5,task_000::clean,clean,1,1007,1.0,1.0,1.0,3.785499997320585,0.0075525
MCP,3000,5,task_000::clean,clean,1,210792,0.0,0.0,0.0,4.467499995371327,1.5809400000000002
SYNAPSE,3000,5,task_000::perturbed_0,perturbed_0,1,1002,1.0,1.0,1.0,3.826799991657026,0.007515000000000001
MCP,3000,5,task_000::perturbed_0,perturbed_0,1,210792,0.0,0.0,0.0,3.632299994933419,1.5809400000000002
SYNAPSE,3000,5,task_000::perturbed_1,perturbed_1,1,992,1.0,0.0,0.5,3.5893000022042543,0.00744
MCP,3000,5,task_000::perturbed_1,perturbed_1,1,210792,0.0,0.0,0.0,3.975300001911819,1.5809400000000002
SYNAPSE,3000,5,task_001::clean,clean,1,985,1.0,1.0,1.0,4.9048000073526055,0.007387500000000001
MCP,3000,5,task_001::clean,clean,1,210792,0.0,0.0,0.0,3.089999998337589,1.5809400000000002
SYNAPSE,3000,5,task_001::perturbed_0,perturbed_0,1,990,1.0,0.0,0.5,4.553100006887689,0.007425
MCP,3000,5,task_001::perturbed_0,perturbed_0,1,210792,0.0,0.0,0.0,3.091700011282228,1.5809400000000002
SYNAPSE,3000,5,task_001::perturbed_1,perturbed_1,1,987,1.0,1.0,1.0,6.413099996279925,0.0074025
MCP,3000,5,task_001::perturbed_1,perturbed_1,1,210792,0.0,0.0,0.0,3.190199990058318,1.5809400000000002
SYNAPSE,3000,5,task_002::clean,clean,1,978,1.0,1.0,1.0,4.971699992893264,0.007335
MCP,3000,5,task_002::clean,clean,1,210792,0.0,0.0,0.0,4.596600003424101,1.5809400000000002
SYNAPSE,3000,5,task_002::perturbed_0,perturbed_0,0,966,0.0,0.0,0.0,3.080700000282377,0.007245000000000001
MCP,3000,5,task_002::perturbed_0,perturbed_0,0,210792,0.0,0.0,0.0,3.1078999891178682,1.5809400000000002
SYNAPSE,3000,5,task_002::perturbed_1,perturbed_1,0,975,0.0,0.0,0.0,2.5366000045323744,0.0073125
MCP,3000,5,task_002::perturbed_1,perturbed_1,0,210792,0.0,0.0,0.0,3.233200011891313,1.5809400000000002
SYNAPSE,3000,5,task_003::clean,clean,1,962,1.0,1.0,1.0,6.452200002968311,0.007215000000000001
MCP,3000,5,task_003::clean,clean,1,210792,1.0,1.0,1.0,4.532599996309727,1.5809400000000002
SYNAPSE,3000,5,task_003::perturbed_0,perturbed_0,1,962,1.0,1.0,1.0,6.0034999914933,0.007215000000000001
MCP,3000,5,task_003::perturbed_0,perturbed_0,1,210792,1.0,1.0,1.0,3.21359999361448,1.5809400000000002
SYNAPSE,3000,5,task_003::perturbed_1,perturbed_1,1,970,1.0,1.0,1.0,6.961699997191317,0.007275
MCP,3000,5,task_003::perturbed_1,perturbed_1,1,210792,1.0,1.0,1.0,3.311799999210052,1.5809400000000002
SYNAPSE,3000,5,task_004::clean,clean,1,988,1.0,1.0,1.0,5.5041000014171,0.007410000000000001
MCP,3000,5,task_004::clean,clean,1,210792,0.0,0.0,0.0,4.79599999380298,1.5809400000000002
SYNAPSE,3000,5,task_004::perturbed_0,perturbed_0,0,679,0.0,0.0,0.0,3.036099995370023,0.005092500000000001
MCP,3000,5,task_004::perturbed_0,perturbed_0,0,210792,0.0,0.0,0.0,3.601200005505234,1.5809400000000002
SYNAPSE,3000,5,task_004::perturbed_1,perturbed_1,1,988,1.0,1.0,1.0,8.265300013590604,0.007410000000000001
MCP,3000,5,task_004::perturbed_1,perturbed_1,1,210792,0.0,0.0,0.0,3.514500000164844,1.5809400000000002
SYNAPSE,3000,5,task_005::clean,clean,1,995,1.0,1.0,1.0,3.8927999994484708,0.0074625
MCP,3000,5,task_005::clean,clean,1,210792,0.0,0.0,0.0,5.3189000027487054,1.5809400000000002
SYNAPSE,3000,5,task_005::perturbed_0,perturbed_0,1,993,1.0,1.0,1.0,3.766399997402914,0.007447500000000001
MCP,3000,5,task_005::perturbed_0,perturbed_0,1,210792,0.0,0.0,0.0,2.984999999171123,1.5809400000000002
SYNAPSE,3000,5,task_005::perturbed_1,perturbed_1,1,987,1.0,1.0,1.0,2.9884999967180192,0.0074025
MCP,3000,5,task_005::perturbed_1,perturbed_1,1,210792,0.0,0.0,0.0,3.883600002154708,1.5809400000000002
SYNAPSE,3000,5,task_006::clean,clean,1,982,1.0,1.0,1.0,4.258700006175786,0.007365000000000001
MCP,3000,5,task_006::clean,clean,1,210792,0.0,0.0,0.0,2.876400001696311,1.5809400000000002
SYNAPSE,3000,5,task_006::perturbed_0,perturbed_0,1,989,1.0,0.0,0.5,3.808900000876747,0.0074175000000000005
MCP,3000,5,task_006::perturbed_0,perturbed_0,1,210792,0.0,0.0,0.0,3.4119000047212467,1.5809400000000002
SYNAPSE,3000,5,task_006::perturbed_1,perturbed_1,1,992,1.0,0.0,0.2,4.22180000168737,0.00744
MCP,3000,5,task_006::perturbed_1,perturbed_1,1,210792,0.0,0.0,0.0,3.553599992301315,1.5809400000000002
SYNAPSE,3000,5,task_007::clean,clean,1,960,1.0,1.0,1.0,5.4681000037817284,0.007200000000000001
MCP,3000,5,task_007::clean,clean,1,210792,1.0,1.0,1.0,7.8622000000905246,1.5809400000000002
SYNAPSE,3000,5,task_007::perturbed_0,perturbed_0,0,959,1.0,1.0,1.0,2.7698000048985705,0.007192500000000001
MCP,3000,5,task_007::perturbed_0,perturbed_0,0,210792,1.0,1.0,1.0,3.650799990282394,1.5809400000000002
SYNAPSE,3000,5,task_007::perturbed_1,perturbed_1,1,679,0.0,0.0,0.0,7.2946000000229105,0.005092500000000001
MCP,3000,5,task_007::perturbed_1,perturbed_1,1,210792,1.0,0.0,0.25,4.302500004996546,1.5809400000000002
SYNAPSE,3000,5,task_008::clean,clean,1,975,1.0,1.0,1.0,5.831100002978928,0.0073125
MCP,3000,5,task_008::clean,clean,1,210792,0.0,0.0,0.0,3.9927999896463007,1.5809400000000002
SYNAPSE,3000,5,task_008::perturbed_0,perturbed_0,0,982,0.0,0.0,0.0,2.841799985617399,0.007365000000000001
MCP,3000,5,task_008::perturbed_0,perturbed_0,0,210792,0.0,0.0,0.0,5.709899996872991,1.5809400000000002
SYNAPSE,3000,5,task_008::perturbed_1,perturbed_1,1,979,1.0,1.0,1.0,5.382199989981018,0.007342500000000001
MCP,3000,5,task_008::perturbed_1,perturbed_1,1,210792,0.0,0.0,0.0,3.354899992700666,1.5809400000000002
SYNAPSE,3000,5,task_009::clean,clean,1,980,1.0,1.0,1.0,5.994300008751452,0.007350000000000001
MCP,3000,5,task_009::clean,clean,1,210792,1.0,1.0,1.0,2.9928000003565103,1.5809400000000002
SYNAPSE,3000,5,task_009::perturbed_0,perturbed_0,1,980,1.0,1.0,1.0,5.4502999992109835,0.007350000000000001
MCP,3000,5,task_009::perturbed_0,perturbed_0,1,210792,1.0,1.0,1.0,3.360900009283796,1.5809400000000002
SYNAPSE,3000,5,task_009::perturbed_1,perturbed_1,0,979,0.0,0.0,0.0,2.5516999885439873,0.007342500000000001
MCP,3000,5,task_009::perturbed_1,perturbed_1,0,210792,1.0,0.0,0.25,3.507399989757687,1.5809400000000002
SYNAPSE,3000,5,task_010::clean,clean,1,985,1.0,1.0,1.0,3.9597999857505783,0.007387500000000001
MCP,3000,5,task_010::clean,clean,1,210792,0.0,0.0,0.0,3.272400004789233,1.5809400000000002
SYNAPSE,3000,5,task_010::perturbed_0,perturbed_0,1,985,1.0,1.0,1.0,4.058599995914847,0.007387500000000001
MCP,3000,5,task_010::perturbed_0,perturbed_0,1,210792,0.0,0.0,0.0,3.547499989508651,1.5809400000000002
SYNAPSE,3000,5,task_010::perturbed_1,perturbed_1,1,985,1.0,1.0,1.0,4.110499998205341,0.007387500000000001
MCP,3000,5,task_010::perturbed_1,perturbed_1,1,210792,0.0,0.0,0.0,3.538100005243905,1.5809400000000002
SYNAPSE,3000,5,task_011::clean,clean,1,989,1.0,1.0,1.0,4.939500009641051,0.0074175000000000005
MCP,3000,5,task_011::clean,clean,1,210792,1.0,1.0,1.0,3.516299999319017,1.5809400000000002
SYNAPSE,3000,5,task_011::perturbed_0,perturbed_0,0,982,1.0,0.0,0.16666666666666666,2.1566000068560243,0.007365000000000001
MCP,3000,5,task_011::perturbed_0,perturbed_0,0,210792,1.0,0.0,0.14285714285714285,3.839099998003803,1.5809400000000002
SYNAPSE,3000,5,task_011::perturbed_1,perturbed_1,0,985,1.0,0.0,0.5,2.4964000040199608,0.007387500000000001
MCP,3000,5,task_011::perturbed_1,perturbed_1,0,210792,1.0,1.0,1.0,4.0166999970097095,1.5809400000000002
SYNAPSE,3000,5,task_012::clean,clean,1,983,1.0,1.0,1.0,5.586300001596101,0.007372500000000001
MCP,3000,5,task_012::clean,clean,1,210792,0.0,0.0,0.0,3.969800003687851,1.5809400000000002
SYNAPSE,3000,5,task_012::perturbed_0,perturbed_0,1,983,1.0,1.0,1.0,5.751300006522797,0.007372500000000001
MCP,3000,5,task_012::perturbed_0,perturbed_0,1,210792,0.0,0.0,0.0,3.212700001313351,1.5809400000000002
SYNAPSE,3000,5,task_012::perturbed_1,perturbed_1,0,679,0.0,0.0,0.0,3.3054999948944896,0.005092500000000001
MCP,3000,5,task_012::perturbed_1,perturbed_1,0,210792,0.0,0.0,0.0,3.412599995499477,1.5809400000000002
SYNAPSE,3000,5,task_013::clean,clean,1,989,1.0,1.0,1.0,5.334400004358031,0.0074175000000000005
MCP,3000,5,task_013::clean,clean,1,210792,0.0,0.0,0.0,3.454500008956529,1.5809400000000002
SYNAPSE,3000,5,task_013::perturbed_0,perturbed_0,1,989,1.0,1.0,1.0,5.0709999923128635,0.0074175000000000005
MCP,3000,5,task_013::perturbed_0,perturbed_0,1,210792,0.0,0.0,0.0,3.26689999201335,1.5809400000000002
SYNAPSE,3000,5,task_013::perturbed_1,perturbed_1,1,981,1.0,1.0,1.0,5.653500003973022,0.0073575
MCP,3000,5,task_013::perturbed_1,perturbed_1,1,210792,0.0,0.0,0.0,3.336999987368472,1.5809400000000002
SYNAPSE,3000,5,task_014::clean,clean,1,997,1.0,1.0,1.0,5.411799997091293,0.007477500000000001
MCP,3000,5,task_014::clean,clean,1,210792,0.0,0.0,0.0,3.2519000087631866,1.5809400000000002
SYNAPSE,3000,5,task_014::perturbed_0,perturbed_0,0,998,1.0,1.0,1.0,2.6575000083539635,0.007485
MCP,3000,5,task_014::perturbed_0,perturbed_0,0,210792,0.0,0.0,0.0,3.3745999971870333,1.5809400000000002
SYNAPSE,3000,5,task_014::perturbed_1,perturbed_1,1,997,1.0,1.0,1.0,5.976899992674589,0.007477500000000001
MCP,3000,5,task_014::perturbed_1,perturbed_1,1,210792,0.0,0.0,0.0,3.7628999998560175,1.5809400000000002
SYNAPSE,3000,5,task_015::clean,clean,1,983,1.0,1.0,1.0,3.6968000058550388,0.007372500000000001
MCP,3000,5,task_015::clean,clean,1,210792,0.0,0.0,0.0,2.909600007114932,1.5809400000000002
SYNAPSE,3000,5,task_015::perturbed_0,perturbed_0,0,992,1.0,1.0,1.0,2.7746999985538423,0.00744
MCP,3000,5,task_015::perturbed_0,perturbed_0,0,210792,0.0,0.0,0.0,2.860700013116002,1.5809400000000002
SYNAPSE,3000,5,task_015::perturbed_1,perturbed_1,1,992,1.0,1.0,1.0,3.8804999931016937,0.00744
MCP,3000,5,task_015::perturbed_1,perturbed_1,1,210792,0.0,0.0,0.0,4.160700002103113,1.5809400000000002
SYNAPSE,3000,5,task_016::clean,clean,1,987,1.0,1.0,1.0,4.999499986297451,0.0074025
MCP,3000,5,task_016::clean,clean,1,210792,0.0,0.0,0.0,3.878400006215088,1.5809400000000002
SYNAPSE,3000,5,task_016::perturbed_0,perturbed_0,1,1002,1.0,0.0,0.5,4.661400002078153,0.007515000000000001
MCP,3000,5,task_016::perturbed_0,perturbed_0,1,210792,0.0,0.0,0.0,3.2362000056309626,1.5809400000000002
SYNAPSE,3000,5,task_016::perturbed_1,perturbed_1,0,987,1.0,1.0,1.0,2.8707000019494444,0.0074025
MCP,3000,5,task_016::perturbed_1,perturbed_1,0,210792,0.0,0.0,0.0,3.532299990183674,1.5809400000000002
SYNAPSE,3000,5,task_017::clean,clean,1,997,1.0,1.0,1.0,5.190399999264628,0.007477500000000001
MCP,3000,5,task_017::clean,clean,1,210792,0.0,0.0,0.0,3.4788999910233542,1.5809400000000002
SYNAPSE,3000,5,task_017::perturbed_0,perturbed_0,1,997,1.0,1.0,1.0,6.7629999975906685,0.007477500000000001
MCP,3000,5,task_017::perturbed_0,perturbed_0,1,210792,0.0,0.0,0.0,3.6266999959480017,1.5809400000000002
SYNAPSE,3000,5,task_017::perturbed_1,perturbed_1,0,1001,1.0,1.0,1.0,2.704799990169704,0.0075075
MCP,3000,5,task_017::perturbed_1,perturbed_1,0,210792,0.0,0.0,0.0,3.6928000045008957,1.5809400000000002
SYNAPSE,3000,5,task_018::clean,clean,1,957,1.0,1.0,1.0,5.343500000890344,0.007177500000000001
MCP,3000,5,task_018::clean,clean,1,210792,0.0,0.0,0.0,3.881800003000535,1.5809400000000002
SYNAPSE,3000,5,task_018::perturbed_0,perturbed_0,0,959,1.0,1.0,1.0,2.883799999835901,0.007192500000000001
MCP,3000,5,task_018::perturbed_0,perturbed_0,0,210792,0.0,0.0,0.0,3.056799992918968,1.5809400000000002
SYNAPSE,3000,5,task_018::perturbed_1,perturbed_1,0,679,0.0,0.0,0.0,3.188399990904145,0.005092500000000001
MCP,3000,5,task_018::perturbed_1,perturbed_1,0,210792,0.0,0.0,0.0,3.537199998390861,1.5809400000000002
SYNAPSE,3000,5,task_019::clean,clean,1,955,1.0,1.0,1.0,7.375200002570637,0.0071625000000000005
MCP,3000,5,task_019::clean,clean,1,210792,0.0,0.0,0.0,3.2102999975904822,1.5809400000000002
SYNAPSE,3000,5,task_019::perturbed_0,perturbed_0,1,955,1.0,1.0,1.0,7.427199991070665,0.0071625000000000005
MCP,3000,5,task_019::perturbed_0,perturbed_0,1,210792,0.0,0.0,0.0,2.9497999930754304,1.5809400000000002
SYNAPSE,3000,5,task_019::perturbed_1,perturbed_1,0,951,1.0,0.0,0.14285714285714285,2.4870999914128333,0.007132500000000001
MCP,3000,5,task_019::perturbed_1,perturbed_1,0,210792,0.0,0.0,0.0,2.816100008203648,1.5809400000000002
SYNAPSE,3000,5,task_020::clean,clean,1,986,1.0,1.0,1.0,3.9600999880349264,0.0073950000000000005
MCP,3000,5,task_020::clean,clean,1,210792,0.0,0.0,0.0,3.048099999432452,1.5809400000000002
SYNAPSE,3000,5,task_020::perturbed_0,perturbed_0,1,986,1.0,1.0,1.0,3.262800004449673,0.0073950000000000005
MCP,3000,5,task_020::perturbed_0,perturbed_0,1,210792,0.0,0.0,0.0,3.2432000007247552,1.5809400000000002
SYNAPSE,3000,5,task_020::perturbed_1,perturbed_1,0,679,0.0,0.0,0.0,2.8713999927276745,0.005092500000000001
MCP,3000,5,task_020::perturbed_1,perturbed_1,0,210792,0.0,0.0,0.0,2.9839999915566295,1.5809400000000002
SYNAPSE,3000,5,task_021::clean,clean,1,1008,1.0,1.0,1.0,4.680199999711476,0.007560000000000001
MCP,3000,5,task_021::clean,clean,1,210792,0.0,0.0,0.0,3.2559999963268638,1.5809400000000002
SYNAPSE,3000,5,task_021::perturbed_0,perturbed_0,1,1008,1.0,1.0,1.0,4.13220000336878,0.007560000000000001
MCP,3000,5,task_021::perturbed_0,perturbed_0,1,210792,0.0,0.0,0.0,2.8517000027932227,1.5809400000000002
SYNAPSE,3000,5,task_021::perturbed_1,perturbed_1,1,995,1.0,0.0,0.5,4.006899995147251,0.0074625
MCP,3000,5,task_021::perturbed_1,perturbed_1,1,210792,0.0,0.0,0.0,2.9605000017909333,1.5809400000000002
SYNAPSE,3000,5,task_022::clean,clean,1,971,1.0,1.0,1.0,5.865700004505925,0.007282500000000001
MCP,3000,5,task_022::clean,clean,1,210792,0.0,0.0,0.0,3.9237999881152064,1.5809400000000002
SYNAPSE,3000,5,task_022::perturbed_0,perturbed_0,1,968,1.0,1.0,1.0,5.680299989762716,0.007260000000000001
MCP,3000,5,task_022::perturbed_0,perturbed_0,1,210792,0.0,0.0,0.0,3.5869999992428347,1.5809400000000002
SYNAPSE,3000,5,task_022::perturbed_1,perturbed_1,1,963,1.0,0.0,0.5,6.067700000130571,0.007222500000000001
MCP,3000,5,task_022::perturbed_1,perturbed_1,1,210792,0.0,0.0,0.0,4.8648000083630905,1.5809400000000002
SYNAPSE,3000,5,task_023::clean,clean,1,959,1.0,1.0,1.0,8.895799997844733,0.007192500000000001
MCP,3000,5,task_023::clean,clean,1,210792,0.0,0.0,0.0,3.5343999916221946,1.5809400000000002
SYNAPSE,3000,5,task_023::perturbed_0,perturbed_0,0,679,0.0,0.0,0.0,3.978699998697266,0.005092500000000001
MCP,3000,5,task_023::perturbed_0,perturbed_0,0,210792,0.0,0.0,0.0,4.117499993299134,1.5809400000000002
SYNAPSE,3000,5,task_023::perturbed_1,perturbed_1,0,679,0.0,0.0,0.0,4.256600004737265,0.005092500000000001
MCP,3000,5,task_023::perturbed_1,perturbed_1,0,210792,0.0,0.0,0.0,3.443099994910881,1.5809400000000002
SYNAPSE,3000,5,task_024::clean,clean,1,973,1.0,1.0,1.0,6.136299998615868,0.0072975
MCP,3000,5,task_024::clean,clean,1,210792,1.0,1.0,1.0,7.300800003577024,1.5809400000000002
SYNAPSE,3000,5,task_024::perturbed_0,perturbed_0,1,973,1.0,1.0,1.0,5.755700010922737,0.0072975
MCP,3000,5,task_024::perturbed_0,perturbed_0,1,210792,1.0,1.0,1.0,4.411200003232807,1.5809400000000002
SYNAPSE,3000,5,task_024::perturbed_1,perturbed_1,0,679,0.0,0.0,0.0,4.447600003913976,0.005092500000000001
MCP,3000,5,task_024::perturbed_1,perturbed_1,0,210792,1.0,0.0,0.14285714285714285,5.2214000024832785,1.5809400000000002
SYNAPSE,3000,5,task_025::clean,clean,1,992,1.0,1.0,1.0,4.254700004821643,0.00744
MCP,3000,5,task_025::clean,clean,1,210792,0.0,0.0,0.0,2.914800003054552,1.5809400000000002
SYNAPSE,3000,5,task_025::perturbed_0,perturbed_0,1,990,1.0,1.0,1.0,3.227100009098649,0.007425
MCP,3000,5,task_025::perturbed_0,perturbed_0,1,210792,0.0,0.0,0.0,4.128700005821884,1.5809400000000002
SYNAPSE,3000,5,task_025::perturbed_1,perturbed_1,1,992,1.0,1.0,1.0,3.0341999954544008,0.00744
MCP,3000,5,task_025::perturbed_1,perturbed_1,1,210792,0.0,0.0,0.0,3.7176999903749675,1.5809400000000002
SYNAPSE,3000,5,task_026::clean,clean,1,1006,1.0,1.0,1.0,4.73519999650307,0.0075450000000000005
MCP,3000,5,task_026::clean,clean,1,210792,0.0,0.0,0.0,5.622299999231473,1.5809400000000002
SYNAPSE,3000,5,task_026::perturbed_0,perturbed_0,0,1007,1.0,1.0,1.0,2.400500001385808,0.0075525
MCP,3000,5,task_026::perturbed_0,perturbed_0,0,210792,0.0,0.0,0.0,3.0571000097552314,1.5809400000000002
SYNAPSE,3000,5,task_026::perturbed_1,perturbed_1,1,1005,1.0,1.0,1.0,5.35600000876002,0.007537500000000001
MCP,3000,5,task_026::perturbed_1,perturbed_1,1,210792,0.0,0.0,0.0,3.97740000335034,1.5809400000000002
SYNAPSE,3000,5,task_027::clean,clean,1,970,1.0,1.0,1.0,7.199300001957454,0.007275
MCP,3000,5,task_027::clean,clean,1,210792,0.0,0.0,0.0,3.0438999965554103,1.5809400000000002
SYNAPSE,3000,5,task_027::perturbed_0,perturbed_0,0,968,1.0,1.0,1.0,2.7113000105600804,0.007260000000000001
MCP,3000,5,task_027::perturbed_0,perturbed_0,0,210792,0.0,0.0,0.0,2.5957999896490946,1.5809400000000002
SYNAPSE,3000,5,task_027::perturbed_1,perturbed_1,1,958,1.0,0.0,0.3333333333333333,5.380599992349744,0.007185
MCP,3000,5,task_027::perturbed_1,perturbed_1,1,210792,0.0,0.0,0.0,3.364999996847473,1.5809400000000002
SYNAPSE,3000,5,task_028::clean,clean,1,969,1.0,1.0,1.0,4.776199988555163,0.0072675000000000005
MCP,3000,5,task_028::clean,clean,1,210792,0.0,0.0,0.0,2.8331999928923324,1.5809400000000002
SYNAPSE,3000,5,task_028::perturbed_0,perturbed_0,1,955,1.0,0.0,0.5,5.9523999952944,0.0071625000000000005
MCP,3000,5,task_028::perturbed_0,perturbed_0,1,210792,0.0,0.0,0.0,3.033999993931502,1.5809400000000002
SYNAPSE,3000,5,task_028::perturbed_1,perturbed_1,1,952,1.0,0.0,0.5,6.035699989297427,0.0071400000000000005
MCP,3000,5,task_028::perturbed_1,perturbed_1,1,210792,0.0,0.0,0.0,3.271499997936189,1.5809400000000002
SYNAPSE,3000,5,task_029::clean,clean,1,976,1.0,1.0,1.0,5.336999995051883,0.007320000000000001
MCP,3000,5,task_029::clean,clean,1,210792,0.0,0.0,0.0,4.163399993558414,1.5809400000000002
SYNAPSE,3000,5,task_029::perturbed_0,perturbed_0,1,975,1.0,1.0,1.0,5.096599998068996,0.0073125
MCP,3000,5,task_029::perturbed_0,perturbed_0,1,210792,0.0,0.0,0.0,3.2238999992841855,1.5809400000000002
SYNAPSE,3000,5,task_029::perturbed_1,perturbed_1,0,679,0.0,0.0,0.0,3.094299987424165,0.005092500000000001
MCP,3000,5,task_029::perturbed_1,perturbed_1,0,210792,0.0,0.0,0.0,2.945000000181608,1.5809400000000002
SYNAPSE,10000,1,task_000::clean,clean,1,1012,1.0,1.0,1.0,7.441099995048717,0.00759
MCP,10000,1,task_000::clean,clean,1,706938,0.0,0.0,0.0,3.39509999321308,5.302035
SYNAPSE,10000,1,task_000::perturbed_0,perturbed_0,0,1013,0.0,0.0,0.0,4.826200005481951,0.007597500000000001
MCP,10000,1,task_000::perturbed_0,perturbed_0,0,706938,0.0,0.0,0.0,3.7998999905539677,5.302035
SYNAPSE,10000,1,task_000::perturbed_1,perturbed_1,0,999,1.0,1.0,1.0,4.476700007217005,0.007492500000000001
MCP,10000,1,task_000::perturbed_1,perturbed_1,0,706938,0.0,0.0,0.0,3.06990000535734,5.302035
SYNAPSE,10000,1,task_001::clean,clean,1,994,1.0,1.0,1.0,13.129399987519719,0.007455000000000001
MCP,10000,1,task_001::clean,clean,1,706938,0.0,0.0,0.0,2.878300001611933,5.302035
SYNAPSE,10000,1,task_001::perturbed_0,perturbed_0,1,994,1.0,1.0,1.0,11.261599996942095,0.007455000000000001
MCP,10000,1,task_001::perturbed_0,perturbed_0,1,706938,0.0,0.0,0.0,2.91129999095574,5.302035
SYNAPSE,10000,1,task_001::perturbed_1,perturbed_1,0,990,0.0,0.0,0.0,4.159600008279085,0.007425
MCP,10000,1,task_001::perturbed_1,perturbed_1,0,706938,0.0,0.0,0.0,3.2402999931946397,5.302035
SYNAPSE,10000,1,task_002::clean,clean,1,986,1.0,1.0,1.0,15.24569999310188,0.0073950000000000005
MCP,10000,1,task_002::clean,clean,1,706938,0.0,0.0,0.0,2.8929000109201297,5.302035
SYNAPSE,10000,1,task_002::perturbed_0,perturbed_0,0,973,0.0,0.0,0.0,3.106500007561408,0.0072975
MCP,10000,1,task_002::perturbed_0,perturbed_0,0,706938,0.0,0.0,0.0,3.100399990216829,5.302035
SYNAPSE,10000,1,task_002::perturbed_1,perturbed_1,1,976,1.0,0.0,0.5,12.81129999551922,0.007320000000000001
MCP,10000,1,task_002::perturbed_1,perturbed_1,1,706938,0.0,0.0,0.0,2.793699997710064,5.302035
SYNAPSE,10000,1,task_003::clean,clean,1,959,1.0,1.0,1.0,12.75139999052044,0.007192500000000001
MCP,10000,1,task_003::clean,clean,1,706938,0.0,0.0,0.0,2.8583999956026673,5.302035
SYNAPSE,10000,1,task_003::perturbed_0,perturbed_0,1,959,1.0,1.0,1.0,16.695600003004074,0.007192500000000001
MCP,10000,1,task_003::perturbed_0,perturbed_0,1,706938,0.0,0.0,0.0,3.575000009732321,5.302035
SYNAPSE,10000,1,task_003::perturbed_1,perturbed_1,1,964,1.0,1.0,1.0,14.21439999830909,0.00723
MCP,10000,1,task_003::perturbed_1,perturbed_1,1,706938,0.0,0.0,0.0,3.039799994439818,5.302035
SYNAPSE,10000,1,task_004::clean,clean,1,967,1.0,1.0,1.0,13.441100003547035,0.0072525
MCP,10000,1,task_004::clean,clean,1,706938,0.0,0.0,0.0,2.979199998662807,5.302035
SYNAPSE,10000,1,task_004::perturbed_0,perturbed_0,0,964,0.0,0.0,0.0,3.411400000914,0.00723
MCP,10000,1,task_004::perturbed_0,perturbed_0,0,706938,0.0,0.0,0.0,2.9606999887619168,5.302035
SYNAPSE,10000,1,task_004::perturbed_1,perturbed_1,1,968,1.0,1.0,1.0,13.463399998727255,0.007260000000000001
MCP,10000,1,task_004::perturbed_1,perturbed_1,1,706938,0.0,0.0,0.0,3.961800000979565,5.302035
SYNAPSE,10000,1,task_005::clean,clean,1,1001,1.0,1.0,1.0,7.332799999858253,0.0075075
MCP,10000,1,task_005::clean,clean,1,706938,0.0,0.0,0.0,2.810500009218231,5.302035
SYNAPSE,10000,1,task_005::perturbed_0,perturbed_0,1,1001,1.0,1.0,1.0,5.754900004831143,0.0075075
MCP,10000,1,task_005::perturbed_0,perturbed_0,1,706938,0.0,0.0,0.0,2.784499985864386,5.302035
SYNAPSE,10000,1,task_005::perturbed_1,perturbed_1,1,1001,1.0,1.0,1.0,8.725200008484535,0.0075075
MCP,10000,1,task_005::perturbed_1,perturbed_1,1,706938,0.0,0.0,0.0,1.2318000080995262,5.302035
SYNAPSE,10000,1,task_006::clean,clean,1,992,1.0,1.0,1.0,5.300099990563467,0.00744
MCP,10000,1,task_006::clean,clean,1,706938,0.0,0.0,0.0,1.1558999976841733,5.302035
SYNAPSE,10000,1,task_006::perturbed_0,perturbed_0,0,988,0.0,0.0,0.0,1.7174000095110387,0.007410000000000001
MCP,10000,1,task_006::perturbed_0,perturbed_0,0,706938,0.0,0.0,0.0,1.1508000025060028,5.302035
SYNAPSE,10000,1,task_006::perturbed_1,perturbed_1,0,987,0.0,0.0,0.0,1.4733999996678904,0.0074025
MCP,10000,1,task_006::perturbed_1,perturbed_1,0,706938,0.0,0.0,0.0,3.5865999961970374,5.302035
SYNAPSE,10000,1,task_007::clean,clean,1,970,1.0,1.0,1.0,15.049300011014566,0.007275
MCP,10000,1,task_007::clean,clean,1,706938,0.0,0.0,0.0,3.1041999900480732,5.302035
SYNAPSE,10000,1,task_007::perturbed_0,perturbed_0,1,970,1.0,1.0,1.0,16.605400000116788,0.007275
MCP,10000,1,task_007::perturbed_0,perturbed_0,1,706938,0.0,0.0,0.0,3.1414999975822866,5.302035
SYNAPSE,10000,1,task_007::perturbed_1,perturbed_1,1,960,1.0,0.0,0.5,14.557799993781373,0.007200000000000001
MCP,10000,1,task_007::perturbed_1,perturbed_1,1,706938,0.0,0.0,0.0,3.81000000925269,5.302035
SYNAPSE,10000,1,task_008::clean,clean,1,981,1.0,1.0,1.0,15.091100009158254,0.0073575
MCP,10000,1,task_008::clean,clean,1,706938,0.0,0.0,0.0,2.92470000567846,5.302035
SYNAPSE,10000,1,task_008::perturbed_0,perturbed_0,1,987,1.0,0.0,0.3333333333333333,13.347000000067055,0.0074025
MCP,10000,1,task_008::perturbed_0,perturbed_0,1,706938,0.0,0.0,0.0,2.882200002204627,5.302035
SYNAPSE,10000,1,task_008::perturbed_1,perturbed_1,1,985,1.0,0.0,0.5,13.710500003071502,0.007387500000000001
MCP,10000,1,task_008::perturbed_1,perturbed_1,1,706938,0.0,0.0,0.0,2.9830999992555007,5.302035
SYNAPSE,10000,1,task_009::clean,clean,1,989,1.0,1.0,1.0,14.510799999698065,0.0074175000000000005
MCP,10000,1,task_009::clean,clean,1,706938,0.0,0.0,0.0,3.112399994279258,5.302035
SYNAPSE,10000,1,task_009::perturbed_0,perturbed_0,1,989,1.0,1.0,1.0,20.329899998614565,0.0074175000000000005
MCP,10000,1,task_009::perturbed_0,perturbed_0,1,706938,0.0,0.0,0.0,5.353300002752803,5.302035
SYNAPSE,10000,1,task_009::perturbed_1,perturbed_1,1,995,1.0,0.0,0.25,18.22830000310205,0.0074625
MCP,10000,1,task_009::perturbed_1,perturbed_1,1,706938,0.0,0.0,0.0,3.428299998631701,5.302035
SYNAPSE,10000,1,task_010::clean,clean,1,990,1.0,1.0,1.0,6.673600000794977,0.007425
MCP,10000,1,task_010::clean,clean,1,706938,0.0,0.0,0.0,2.7643000066746026,5.302035
SYNAPSE,10000,1,task_010::perturbed_0,perturbed_0,0,992,0.0,0.0,0.0,3.603999997721985,0.00744
MCP,10000,1,task_010::perturbed_0,perturbed_0,0,706938,0.0,0.0,0.0,2.830299999914132,5.302035
SYNAPSE,10000,1,task_010::perturbed_1,perturbed_1,0,986,0.0,0.0,0.0,3.5561999975470826,0.0073950000000000005
MCP,10000,1,task_010::perturbed_1,perturbed_1,0,706938,0.0,0.0,0.0,2.754300003289245,5.302035
SYNAPSE,10000,1,task_011::clean,clean,1,989,1.0,1.0,1.0,13.51599999179598,0.0074175000000000005
MCP,10000,1,task_011::clean,clean,1,706938,0.0,0.0,0.0,2.852400008123368,5.302035
SYNAPSE,10000,1,task_011::perturbed_0,perturbed_0,1,989,1.0,1.0,1.0,17.900299993925728,0.0074175000000000005
MCP,10000,1,task_011::perturbed_0,perturbed_0,1,706938,0.0,0.0,0.0,2.9968000017106533,5.302035
SYNAPSE,10000,1,task_011::perturbed_1,perturbed_1,1,994,1.0,0.0,0.5,10.823500007973053,0.007455000000000001
MCP,10000,1,task_011::perturbed_1,perturbed_1,1,706938,0.0,0.0,0.0,3.0082000012043864,5.302035
SYNAPSE,10000,1,task_012::clean,clean,1,993,1.0,1.0,1.0,12.728300003800541,0.007447500000000001
MCP,10000,1,task_012::clean,clean,1,706938,0.0,0.0,0.0,2.7409999893279746,5.302035
SYNAPSE,10000,1,task_012::perturbed_0,perturbed_0,1,993,1.0,1.0,1.0,14.262400000006892,0.007447500000000001
MCP,10000,1,task_012::perturbed_0,perturbed_0,1,706938,0.0,0.0,0.0,3.458799998043105,5.302035
SYNAPSE,10000,1,task_012::perturbed_1,perturbed_1,1,993,1.0,1.0,1.0,14.108899995335378,0.007447500000000001
MCP,10000,1,task_012::perturbed_1,perturbed_1,1,706938,0.0,0.0,0.0,2.9999999969732016,5.302035
SYNAPSE,10000,1,task_013::clean,clean,1,998,1.0,1.0,1.0,11.754899998777546,0.007485
MCP,10000,1,task_013::clean,clean,1,706938,0.0,0.0,0.0,2.6910000015050173,5.302035
SYNAPSE,10000,1,task_013::perturbed_0,perturbed_0,1,993,1.0,1.0,1.0,11.454400009824894,0.007447500000000001
MCP,10000,1,task_013::perturbed_0,perturbed_0,1,706938,0.0,0.0,0.0,2.741399992373772,5.302035
SYNAPSE,10000,1,task_013::perturbed_1,perturbed_1,1,986,1.0,1.0,1.0,12.465099993278272,0.0073950000000000005
MCP,10000,1,task_013::perturbed_1,perturbed_1,1,706938,0.0,0.0,0.0,2.6295999996364117,5.302035
SYNAPSE,10000,1,task_014::clean,clean,1,1003,1.0,1.0,1.0,17.02459999069106,0.0075225000000000005
MCP,10000,1,task_014::clean,clean,1,706938,1.0,0.0,0.5,3.417200001422316,5.302035
SYNAPSE,10000,1,task_014::perturbed_0,perturbed_0,1,993,1.0,0.0,0.16666666666666666,13.837699996656738,0.007447500000000001
MCP,10000,1,task_014::perturbed_0,perturbed_0,1,706938,1.0,0.0,0.16666666666666666,2.780800001346506,5.302035
SYNAPSE,10000,1,task_014::perturbed_1,perturbed_1,1,994,1.0,0.0,0.5,13.34619999397546,0.007455000000000001
MCP,10000,1,task_014::perturbed_1,perturbed_1,1,706938,1.0,0.0,0.25,2.832700003637001,5.302035
SYNAPSE,10000,1,task_015::clean,clean,1,1005,1.0,1.0,1.0,9.04679999803193,0.007537500000000001
MCP,10000,1,task_015::clean,clean,1,706938,0.0,0.0,0.0,2.996700000949204,5.302035
SYNAPSE,10000,1,task_015::perturbed_0,perturbed_0,1,1006,1.0,1.0,1.0,12.15369999408722,0.0075450000000000005
MCP,10000,1,task_015::perturbed_0,perturbed_0,1,706938,0.0,0.0,0.0,6.978699995670468,5.302035
SYNAPSE,10000,1,task_015::perturbed_1,perturbed_1,1,1006,1.0,1.0,1.0,14.987399990786798,0.0075450000000000005
MCP,10000,1,task_015::perturbed_1,perturbed_1,1,706938,0.0,0.0,0.0,4.9340999976266176,5.302035
SYNAPSE,10000,1,task_016::clean,clean,1,988,1.0,1.0,1.0,14.429900009417906,0.007410000000000001
MCP,10000,1,task_016::clean,clean,1,706938,0.0,0.0,0.0,3.4879000013461336,5.302035
SYNAPSE,10000,1,task_016::perturbed_0,perturbed_0,0,996,1.0,1.0,1.0,3.776599987759255,0.007470000000000001
MCP,10000,1,task_016::perturbed_0,perturbed_0,0,706938,0.0,0.0,0.0,3.487099995254539,5.302035
SYNAPSE,10000,1,task_016::perturbed_1,perturbed_1,1,988,1.0,1.0,1.0,14.045500007341616,0.007410000000000001
MCP,10000,1,task_016::perturbed_1,perturbed_1,1,706938,0.0,0.0,0.0,2.991500005009584,5.302035
SYNAPSE,10000,1,task_017::clean,clean,1,998,1.0,1.0,1.0,19.497600005706772,0.007485
MCP,10000,1,task_017::clean,clean,1,706938,0.0,0.0,0.0,2.8796999977203086,5.302035
SYNAPSE,10000,1,task_017::perturbed_0,perturbed_0,0,989,1.0,1.0,1.0,3.453800003626384,0.0074175000000000005
MCP,10000,1,task_017::perturbed_0,perturbed_0,0,706938,0.0,0.0,0.0,3.338499998790212,5.302035
SYNAPSE,10000,1,task_017::perturbed_1,perturbed_1,1,1000,1.0,1.0,1.0,15.68579999729991,0.007500000000000001
MCP,10000,1,task_017::perturbed_1,perturbed_1,1,706938,0.0,0.0,0.0,3.718199994182214,5.302035
SYNAPSE,10000,1,task_018::clean,clean,1,967,1.0,1.0,1.0,13.12470000993926,0.0072525
MCP,10000,1,task_018::clean,clean,1,706938,0.0,0.0,0.0,3.4282000124221668,5.302035
SYNAPSE,10000,1,task_018::perturbed_0,perturbed_0,0,679,0.0,0.0,0.0,5.0829999963752925,0.005092500000000001
MCP,10000,1,task_018::perturbed_0,perturbed_0,0,706938,0.0,0.0,0.0,3.0433000065386295,5.302035
SYNAPSE,10000,1,task_018::perturbed_1,perturbed_1,0,964,1.0,1.0,1.0,3.9265000086743385,0.00723
MCP,10000,1,task_018::perturbed_1,perturbed_1,0,706938,0.0,0.0,0.0,3.8007999974070117,5.302035
SYNAPSE,10000,1,task_019::clean,clean,1,980,1.0,1.0,1.0,14.45610000519082,0.007350000000000001
MCP,10000,1,task_019::clean,clean,1,706938,0.0,0.0,0.0,2.8356999973766506,5.302035
SYNAPSE,10000,1,task_019::perturbed_0,perturbed_0,1,980,1.0,1.0,1.0,13.62640000297688,0.007350000000000001
MCP,10000,1,task_019::perturbed_0,perturbed_0,1,706938,0.0,0.0,0.0,2.9510000022128224,5.302035
SYNAPSE,10000,1,task_019::perturbed_1,perturbed_1,1,979,1.0,0.0,0.25,13.526599999750033,0.007342500000000001
MCP,10000,1,task_019::perturbed_1,perturbed_1,1,706938,0.0,0.0,0.0,2.679500001249835,5.302035
SYNAPSE,10000,1,task_020::clean,clean,1,1003,1.0,1.0,1.0,6.288999997195788,0.0075225000000000005
MCP,10000,1,task_020::clean,clean,1,706938,0.0,0.0,0.0,2.9775000002700835,5.302035
SYNAPSE,10000,1,task_020::perturbed_0,perturbed_0,1,679,0.0,0.0,0.0,14.627399999881163,0.005092500000000001
MCP,10000,1,task_020::perturbed_0,perturbed_0,1,706938,0.0,0.0,0.0,7.398000001558103,5.302035
SYNAPSE,10000,1,task_020::perturbed_1,perturbed_1,1,1002,1.0,1.0,1.0,15.457100002095103,0.007515000000000001
MCP,10000,1,task_020::perturbed_1,perturbed_1,1,706938,0.0,0.0,0.0,7.297400006791577,5.302035
SYNAPSE,10000,1,task_021::clean,clean,1,991,1.0,1.0,1.0,23.976099997526035,0.007432500000000001
MCP,10000,1,task_021::clean,clean,1,706938,0.0,0.0,0.0,3.353200008859858,5.302035
SYNAPSE,10000,1,task_021::perturbed_0,perturbed_0,1,1000,0.0,0.0,0.0,11.12250000005588,0.007500000000000001
MCP,10000,1,task_021::perturbed_0,perturbed_0,1,706938,0.0,0.0,0.0,2.8605999978026375,5.302035
SYNAPSE,10000,1,task_021::perturbed_1,perturbed_1,1,995,0.0,0.0,0.0,11.11490000039339,0.0074625
MCP,10000,1,task_021::perturbed_1,perturbed_1,1,706938,0.0,0.0,0.0,4.303499998059124,5.302035
SYNAPSE,10000,1,task_022::clean,clean,1,970,1.0,1.0,1.0,12.31430000916589,0.007275
MCP,10000,1,task_022::clean,clean,1,706938,0.0,0.0,0.0,2.6560999976936728,5.302035
SYNAPSE,10000,1,task_022::perturbed_0,perturbed_0,0,679,0.0,0.0,0.0,5.785299988929182,0.005092500000000001
MCP,10000,1,task_022::perturbed_0,perturbed_0,0,706938,0.0,0.0,0.0,2.9566000011982396,5.302035
SYNAPSE,10000,1,task_022::perturbed_1,perturbed_1,1,970,1.0,1.0,1.0,13.935599999967963,0.007275
MCP,10000,1,task_022::perturbed_1,perturbed_1,1,706938,0.0,0.0,0.0,2.7507999911904335,5.302035
SYNAPSE,10000,1,task_023::clean,clean,1,973,1.0,1.0,1.0,12.773099995683879,0.0072975
MCP,10000,1,task_023::clean,clean,1,706938,0.0,0.0,0.0,3.6666999949375167,5.302035
SYNAPSE,10000,1,task_023::perturbed_0,perturbed_0,0,964,0.0,0.0,0.0,2.8144000098109245,0.00723
MCP,10000,1,task_023::perturbed_0,perturbed_0,0,706938,0.0,0.0,0.0,2.897400001529604,5.302035
SYNAPSE,10000,1,task_023::perturbed_1,perturbed_1,0,958,0.0,0.0,0.0,3.190799994627014,0.007185
MCP,10000,1,task_023::perturbed_1,perturbed_1,0,706938,0.0,0.0,0.0,2.949999994598329,5.302035
SYNAPSE,10000,1,task_024::clean,clean,1,976,1.0,1.0,1.0,15.880300008575432,0.007320000000000001
MCP,10000,1,task_024::clean,clean,1,706938,0.0,0.0,0.0,2.9990000039106235,5.302035
SYNAPSE,10000,1,task_024::perturbed_0,perturbed_0,0,964,0.0,0.0,0.0,4.310300006181933,0.00723
MCP,10000,1,task_024::perturbed_0,perturbed_0,0,706938,0.0,0.0,0.0,3.1933999998727813,5.302035
SYNAPSE,10000,1,task_024::perturbed_1,perturbed_1,1,977,1.0,1.0,1.0,12.767899999744259,0.007327500000000001
MCP,10000,1,task_024::perturbed_1,perturbed_1,1,706938,0.0,0.0,0.0,2.9871000006096438,5.302035
SYNAPSE,10000,1,task_025::clean,clean,1,1001,1.0,1.0,1.0,7.920500007458031,0.0075075
MCP,10000,1,task_025::clean,clean,1,706938,0.0,0.0,0.0,2.789399994071573,5.302035
SYNAPSE,10000,1,task_025::perturbed_0,perturbed_0,0,679,0.0,0.0,0.0,4.916399993817322,0.005092500000000001
MCP,10000,1,task_025::perturbed_0,perturbed_0,0,706938,0.0,0.0,0.0,2.766200006590225,5.302035
SYNAPSE,10000,1,task_025::perturbed_1,perturbed_1,0,988,0.0,0.0,0.0,3.3213999995496124,0.007410000000000001
MCP,10000,1,task_025::perturbed_1,perturbed_1,0,706938,0.0,0.0,0.0,3.6471999919740483,5.302035
SYNAPSE,10000,1,task_026::clean,clean,1,1006,1.0,1.0,1.0,11.228799994569272,0.0075450000000000005
MCP,10000,1,task_026::clean,clean,1,706938,0.0,0.0,0.0,3.5929000005126,5.302035
SYNAPSE,10000,1,task_026::perturbed_0,perturbed_0,0,1004,1.0,1.0,1.0,3.8507999997818843,0.00753
MCP,10000,1,task_026::perturbed_0,perturbed_0,0,706938,0.0,0.0,0.0,12.501500008511357,5.302035
SYNAPSE,10000,1,task_026::perturbed_1,perturbed_1,1,1006,1.0,1.0,1.0,13.504999995348044,0.0075450000000000005
MCP,10000,1,task_026::perturbed_1,perturbed_1,1,706938,0.0,0.0,0.0,3.4706000005826354,5.302035
SYNAPSE,10000,1,task_027::clean,clean,1,965,1.0,1.0,1.0,12.92710000416264,0.007237500000000001
MCP,10000,1,task_027::clean,clean,1,706938,0.0,0.0,0.0,2.7428000030340627,5.302035
SYNAPSE,10000,1,task_027::perturbed_0,perturbed_0,0,679,0.0,0.0,0.0,5.347600003005937,0.005092500000000001
MCP,10000,1,task_027::perturbed_0,perturbed_0,0,706938,0.0,0.0,0.0,2.844799993908964,5.302035
SYNAPSE,10000,1,task_027::perturbed_1,perturbed_1,1,965,1.0,1.0,1.0,13.649000000441447,0.007237500000000001
MCP,10000,1,task_027::perturbed_1,perturbed_1,1,706938,0.0,0.0,0.0,2.856499995687045,5.302035
SYNAPSE,10000,1,task_028::clean,clean,1,961,1.0,1.0,1.0,13.533100005588494,0.0072075
MCP,10000,1,task_028::clean,clean,1,706938,0.0,0.0,0.0,4.197100002784282,5.302035
SYNAPSE,10000,1,task_028::perturbed_0,perturbed_0,0,960,0.0,0.0,0.0,4.216300003463402,0.007200000000000001
MCP,10000,1,task_028::perturbed_0,perturbed_0,0,706938,0.0,0.0,0.0,3.2945999992080033,5.302035
SYNAPSE,10000,1,task_028::perturbed_1,perturbed_1,0,679,0.0,0.0,0.0,5.013999994844198,0.005092500000000001
MCP,10000,1,task_028::perturbed_1,perturbed_1,0,706938,0.0,0.0,0.0,3.4267000010004267,5.302035
SYNAPSE,10000,1,task_029::clean,clean,1,982,1.0,1.0,1.0,16.683299996657297,0.007365000000000001
MCP,10000,1,task_029::clean,clean,1,706938,0.0,0.0,0.0,3.4798999986378476,5.302035
SYNAPSE,10000,1,task_029::perturbed_0,perturbed_0,1,980,1.0,1.0,1.0,17.37909999792464,0.007350000000000001
MCP,10000,1,task_029::perturbed_0,perturbed_0,1,706938,0.0,0.0,0.0,2.9818999901181087,5.302035
SYNAPSE,10000,1,task_029::perturbed_1,perturbed_1,0,978,0.0,0.0,0.0,3.565899998648092,0.007335
MCP,10000,1,task_029::perturbed_1,perturbed_1,0,706938,0.0,0.0,0.0,4.337799997301772,5.302035
SYNAPSE,10000,2,task_000::clean,clean,1,1011,1.0,1.0,1.0,6.750499989720993,0.007582500000000001
MCP,10000,2,task_000::clean,clean,1,706360,0.0,0.0,0.0,4.831199999898672,5.297700000000001
SYNAPSE,10000,2,task_000::perturbed_0,perturbed_0,1,1011,1.0,1.0,1.0,7.809000002453104,0.007582500000000001
MCP,10000,2,task_000::perturbed_0,perturbed_0,1,706360,0.0,0.0,0.0,3.122199996141717,5.297700000000001
SYNAPSE,10000,2,task_000::perturbed_1,perturbed_1,1,1002,1.0,1.0,1.0,8.656099991640076,0.007515000000000001
MCP,10000,2,task_000::perturbed_1,perturbed_1,1,706360,0.0,0.0,0.0,3.6862999986624345,5.297700000000001
SYNAPSE,10000,2,task_001::clean,clean,1,992,1.0,1.0,1.0,10.131400005775504,0.00744
MCP,10000,2,task_001::clean,clean,1,706360,0.0,0.0,0.0,3.1171000009635463,5.297700000000001
SYNAPSE,10000,2,task_001::perturbed_0,perturbed_0,0,985,0.0,0.0,0.0,2.9529000021284446,0.007387500000000001
MCP,10000,2,task_001::perturbed_0,perturbed_0,0,706360,0.0,0.0,0.0,3.6048000038135797,5.297700000000001
SYNAPSE,10000,2,task_001::perturbed_1,perturbed_1,1,1000,1.0,0.0,0.5,11.113500004285015,0.007500000000000001
MCP,10000,2,task_001::perturbed_1,perturbed_1,1,706360,0.0,0.0,0.0,2.6055000053020194,5.297700000000001
SYNAPSE,10000,2,task_002::clean,clean,1,987,1.0,1.0,1.0,14.020900009199977,0.0074025
MCP,10000,2,task_002::clean,clean,1,706360,0.0,0.0,0.0,2.913300006184727,5.297700000000001
SYNAPSE,10000,2,task_002::perturbed_0,perturbed_0,1,988,1.0,1.0,1.0,12.430400005541742,0.007410000000000001
MCP,10000,2,task_002::perturbed_0,perturbed_0,1,706360,0.0,0.0,0.0,3.2412000000476837,5.297700000000001
SYNAPSE,10000,2,task_002::perturbed_1,perturbed_1,0,975,0.0,0.0,0.0,8.016200008569285,0.0073125
MCP,10000,2,task_002::perturbed_1,perturbed_1,0,706360,0.0,0.0,0.0,2.968700006022118,5.297700000000001
SYNAPSE,10000,2,task_003::clean,clean,1,962,1.0,1.0,1.0,14.498200005618855,0.007215000000000001
MCP,10000,2,task_003::clean,clean,1,706360,0.0,0.0,0.0,3.617599999415688,5.297700000000001
SYNAPSE,10000,2,task_003::perturbed_0,perturbed_0,0,962,1.0,0.0,0.5,3.4747000026982278,0.007215000000000001
MCP,10000,2,task_003::perturbed_0,perturbed_0,0,706360,0.0,0.0,0.0,2.8197000065119937,5.297700000000001
SYNAPSE,10000,2,task_003::perturbed_1,perturbed_1,1,964,1.0,1.0,1.0,14.887700002873316,0.00723
MCP,10000,2,task_003::perturbed_1,perturbed_1,1,706360,0.0,0.0,0.0,3.0172999977367,5.297700000000001
SYNAPSE,10000,2,task_004::clean,clean,1,980,1.0,1.0,1.0,16.922300012083724,0.007350000000000001
MCP,10000,2,task_004::clean,clean,1,706360,0.0,0.0,0.0,1.3249000039650127,5.297700000000001
SYNAPSE,10000,2,task_004::perturbed_0,perturbed_0,1,980,1.0,1.0,1.0,7.147700001951307,0.007350000000000001
MCP,10000,2,task_004::perturbed_0,perturbed_0,1,706360,0.0,0.0,0.0,1.0716000106185675,5.297700000000001
SYNAPSE,10000,2,task_004::perturbed_1,perturbed_1,0,966,0.0,0.0,0.0,7.843300001695752,0.007245000000000001
MCP,10000,2,task_004::perturbed_1,perturbed_1,0,706360,0.0,0.0,0.0,6.219600007170811,5.297700000000001
SYNAPSE,10000,2,task_005::clean,clean,1,984,1.0,1.0,1.0,9.953200002200902,0.00738
MCP,10000,2,task_005::clean,clean,1,706360,0.0,0.0,0.0,3.1119000050239265,5.297700000000001
SYNAPSE,10000,2,task_005::perturbed_0,perturbed_0,1,988,1.0,1.0,1.0,6.732900001225062,0.007410000000000001
MCP,10000,2,task_005::perturbed_0,perturbed_0,1,706360,0.0,0.0,0.0,4.1621999989729375,5.297700000000001
SYNAPSE,10000,2,task_005::perturbed_1,perturbed_1,0,991,1.0,1.0,1.0,4.044899993459694,0.007432500000000001
MCP,10000,2,task_005::perturbed_1,perturbed_1,0,706360,0.0,0.0,0.0,3.122900001471862,5.297700000000001
SYNAPSE,10000,2,task_006::clean,clean,1,1015,1.0,1.0,1.0,11.192099991603754,0.0076125
MCP,10000,2,task_006::clean,clean,1,706360,0.0,0.0,0.0,3.4235000057378784,5.297700000000001
SYNAPSE,10000,2,task_006::perturbed_0,perturbed_0,1,1015,1.0,1.0,1.0,11.48309999553021,0.0076125
MCP,10000,2,task_006::perturbed_0,perturbed_0,1,706360,0.0,0.0,0.0,3.0033000075491145,5.297700000000001
SYNAPSE,10000,2,task_006::perturbed_1,perturbed_1,1,997,0.0,0.0,0.0,12.545899997348897,0.007477500000000001
MCP,10000,2,task_006::perturbed_1,perturbed_1,1,706360,0.0,0.0,0.0,3.6340000078780577,5.297700000000001
SYNAPSE,10000,2,task_007::clean,clean,1,965,1.0,1.0,1.0,14.557899994542822,0.007237500000000001
MCP,10000,2,task_007::clean,clean,1,706360,0.0,0.0,0.0,3.101299997069873,5.297700000000001
SYNAPSE,10000,2,task_007::perturbed_0,perturbed_0,1,965,1.0,1.0,1.0,16.078500004368834,0.007237500000000001
MCP,10000,2,task_007::perturbed_0,perturbed_0,1,706360,0.0,0.0,0.0,6.2621000106446445,5.297700000000001
SYNAPSE,10000,2,task_007::perturbed_1,perturbed_1,1,965,1.0,1.0,1.0,12.267099999007769,0.007237500000000001
MCP,10000,2,task_007::perturbed_1,perturbed_1,1,706360,0.0,0.0,0.0,3.018200004589744,5.297700000000001
SYNAPSE,10000,2,task_008::clean,clean,1,977,1.0,1.0,1.0,19.94840000406839,0.007327500000000001
MCP,10000,2,task_008::clean,clean,1,706360,0.0,0.0,0.0,3.315800000564195,5.297700000000001
SYNAPSE,10000,2,task_008::perturbed_0,perturbed_0,1,983,1.0,1.0,1.0,12.880700000096112,0.007372500000000001
MCP,10000,2,task_008::perturbed_0,perturbed_0,1,706360,0.0,0.0,0.0,3.2047999993665144,5.297700000000001
SYNAPSE,10000,2,task_008::perturbed_1,perturbed_1,1,987,1.0,1.0,1.0,13.60989999375306,0.0074025
MCP,10000,2,task_008::perturbed_1,perturbed_1,1,706360,0.0,0.0,0.0,3.2052000024123117,5.297700000000001
SYNAPSE,10000,2,task_009::clean,clean,1,984,1.0,1.0,1.0,14.521000004606321,0.00738
MCP,10000,2,task_009::clean,clean,1,706360,0.0,0.0,0.0,2.4953999964054674,5.297700000000001
SYNAPSE,10000,2,task_009::perturbed_0,perturbed_0,0,990,0.0,0.0,0.0,3.4408999927109107,0.007425
MCP,10000,2,task_009::perturbed_0,perturbed_0,0,706360,0.0,0.0,0.0,5.188099996303208,5.297700000000001
SYNAPSE,10000,2,task_009::perturbed_1,perturbed_1,0,981,0.0,0.0,0.0,3.7603999953716993,0.0073575
MCP,10000,2,task_009::perturbed_1,perturbed_1,0,706360,0.0,0.0,0.0,3.666100004920736,5.297700000000001
SYNAPSE,10000,2,task_010::clean,clean,1,996,1.0,1.0,1.0,6.163600002764724,0.007470000000000001
MCP,10000,2,task_010::clean,clean,1,706360,0.0,0.0,0.0,4.560700006550178,5.297700000000001
SYNAPSE,10000,2,task_010::perturbed_0,perturbed_0,1,988,1.0,1.0,1.0,8.255900000222027,0.007410000000000001
MCP,10000,2,task_010::perturbed_0,perturbed_0,1,706360,0.0,0.0,0.0,3.6355000047478825,5.297700000000001
SYNAPSE,10000,2,task_010::perturbed_1,perturbed_1,1,679,0.0,0.0,0.0,8.632900004158728,0.005092500000000001
MCP,10000,2,task_010::perturbed_1,perturbed_1,1,706360,0.0,0.0,0.0,3.185600013239309,5.297700000000001
SYNAPSE,10000,2,task_011::clean,clean,1,1014,1.0,1.0,1.0,12.553200009278953,0.007605000000000001
MCP,10000,2,task_011::clean,clean,1,706360,0.0,0.0,0.0,3.0660999909741804,5.297700000000001
SYNAPSE,10000,2,task_011::perturbed_0,perturbed_0,0,1012,0.0,0.0,0.0,3.596299997298047,0.00759
MCP,10000,2,task_011::perturbed_0,perturbed_0,0,706360,0.0,0.0,0.0,3.072300009080209,5.297700000000001
SYNAPSE,10000,2,task_011::perturbed_1,perturbed_1,0,1013,0.0,0.0,0.0,3.2133999920915812,0.007597500000000001
MCP,10000,2,task_011::perturbed_1,perturbed_1,0,706360,0.0,0.0,0.0,3.5284000041428953,5.297700000000001
SYNAPSE,10000,2,task_012::clean,clean,1,990,1.0,1.0,1.0,9.842600004049018,0.007425
MCP,10000,2,task_012::clean,clean,1,706360,0.0,0.0,0.0,1.3319000136107206,5.297700000000001
SYNAPSE,10000,2,task_012::perturbed_0,perturbed_0,1,978,0.0,0.0,0.0,9.34659999620635,0.007335
MCP,10000,2,task_012::perturbed_0,perturbed_0,1,706360,0.0,0.0,0.0,2.171000000089407,5.297700000000001
SYNAPSE,10000,2,task_012::perturbed_1,perturbed_1,0,982,0.0,0.0,0.0,3.152400007820688,0.007365000000000001
MCP,10000,2,task_012::perturbed_1,perturbed_1,0,706360,0.0,0.0,0.0,2.0711000106530264,5.297700000000001
SYNAPSE,10000,2,task_013::clean,clean,1,983,1.0,1.0,1.0,24.684200005140156,0.007372500000000001
MCP,10000,2,task_013::clean,clean,1,706360,0.0,0.0,0.0,4.063200001837686,5.297700000000001
SYNAPSE,10000,2,task_013::perturbed_0,perturbed_0,0,973,0.0,0.0,0.0,5.190199997741729,0.0072975
MCP,10000,2,task_013::perturbed_0,perturbed_0,0,706360,0.0,0.0,0.0,3.6124999896856025,5.297700000000001
SYNAPSE,10000,2,task_013::perturbed_1,perturbed_1,1,983,1.0,1.0,1.0,25.875000006635673,0.007372500000000001
MCP,10000,2,task_013::perturbed_1,perturbed_1,1,706360,0.0,0.0,0.0,4.908100003376603,5.297700000000001
SYNAPSE,10000,2,task_014::clean,clean,1,996,1.0,1.0,1.0,27.20759999647271,0.007470000000000001
MCP,10000,2,task_014::clean,clean,1,706360,1.0,1.0,1.0,10.816000009072013,5.297700000000001
SYNAPSE,10000,2,task_014::perturbed_0,perturbed_0,1,999,1.0,0.0,0.3333333333333333,17.72599999094382,0.007492500000000001
MCP,10000,2,task_014::perturbed_0,perturbed_0,1,706360,1.0,0.0,0.125,4.334400000516325,5.297700000000001
SYNAPSE,10000,2,task_014::perturbed_1,perturbed_1,1,1000,1.0,0.0,0.3333333333333333,21.316900005331263,0.007500000000000001
MCP,10000,2,task_014::perturbed_1,perturbed_1,1,706360,1.0,0.0,0.16666666666666666,4.9959000025410205,5.297700000000001
SYNAPSE,10000,2,task_015::clean,clean,1,997,1.0,1.0,1.0,11.518100000103004,0.007477500000000001
MCP,10000,2,task_015::clean,clean,1,706360,0.0,0.0,0.0,3.119800006970763,5.297700000000001
SYNAPSE,10000,2,task_015::perturbed_0,perturbed_0,0,984,0.0,0.0,0.0,3.1783000013092533,0.00738
MCP,10000,2,task_015::perturbed_0,perturbed_0,0,706360,0.0,0.0,0.0,3.0775000050198287,5.297700000000001
SYNAPSE,10000,2,task_015::perturbed_1,perturbed_1,1,990,1.0,0.0,0.3333333333333333,5.934999993769452,0.007425
MCP,10000,2,task_015::perturbed_1,perturbed_1,1,706360,0.0,0.0,0.0,4.0905000059865415,5.297700000000001
SYNAPSE,10000,2,task_016::clean,clean,1,993,1.0,1.0,1.0,10.9941999980947,0.007447500000000001
MCP,10000,2,task_016::clean,clean,1,706360,0.0,0.0,0.0,3.1383000023197383,5.297700000000001
SYNAPSE,10000,2,task_016::perturbed_0,perturbed_0,1,995,1.0,1.0,1.0,10.922799992840737,0.0074625
MCP,10000,2,task_016::perturbed_0,perturbed_0,1,706360,0.0,0.0,0.0,4.259699999238364,5.297700000000001
SYNAPSE,10000,2,task_016::perturbed_1,perturbed_1,0,994,0.0,0.0,0.0,3.4512999991420656,0.007455000000000001
MCP,10000,2,task_016::perturbed_1,perturbed_1,0,706360,0.0,0.0,0.0,3.1587000121362507,5.297700000000001
SYNAPSE,10000,2,task_017::clean,clean,1,998,1.0,1.0,1.0,14.066599993384443,0.007485
MCP,10000,2,task_017::clean,clean,1,706360,0.0,0.0,0.0,3.2743000047048554,5.297700000000001
SYNAPSE,10000,2,task_017::perturbed_0,perturbed_0,1,993,1.0,1.0,1.0,14.004299999214709,0.007447500000000001
MCP,10000,2,task_017::perturbed_0,perturbed_0,1,706360,0.0,0.0,0.0,3.5896000044886023,5.297700000000001
SYNAPSE,10000,2,task_017::perturbed_1,perturbed_1,1,998,1.0,1.0,1.0,14.587400000891648,0.007485
MCP,10000,2,task_017::perturbed_1,perturbed_1,1,706360,0.0,0.0,0.0,3.12689998827409,5.297700000000001
SYNAPSE,10000,2,task_018::clean,clean,1,965,1.0,1.0,1.0,15.84960000764113,0.007237500000000001
MCP,10000,2,task_018::clean,clean,1,706360,0.0,0.0,0.0,4.521399998338893,5.297700000000001
SYNAPSE,10000,2,task_018::perturbed_0,perturbed_0,0,958,0.0,0.0,0.0,3.8219999987632036,0.007185
MCP,10000,2,task_018::perturbed_0,perturbed_0,0,706360,0.0,0.0,0.0,3.0332000023918226,5.297700000000001
SYNAPSE,10000,2,task_018::perturbed_1,perturbed_1,1,679,0.0,0.0,0.0,21.605399990221485,0.005092500000000001
MCP,10000,2,task_018::perturbed_1,perturbed_1,1,706360,0.0,0.0,0.0,2.8692000050796196,5.297700000000001
SYNAPSE,10000,2,task_019::clean,clean,1,977,1.0,1.0,1.0,29.016100001172163,0.007327500000000001
MCP,10000,2,task_019::clean,clean,1,706360,0.0,0.0,0.0,6.269599994993769,5.297700000000001
SYNAPSE,10000,2,task_019::perturbed_0,perturbed_0,0,960,0.0,0.0,0.0,7.430000012391247,0.007200000000000001
MCP,10000,2,task_019::perturbed_0,perturbed_0,0,706360,0.0,0.0,0.0,3.3078999986173585,5.297700000000001
SYNAPSE,10000,2,task_019::perturbed_1,perturbed_1,0,679,0.0,0.0,0.0,4.692100003012456,0.005092500000000001
MCP,10000,2,task_019::perturbed_1,perturbed_1,0,706360,0.0,0.0,0.0,3.3167999936267734,5.297700000000001
SYNAPSE,10000,2,task_020::clean,clean,1,1005,1.0,1.0,1.0,5.976900007226504,0.007537500000000001
MCP,10000,2,task_020::clean,clean,1,706360,0.0,0.0,0.0,4.420899989781901,5.297700000000001
SYNAPSE,10000,2,task_020::perturbed_0,perturbed_0,1,679,0.0,0.0,0.0,12.629199991351925,0.005092500000000001
MCP,10000,2,task_020::perturbed_0,perturbed_0,1,706360,0.0,0.0,0.0,7.009299995843321,5.297700000000001
SYNAPSE,10000,2,task_020::perturbed_1,perturbed_1,1,679,0.0,0.0,0.0,12.947399998665787,0.005092500000000001
MCP,10000,2,task_020::perturbed_1,perturbed_1,1,706360,0.0,0.0,0.0,7.67910000286065,5.297700000000001
SYNAPSE,10000,2,task_021::clean,clean,1,992,1.0,1.0,1.0,13.23279998905491,0.00744
MCP,10000,2,task_021::clean,clean,1,706360,0.0,0.0,0.0,3.031500003999099,5.297700000000001
SYNAPSE,10000,2,task_021::perturbed_0,perturbed_0,0,989,0.0,0.0,0.0,3.4460000024409965,0.0074175000000000005
MCP,10000,2,task_021::perturbed_0,perturbed_0,0,706360,0.0,0.0,0.0,3.6915999953635037,5.297700000000001
SYNAPSE,10000,2,task_021::perturbed_1,perturbed_1,1,997,1.0,0.0,0.5,12.526400008937344,0.007477500000000001
MCP,10000,2,task_021::perturbed_1,perturbed_1,1,706360,0.0,0.0,0.0,3.7089999968884513,5.297700000000001
SYNAPSE,10000,2,task_022::clean,clean,1,973,1.0,1.0,1.0,17.13339998968877,0.0072975
MCP,10000,2,task_022::clean,clean,1,706360,0.0,0.0,0.0,3.202799998689443,5.297700000000001
SYNAPSE,10000,2,task_022::perturbed_0,perturbed_0,0,679,0.0,0.0,0.0,4.849000004469417,0.005092500000000001
MCP,10000,2,task_022::perturbed_0,perturbed_0,0,706360,0.0,0.0,0.0,3.6419000098248944,5.297700000000001
SYNAPSE,10000,2,task_022::perturbed_1,perturbed_1,0,971,0.0,0.0,0.0,3.182200001901947,0.007282500000000001
MCP,10000,2,task_022::perturbed_1,perturbed_1,0,706360,0.0,0.0,0.0,3.697200008900836,5.297700000000001
SYNAPSE,10000,2,task_023::clean,clean,1,968,1.0,1.0,1.0,16.190700000151992,0.007260000000000001
MCP,10000,2,task_023::clean,clean,1,706360,0.0,0.0,0.0,4.735800001071766,5.297700000000001
SYNAPSE,10000,2,task_023::perturbed_0,perturbed_0,1,968,1.0,1.0,1.0,16.12629998999182,0.007260000000000001
MCP,10000,2,task_023::perturbed_0,perturbed_0,1,706360,0.0,0.0,0.0,3.750499992747791,5.297700000000001
SYNAPSE,10000,2,task_023::perturbed_1,perturbed_1,1,960,1.0,0.0,0.125,16.78570000512991,0.007200000000000001
MCP,10000,2,task_023::perturbed_1,perturbed_1,1,706360,0.0,0.0,0.0,22.879900003317744,5.297700000000001
SYNAPSE,10000,2,task_024::clean,clean,1,973,1.0,1.0,1.0,34.994000001461245,0.0072975
MCP,10000,2,task_024::clean,clean,1,706360,0.0,0.0,0.0,7.326900013140403,5.297700000000001
SYNAPSE,10000,2,task_024::perturbed_0,perturbed_0,0,964,1.0,0.0,0.5,3.7892999971518293,0.00723
MCP,10000,2,task_024::perturbed_0,perturbed_0,0,706360,0.0,0.0,0.0,6.293600003118627,5.297700000000001
SYNAPSE,10000,2,task_024::perturbed_1,perturbed_1,0,972,0.0,0.0,0.0,6.970100002945401,0.0072900000000000005
MCP,10000,2,task_024::perturbed_1,perturbed_1,0,706360,0.0,0.0,0.0,5.767000009655021,5.297700000000001
SYNAPSE,10000,2,task_025::clean,clean,1,996,1.0,1.0,1.0,12.011699989670888,0.007470000000000001
MCP,10000,2,task_025::clean,clean,1,706360,0.0,0.0,0.0,3.529499997966923,5.297700000000001
SYNAPSE,10000,2,task_025::perturbed_0,perturbed_0,0,679,0.0,0.0,0.0,5.034400004660711,0.005092500000000001
MCP,10000,2,task_025::perturbed_0,perturbed_0,0,706360,0.0,0.0,0.0,3.3432999916840345,5.297700000000001
SYNAPSE,10000,2,task_025::perturbed_1,perturbed_1,0,993,1.0,1.0,1.0,4.343799999332987,0.007447500000000001
MCP,10000,2,task_025::perturbed_1,perturbed_1,0,706360,0.0,0.0,0.0,4.180000003543682,5.297700000000001
SYNAPSE,10000,2,task_026::clean,clean,1,1011,1.0,1.0,1.0,21.976600008201785,0.007582500000000001
MCP,10000,2,task_026::clean,clean,1,706360,0.0,0.0,0.0,10.254800014081411,5.297700000000001
SYNAPSE,10000,2,task_026::perturbed_0,perturbed_0,1,1011,1.0,1.0,1.0,14.2694000096526,0.007582500000000001
MCP,10000,2,task_026::perturbed_0,perturbed_0,1,706360,0.0,0.0,0.0,4.320100008044392,5.297700000000001
SYNAPSE,10000,2,task_026::perturbed_1,perturbed_1,1,1011,1.0,1.0,1.0,22.5784000067506,0.007582500000000001
MCP,10000,2,task_026::perturbed_1,perturbed_1,1,706360,0.0,0.0,0.0,4.113899994990788,5.297700000000001
SYNAPSE,10000,2,task_027::clean,clean,1,964,1.0,0.0,0.5,18.697400009841658,0.00723
MCP,10000,2,task_027::clean,clean,1,706360,0.0,0.0,0.0,3.09279999055434,5.297700000000001
SYNAPSE,10000,2,task_027::perturbed_0,perturbed_0,1,966,0.0,0.0,0.0,16.0022000054596,0.007245000000000001
MCP,10000,2,task_027::perturbed_0,perturbed_0,1,706360,0.0,0.0,0.0,3.2395999878644943,5.297700000000001
SYNAPSE,10000,2,task_027::perturbed_1,perturbed_1,1,679,0.0,0.0,0.0,18.592699998407625,0.005092500000000001
MCP,10000,2,task_027::perturbed_1,perturbed_1,1,706360,0.0,0.0,0.0,3.7188999995123595,5.297700000000001
SYNAPSE,10000,2,task_028::clean,clean,1,965,1.0,1.0,1.0,15.67530000465922,0.007237500000000001
MCP,10000,2,task_028::clean,clean,1,706360,0.0,0.0,0.0,3.839299999526702,5.297700000000001
SYNAPSE,10000,2,task_028::perturbed_0,perturbed_0,1,971,1.0,0.0,0.5,13.858199992682785,0.007282500000000001
MCP,10000,2,task_028::perturbed_0,perturbed_0,1,706360,0.0,0.0,0.0,3.7691000034101307,5.297700000000001
SYNAPSE,10000,2,task_028::perturbed_1,perturbed_1,1,971,1.0,0.0,0.5,12.755000003380701,0.007282500000000001
MCP,10000,2,task_028::perturbed_1,perturbed_1,1,706360,0.0,0.0,0.0,2.8987000114284456,5.297700000000001
SYNAPSE,10000,2,task_029::clean,clean,1,978,1.0,1.0,1.0,13.31009999557864,0.007335
MCP,10000,2,task_029::clean,clean,1,706360,0.0,0.0,0.0,3.653499996289611,5.297700000000001
SYNAPSE,10000,2,task_029::perturbed_0,perturbed_0,1,970,0.0,0.0,0.0,17.36199999868404,0.007275
MCP,10000,2,task_029::perturbed_0,perturbed_0,1,706360,0.0,0.0,0.0,3.9630999963264912,5.297700000000001
SYNAPSE,10000,2,task_029::perturbed_1,perturbed_1,1,970,0.0,0.0,0.0,14.600299997255206,0.007275
MCP,10000,2,task_029::perturbed_1,perturbed_1,1,706360,0.0,0.0,0.0,2.086399996187538,5.297700000000001
SYNAPSE,10000,3,task_000::clean,clean,1,1010,1.0,1.0,1.0,9.942999997292645,0.007575000000000001
MCP,10000,3,task_000::clean,clean,1,706754,0.0,0.0,0.0,4.3249999871477485,5.300655000000001
SYNAPSE,10000,3,task_000::perturbed_0,perturbed_0,1,1009,1.0,1.0,1.0,8.547000004909933,0.0075675000000000004
MCP,10000,3,task_000::perturbed_0,perturbed_0,1,706754,0.0,0.0,0.0,2.815799991367385,5.300655000000001
SYNAPSE,10000,3,task_000::perturbed_1,perturbed_1,0,1003,1.0,1.0,1.0,2.948099994682707,0.0075225000000000005
MCP,10000,3,task_000::perturbed_1,perturbed_1,0,706754,0.0,0.0,0.0,2.6654000103008,5.300655000000001
SYNAPSE,10000,3,task_001::clean,clean,1,1012,1.0,1.0,1.0,8.919100000639446,0.00759
MCP,10000,3,task_001::clean,clean,1,706754,0.0,0.0,0.0,2.2424999915529042,5.300655000000001
SYNAPSE,10000,3,task_001::perturbed_0,perturbed_0,0,980,0.0,0.0,0.0,1.5722999960416928,0.007350000000000001
MCP,10000,3,task_001::perturbed_0,perturbed_0,0,706754,0.0,0.0,0.0,0.9359999967273325,5.300655000000001
SYNAPSE,10000,3,task_001::perturbed_1,perturbed_1,1,1012,1.0,1.0,1.0,4.6165999956429005,0.00759
MCP,10000,3,task_001::perturbed_1,perturbed_1,1,706754,0.0,0.0,0.0,1.0999000078300014,5.300655000000001
SYNAPSE,10000,3,task_002::clean,clean,1,978,1.0,1.0,1.0,16.10209999489598,0.007335
MCP,10000,3,task_002::clean,clean,1,706754,0.0,0.0,0.0,5.363499993109144,5.300655000000001
SYNAPSE,10000,3,task_002::perturbed_0,perturbed_0,1,978,0.0,0.0,0.0,19.052499992540106,0.007335
MCP,10000,3,task_002::perturbed_0,perturbed_0,1,706754,0.0,0.0,0.0,6.009200005792081,5.300655000000001
SYNAPSE,10000,3,task_002::perturbed_1,perturbed_1,1,973,1.0,0.0,0.3333333333333333,11.69810000283178,0.0072975
MCP,10000,3,task_002::perturbed_1,perturbed_1,1,706754,0.0,0.0,0.0,4.046600006404333,5.300655000000001
SYNAPSE,10000,3,task_003::clean,clean,1,969,1.0,1.0,1.0,12.904499992146157,0.0072675000000000005
MCP,10000,3,task_003::clean,clean,1,706754,0.0,0.0,0.0,3.042500000447035,5.300655000000001
SYNAPSE,10000,3,task_003::perturbed_0,perturbed_0,1,969,1.0,1.0,1.0,11.368100007530302,0.0072675000000000005
MCP,10000,3,task_003::perturbed_0,perturbed_0,1,706754,0.0,0.0,0.0,2.856799997971393,5.300655000000001
SYNAPSE,10000,3,task_003::perturbed_1,perturbed_1,1,973,1.0,1.0,1.0,16.24670000455808,0.0072975
MCP,10000,3,task_003::perturbed_1,perturbed_1,1,706754,0.0,0.0,0.0,4.542299997410737,5.300655000000001
SYNAPSE,10000,3,task_004::clean,clean,1,983,1.0,1.0,1.0,16.652200007229112,0.007372500000000001
MCP,10000,3,task_004::clean,clean,1,706754,0.0,0.0,0.0,4.711400004453026,5.300655000000001
SYNAPSE,10000,3,task_004::perturbed_0,perturbed_0,1,987,1.0,1.0,1.0,20.327100006397814,0.0074025
MCP,10000,3,task_004::perturbed_0,perturbed_0,1,706754,0.0,0.0,0.0,4.309700001613237,5.300655000000001
SYNAPSE,10000,3,task_004::perturbed_1,perturbed_1,1,987,1.0,1.0,1.0,14.399799998500384,0.0074025
MCP,10000,3,task_004::perturbed_1,perturbed_1,1,706754,0.0,0.0,0.0,3.564900005585514,5.300655000000001
SYNAPSE,10000,3,task_005::clean,clean,1,994,1.0,1.0,1.0,6.06270000571385,0.007455000000000001
MCP,10000,3,task_005::clean,clean,1,706754,0.0,0.0,0.0,3.498499994748272,5.300655000000001
SYNAPSE,10000,3,task_005::perturbed_0,perturbed_0,1,994,1.0,1.0,1.0,7.173799996962771,0.007455000000000001
MCP,10000,3,task_005::perturbed_0,perturbed_0,1,706754,0.0,0.0,0.0,3.324999997857958,5.300655000000001
SYNAPSE,10000,3,task_005::perturbed_1,perturbed_1,1,989,1.0,1.0,1.0,7.067800004733726,0.0074175000000000005
MCP,10000,3,task_005::perturbed_1,perturbed_1,1,706754,0.0,0.0,0.0,3.158499996061437,5.300655000000001
SYNAPSE,10000,3,task_006::clean,clean,1,985,1.0,1.0,1.0,12.373900011880323,0.007387500000000001
MCP,10000,3,task_006::clean,clean,1,706754,0.0,0.0,0.0,2.785999997286126,5.300655000000001
SYNAPSE,10000,3,task_006::perturbed_0,perturbed_0,1,983,1.0,1.0,1.0,12.730000002193265,0.007372500000000001
MCP,10000,3,task_006::perturbed_0,perturbed_0,1,706754,0.0,0.0,0.0,2.7277999906800687,5.300655000000001
SYNAPSE,10000,3,task_006::perturbed_1,perturbed_1,1,985,1.0,1.0,1.0,9.858499994152226,0.007387500000000001
MCP,10000,3,task_006::perturbed_1,perturbed_1,1,706754,0.0,0.0,0.0,2.8138999914517626,5.300655000000001
SYNAPSE,10000,3,task_007::clean,clean,1,967,1.0,1.0,1.0,11.517599996295758,0.0072525
MCP,10000,3,task_007::clean,clean,1,706754,0.0,0.0,0.0,2.679800003534183,5.300655000000001
SYNAPSE,10000,3,task_007::perturbed_0,perturbed_0,0,966,0.0,0.0,0.0,2.823500006343238,0.007245000000000001
MCP,10000,3,task_007::perturbed_0,perturbed_0,0,706754,0.0,0.0,0.0,2.6265000051353127,5.300655000000001
SYNAPSE,10000,3,task_007::perturbed_1,perturbed_1,1,960,0.0,0.0,0.0,12.52560000284575,0.007200000000000001
MCP,10000,3,task_007::perturbed_1,perturbed_1,1,706754,0.0,0.0,0.0,2.7104000037070364,5.300655000000001
SYNAPSE,10000,3,task_008::clean,clean,1,976,1.0,1.0,1.0,12.841500007198192,0.007320000000000001
MCP,10000,3,task_008::clean,clean,1,706754,0.0,0.0,0.0,2.8907999949296936,5.300655000000001
SYNAPSE,10000,3,task_008::perturbed_0,perturbed_0,1,979,1.0,1.0,1.0,12.465700012398884,0.007342500000000001
MCP,10000,3,task_008::perturbed_0,perturbed_0,1,706754,0.0,0.0,0.0,3.554499999154359,5.300655000000001
SYNAPSE,10000,3,task_008::perturbed_1,perturbed_1,1,977,1.0,1.0,1.0,19.41839999926742,0.007327500000000001
MCP,10000,3,task_008::perturbed_1,perturbed_1,1,706754,0.0,0.0,0.0,3.784300002735108,5.300655000000001
SYNAPSE,10000,3,task_009::clean,clean,1,983,1.0,1.0,1.0,19.46590001170989,0.007372500000000001
MCP,10000,3,task_009::clean,clean,1,706754,0.0,0.0,0.0,6.143899998278357,5.300655000000001
SYNAPSE,10000,3,task_009::perturbed_0,perturbed_0,0,989,0.0,0.0,0.0,3.9228999958140776,0.0074175000000000005
MCP,10000,3,task_009::perturbed_0,perturbed_0,0,706754,0.0,0.0,0.0,2.7325999981258065,5.300655000000001
SYNAPSE,10000,3,task_009::perturbed_1,perturbed_1,1,679,0.0,0.0,0.0,16.548500003409572,0.005092500000000001
MCP,10000,3,task_009::perturbed_1,perturbed_1,1,706754,0.0,0.0,0.0,4.01659999624826,5.300655000000001
SYNAPSE,10000,3,task_010::clean,clean,1,987,1.0,1.0,1.0,8.87479999801144,0.0074025
MCP,10000,3,task_010::clean,clean,1,706754,0.0,0.0,0.0,3.5949000011896715,5.300655000000001
SYNAPSE,10000,3,task_010::perturbed_0,perturbed_0,1,981,1.0,0.0,0.5,11.897499993210658,0.0073575
MCP,10000,3,task_010::perturbed_0,perturbed_0,1,706754,0.0,0.0,0.0,3.564600003301166,5.300655000000001
SYNAPSE,10000,3,task_010::perturbed_1,perturbed_1,1,981,1.0,0.0,0.3333333333333333,11.795800004620105,0.0073575
MCP,10000,3,task_010::perturbed_1,perturbed_1,1,706754,0.0,0.0,0.0,3.8698999996995553,5.300655000000001
SYNAPSE,10000,3,task_011::clean,clean,1,994,1.0,1.0,1.0,12.716299999738112,0.007455000000000001
MCP,10000,3,task_011::clean,clean,1,706754,0.0,0.0,0.0,2.846300005330704,5.300655000000001
SYNAPSE,10000,3,task_011::perturbed_0,perturbed_0,1,1004,1.0,0.0,0.5,14.736299999640323,0.00753
MCP,10000,3,task_011::perturbed_0,perturbed_0,1,706754,0.0,0.0,0.0,2.9722000035690144,5.300655000000001
SYNAPSE,10000,3,task_011::perturbed_1,perturbed_1,0,993,0.0,0.0,0.0,3.3433000062359497,0.007447500000000001
MCP,10000,3,task_011::perturbed_1,perturbed_1,0,706754,0.0,0.0,0.0,3.033900007721968,5.300655000000001
SYNAPSE,10000,3,task_012::clean,clean,1,982,1.0,1.0,1.0,15.035300006275065,0.007365000000000001
MCP,10000,3,task_012::clean,clean,1,706754,0.0,0.0,0.0,3.0879000114509836,5.300655000000001
SYNAPSE,10000,3,task_012::perturbed_0,perturbed_0,0,982,0.0,0.0,0.0,4.276100007700734,0.007365000000000001
MCP,10000,3,task_012::perturbed_0,perturbed_0,0,706754,0.0,0.0,0.0,3.587100000004284,5.300655000000001
SYNAPSE,10000,3,task_012::perturbed_1,perturbed_1,0,986,0.0,0.0,0.0,4.538000008324161,0.0073950000000000005
MCP,10000,3,task_012::perturbed_1,perturbed_1,0,706754,0.0,0.0,0.0,3.7754000077256933,5.300655000000001
SYNAPSE,10000,3,task_013::clean,clean,1,979,1.0,1.0,1.0,16.097200001240708,0.007342500000000001
MCP,10000,3,task_013::clean,clean,1,706754,0.0,0.0,0.0,3.609799998230301,5.300655000000001
SYNAPSE,10000,3,task_013::perturbed_0,perturbed_0,0,978,0.0,0.0,0.0,3.569299995433539,0.007335
MCP,10000,3,task_013::perturbed_0,perturbed_0,0,706754,0.0,0.0,0.0,2.8803000022890046,5.300655000000001
SYNAPSE,10000,3,task_013::perturbed_1,perturbed_1,0,975,0.0,0.0,0.0,2.932499992311932,0.0073125
MCP,10000,3,task_013::perturbed_1,perturbed_1,0,706754,0.0,0.0,0.0,2.920700004324317,5.300655000000001
SYNAPSE,10000,3,task_014::clean,clean,1,1020,1.0,1.0,1.0,14.411299998755567,0.0076500000000000005
MCP,10000,3,task_014::clean,clean,1,706754,1.0,1.0,1.0,2.8812999953515828,5.300655000000001
SYNAPSE,10000,3,task_014::perturbed_0,perturbed_0,1,1020,1.0,1.0,1.0,14.937799991457723,0.0076500000000000005
MCP,10000,3,task_014::perturbed_0,perturbed_0,1,706754,1.0,1.0,1.0,2.9771000117762014,5.300655000000001
SYNAPSE,10000,3,task_014::perturbed_1,perturbed_1,0,1016,1.0,1.0,1.0,3.744500005268492,0.007620000000000001
MCP,10000,3,task_014::perturbed_1,perturbed_1,0,706754,1.0,0.0,0.25,2.589100011391565,5.300655000000001
SYNAPSE,10000,3,task_015::clean,clean,1,994,1.0,1.0,1.0,6.726899999193847,0.007455000000000001
MCP,10000,3,task_015::clean,clean,1,706754,0.0,0.0,0.0,2.9720000020461157,5.300655000000001
SYNAPSE,10000,3,task_015::perturbed_0,perturbed_0,1,991,1.0,1.0,1.0,6.299899992882274,0.007432500000000001
MCP,10000,3,task_015::perturbed_0,perturbed_0,1,706754,0.0,0.0,0.0,3.9735999889671803,5.300655000000001
SYNAPSE,10000,3,task_015::perturbed_1,perturbed_1,1,982,1.0,0.0,0.5,6.846199990832247,0.007365000000000001
MCP,10000,3,task_015::perturbed_1,perturbed_1,1,706754,0.0,0.0,0.0,3.7643999967258424,5.300655000000001
SYNAPSE,10000,3,task_016::clean,clean,1,998,1.0,1.0,1.0,17.373299997416325,0.007485
MCP,10000,3,task_016::clean,clean,1,706754,0.0,0.0,0.0,3.9198999875225127,5.300655000000001
SYNAPSE,10000,3,task_016::perturbed_0,perturbed_0,1,998,1.0,1.0,1.0,12.771699999575503,0.007485
MCP,10000,3,task_016::perturbed_0,perturbed_0,1,706754,0.0,0.0,0.0,3.180999992764555,5.300655000000001
SYNAPSE,10000,3,task_016::perturbed_1,perturbed_1,1,1007,1.0,1.0,1.0,10.396900004707277,0.0075525
MCP,10000,3,task_016::perturbed_1,perturbed_1,1,706754,0.0,0.0,0.0,3.1076000013854355,5.300655000000001
SYNAPSE,10000,3,task_017::clean,clean,1,993,1.0,1.0,1.0,14.78779999888502,0.007447500000000001
MCP,10000,3,task_017::clean,clean,1,706754,0.0,0.0,0.0,3.4176999906776473,5.300655000000001
SYNAPSE,10000,3,task_017::perturbed_0,perturbed_0,0,990,1.0,1.0,1.0,5.702099995687604,0.007425
MCP,10000,3,task_017::perturbed_0,perturbed_0,0,706754,0.0,0.0,0.0,2.678599994396791,5.300655000000001
SYNAPSE,10000,3,task_017::perturbed_1,perturbed_1,1,992,1.0,0.0,0.5,12.571200000820681,0.00744
MCP,10000,3,task_017::perturbed_1,perturbed_1,1,706754,0.0,0.0,0.0,3.7933999992674217,5.300655000000001
SYNAPSE,10000,3,task_018::clean,clean,1,969,1.0,1.0,1.0,16.923799994401634,0.0072675000000000005
MCP,10000,3,task_018::clean,clean,1,706754,0.0,0.0,0.0,2.9242000018712133,5.300655000000001
SYNAPSE,10000,3,task_018::perturbed_0,perturbed_0,1,958,0.0,0.0,0.0,15.47160001064185,0.007185
MCP,10000,3,task_018::perturbed_0,perturbed_0,1,706754,0.0,0.0,0.0,3.068699996219948,5.300655000000001
SYNAPSE,10000,3,task_018::perturbed_1,perturbed_1,1,969,1.0,1.0,1.0,12.734500007354654,0.0072675000000000005
MCP,10000,3,task_018::perturbed_1,perturbed_1,1,706754,0.0,0.0,0.0,2.749999999650754,5.300655000000001
SYNAPSE,10000,3,task_019::clean,clean,1,971,1.0,1.0,1.0,12.114499986637384,0.007282500000000001
MCP,10000,3,task_019::clean,clean,1,706754,0.0,0.0,0.0,2.777700006845407,5.300655000000001
SYNAPSE,10000,3,task_019::perturbed_0,perturbed_0,1,679,0.0,0.0,0.0,14.508399995975196,0.005092500000000001
MCP,10000,3,task_019::perturbed_0,perturbed_0,1,706754,0.0,0.0,0.0,3.2924999977694824,5.300655000000001
SYNAPSE,10000,3,task_019::perturbed_1,perturbed_1,1,987,1.0,1.0,1.0,12.260500006959774,0.0074025
MCP,10000,3,task_019::perturbed_1,perturbed_1,1,706754,0.0,0.0,0.0,2.999400006956421,5.300655000000001
SYNAPSE,10000,3,task_020::clean,clean,1,988,1.0,1.0,1.0,6.505400000605732,0.007410000000000001
MCP,10000,3,task_020::clean,clean,1,706754,0.0,0.0,0.0,2.8654999914579093,5.300655000000001
SYNAPSE,10000,3,task_020::perturbed_0,perturbed_0,1,988,1.0,1.0,1.0,7.523899999796413,0.007410000000000001
MCP,10000,3,task_020::perturbed_0,perturbed_0,1,706754,0.0,0.0,0.0,3.611099993577227,5.300655000000001
SYNAPSE,10000,3,task_020::perturbed_1,perturbed_1,0,976,0.0,0.0,0.0,3.3497999975224957,0.007320000000000001
MCP,10000,3,task_020::perturbed_1,perturbed_1,0,706754,0.0,0.0,0.0,3.466899986960925,5.300655000000001
SYNAPSE,10000,3,task_021::clean,clean,1,985,1.0,1.0,1.0,10.248599995975383,0.007387500000000001
MCP,10000,3,task_021::clean,clean,1,706754,0.0,0.0,0.0,2.881899999920279,5.300655000000001
SYNAPSE,10000,3,task_021::perturbed_0,perturbed_0,0,983,0.0,0.0,0.0,3.3096999977715313,0.007372500000000001
MCP,10000,3,task_021::perturbed_0,perturbed_0,0,706754,0.0,0.0,0.0,3.1172000017249957,5.300655000000001
SYNAPSE,10000,3,task_021::perturbed_1,perturbed_1,1,985,1.0,1.0,1.0,11.677700007567182,0.007387500000000001
MCP,10000,3,task_021::perturbed_1,perturbed_1,1,706754,0.0,0.0,0.0,3.005899998242967,5.300655000000001
SYNAPSE,10000,3,task_022::clean,clean,1,973,1.0,1.0,1.0,11.520800006110221,0.0072975
MCP,10000,3,task_022::clean,clean,1,706754,0.0,0.0,0.0,4.2609999945852906,5.300655000000001
SYNAPSE,10000,3,task_022::perturbed_0,perturbed_0,0,969,0.0,0.0,0.0,3.245600004447624,0.0072675000000000005
MCP,10000,3,task_022::perturbed_0,perturbed_0,0,706754,0.0,0.0,0.0,3.1095000013010576,5.300655000000001
SYNAPSE,10000,3,task_022::perturbed_1,perturbed_1,1,967,0.0,0.0,0.0,12.995299999602139,0.0072525
MCP,10000,3,task_022::perturbed_1,perturbed_1,1,706754,0.0,0.0,0.0,3.6111999943386763,5.300655000000001
SYNAPSE,10000,3,task_023::clean,clean,1,982,1.0,1.0,1.0,13.402500000665896,0.007365000000000001
MCP,10000,3,task_023::clean,clean,1,706754,0.0,0.0,0.0,2.6796999882208183,5.300655000000001
SYNAPSE,10000,3,task_023::perturbed_0,perturbed_0,0,679,0.0,0.0,0.0,4.297199993743561,0.005092500000000001
MCP,10000,3,task_023::perturbed_0,perturbed_0,0,706754,0.0,0.0,0.0,7.241800005431287,5.300655000000001
SYNAPSE,10000,3,task_023::perturbed_1,perturbed_1,0,978,1.0,1.0,1.0,4.533999992418103,0.007335
MCP,10000,3,task_023::perturbed_1,perturbed_1,0,706754,0.0,0.0,0.0,3.173000004608184,5.300655000000001
SYNAPSE,10000,3,task_024::clean,clean,1,964,1.0,1.0,1.0,14.109000010648742,0.00723
MCP,10000,3,task_024::clean,clean,1,706754,0.0,0.0,0.0,2.8012000111630186,5.300655000000001
SYNAPSE,10000,3,task_024::perturbed_0,perturbed_0,0,972,0.0,0.0,0.0,2.926000001025386,0.0072900000000000005
MCP,10000,3,task_024::perturbed_0,perturbed_0,0,706754,0.0,0.0,0.0,2.82839999999851,5.300655000000001
SYNAPSE,10000,3,task_024::perturbed_1,perturbed_1,1,964,1.0,1.0,1.0,15.190000005532056,0.00723
MCP,10000,3,task_024::perturbed_1,perturbed_1,1,706754,0.0,0.0,0.0,2.824199997121468,5.300655000000001
SYNAPSE,10000,3,task_025::clean,clean,1,989,1.0,1.0,1.0,8.851600010530092,0.0074175000000000005
MCP,10000,3,task_025::clean,clean,1,706754,0.0,0.0,0.0,4.12849998974707,5.300655000000001
SYNAPSE,10000,3,task_025::perturbed_0,perturbed_0,1,994,1.0,1.0,1.0,5.894999994779937,0.007455000000000001
MCP,10000,3,task_025::perturbed_0,perturbed_0,1,706754,0.0,0.0,0.0,2.7987000066787004,5.300655000000001
SYNAPSE,10000,3,task_025::perturbed_1,perturbed_1,1,996,1.0,1.0,1.0,5.747200004407205,0.007470000000000001
MCP,10000,3,task_025::perturbed_1,perturbed_1,1,706754,0.0,0.0,0.0,3.0213999998522922,5.300655000000001
SYNAPSE,10000,3,task_026::clean,clean,1,1011,1.0,1.0,1.0,12.095999991288409,0.007582500000000001
MCP,10000,3,task_026::clean,clean,1,706754,0.0,0.0,0.0,3.9508000045316294,5.300655000000001
SYNAPSE,10000,3,task_026::perturbed_0,perturbed_0,1,1012,1.0,1.0,1.0,10.942900000372902,0.00759
MCP,10000,3,task_026::perturbed_0,perturbed_0,1,706754,0.0,0.0,0.0,3.02689999807626,5.300655000000001
SYNAPSE,10000,3,task_026::perturbed_1,perturbed_1,0,1007,0.0,0.0,0.0,4.613900004187599,0.0075525
MCP,10000,3,task_026::perturbed_1,perturbed_1,0,706754,0.0,0.0,0.0,3.271099994890392,5.300655000000001
SYNAPSE,10000,3,task_027::clean,clean,1,971,1.0,1.0,1.0,14.24570000381209,0.007282500000000001
MCP,10000,3,task_027::clean,clean,1,706754,0.0,0.0,0.0,3.1956999882822856,5.300655000000001
SYNAPSE,10000,3,task_027::perturbed_0,perturbed_0,1,965,0.0,0.0,0.0,16.31669999915175,0.007237500000000001
MCP,10000,3,task_027::perturbed_0,perturbed_0,1,706754,0.0,0.0,0.0,3.906700003426522,5.300655000000001
SYNAPSE,10000,3,task_027::perturbed_1,perturbed_1,1,965,1.0,0.0,0.25,12.810499989427626,0.007237500000000001
MCP,10000,3,task_027::perturbed_1,perturbed_1,1,706754,0.0,0.0,0.0,3.6693000001832843,5.300655000000001
SYNAPSE,10000,3,task_028::clean,clean,1,966,1.0,1.0,1.0,14.520199998514727,0.007245000000000001
MCP,10000,3,task_028::clean,clean,1,706754,0.0,0.0,0.0,2.83060000219848,5.300655000000001
SYNAPSE,10000,3,task_028::perturbed_0,perturbed_0,0,963,0.0,0.0,0.0,2.8906999941682443,0.007222500000000001
MCP,10000,3,task_028::perturbed_0,perturbed_0,0,706754,0.0,0.0,0.0,2.5661000108812004,5.300655000000001
SYNAPSE,10000,3,task_028::perturbed_1,perturbed_1,0,968,0.0,0.0,0.0,2.993900008732453,0.007260000000000001
MCP,10000,3,task_028::perturbed_1,perturbed_1,0,706754,0.0,0.0,0.0,2.888799994252622,5.300655000000001
SYNAPSE,10000,3,task_029::clean,clean,1,975,1.0,0.0,0.5,15.48719999846071,0.0073125
MCP,10000,3,task_029::clean,clean,1,706754,0.0,0.0,0.0,3.085999996983446,5.300655000000001
SYNAPSE,10000,3,task_029::perturbed_0,perturbed_0,1,977,0.0,0.0,0.0,14.537499999278225,0.007327500000000001
MCP,10000,3,task_029::perturbed_0,perturbed_0,1,706754,0.0,0.0,0.0,3.3189000096172094,5.300655000000001
SYNAPSE,10000,3,task_029::perturbed_1,perturbed_1,0,968,0.0,0.0,0.0,3.0036999960429966,0.007260000000000001
MCP,10000,3,task_029::perturbed_1,perturbed_1,0,706754,0.0,0.0,0.0,3.502199993818067,5.300655000000001
SYNAPSE,10000,4,task_000::clean,clean,1,1011,1.0,1.0,1.0,7.195600002887659,0.007582500000000001
MCP,10000,4,task_000::clean,clean,1,706487,0.0,0.0,0.0,3.29359999159351,5.2986525
SYNAPSE,10000,4,task_000::perturbed_0,perturbed_0,0,989,0.0,0.0,0.0,3.7435999984154478,0.0074175000000000005
MCP,10000,4,task_000::perturbed_0,perturbed_0,0,706487,0.0,0.0,0.0,3.231100010452792,5.2986525
SYNAPSE,10000,4,task_000::perturbed_1,perturbed_1,1,1011,1.0,1.0,1.0,15.7753999956185,0.007582500000000001
MCP,10000,4,task_000::perturbed_1,perturbed_1,1,706487,0.0,0.0,0.0,5.057000002125278,5.2986525
SYNAPSE,10000,4,task_001::clean,clean,1,989,1.0,1.0,1.0,15.9509000077378,0.0074175000000000005
MCP,10000,4,task_001::clean,clean,1,706487,0.0,0.0,0.0,3.242899998440407,5.2986525
SYNAPSE,10000,4,task_001::perturbed_0,perturbed_0,1,1002,1.0,0.0,0.5,15.340099998866208,0.007515000000000001
MCP,10000,4,task_001::perturbed_0,perturbed_0,1,706487,0.0,0.0,0.0,3.3841000113170594,5.2986525
SYNAPSE,10000,4,task_001::perturbed_1,perturbed_1,1,993,1.0,1.0,1.0,16.02870000351686,0.007447500000000001
MCP,10000,4,task_001::perturbed_1,perturbed_1,1,706487,0.0,0.0,0.0,4.49300000036601,5.2986525
SYNAPSE,10000,4,task_002::clean,clean,1,981,1.0,1.0,1.0,20.367299992358312,0.0073575
MCP,10000,4,task_002::clean,clean,1,706487,0.0,0.0,0.0,3.243400002247654,5.2986525
SYNAPSE,10000,4,task_002::perturbed_0,perturbed_0,0,981,0.0,0.0,0.0,3.4942999918712303,0.0073575
MCP,10000,4,task_002::perturbed_0,perturbed_0,0,706487,0.0,0.0,0.0,3.148100004182197,5.2986525
SYNAPSE,10000,4,task_002::perturbed_1,perturbed_1,0,979,0.0,0.0,0.0,4.595400008838624,0.007342500000000001
MCP,10000,4,task_002::perturbed_1,perturbed_1,0,706487,0.0,0.0,0.0,3.6764999967999756,5.2986525
SYNAPSE,10000,4,task_003::clean,clean,1,978,1.0,1.0,1.0,17.497199994977564,0.007335
MCP,10000,4,task_003::clean,clean,1,706487,0.0,0.0,0.0,5.029899999499321,5.2986525
SYNAPSE,10000,4,task_003::perturbed_0,perturbed_0,1,976,1.0,1.0,1.0,15.723000004072674,0.007320000000000001
MCP,10000,4,task_003::perturbed_0,perturbed_0,1,706487,0.0,0.0,0.0,3.046500001801178,5.2986525
SYNAPSE,10000,4,task_003::perturbed_1,perturbed_1,1,978,1.0,1.0,1.0,16.162400002940558,0.007335
MCP,10000,4,task_003::perturbed_1,perturbed_1,1,706487,0.0,0.0,0.0,4.996399991796352,5.2986525
SYNAPSE,10000,4,task_004::clean,clean,1,976,1.0,1.0,1.0,18.313799999305047,0.007320000000000001
MCP,10000,4,task_004::clean,clean,1,706487,0.0,0.0,0.0,4.44190000416711,5.2986525
SYNAPSE,10000,4,task_004::perturbed_0,perturbed_0,0,970,0.0,0.0,0.0,4.417499992996454,0.007275
MCP,10000,4,task_004::perturbed_0,perturbed_0,0,706487,0.0,0.0,0.0,5.3958000062266365,5.2986525
SYNAPSE,10000,4,task_004::perturbed_1,perturbed_1,1,974,1.0,1.0,1.0,12.3328999907244,0.007305000000000001
MCP,10000,4,task_004::perturbed_1,perturbed_1,1,706487,0.0,0.0,0.0,2.1603000059258193,5.2986525
SYNAPSE,10000,4,task_005::clean,clean,1,998,1.0,1.0,1.0,5.764899993664585,0.007485
MCP,10000,4,task_005::clean,clean,1,706487,0.0,0.0,0.0,13.968200000817887,5.2986525
SYNAPSE,10000,4,task_005::perturbed_0,perturbed_0,0,988,0.0,0.0,0.0,5.266499996650964,0.007410000000000001
MCP,10000,4,task_005::perturbed_0,perturbed_0,0,706487,0.0,0.0,0.0,5.847599997650832,5.2986525
SYNAPSE,10000,4,task_005::perturbed_1,perturbed_1,0,1001,1.0,1.0,1.0,4.332700002123602,0.0075075
MCP,10000,4,task_005::perturbed_1,perturbed_1,0,706487,0.0,0.0,0.0,5.310700013069436,5.2986525
SYNAPSE,10000,4,task_006::clean,clean,1,991,1.0,1.0,1.0,16.172799994819798,0.007432500000000001
MCP,10000,4,task_006::clean,clean,1,706487,0.0,0.0,0.0,4.136100003961474,5.2986525
SYNAPSE,10000,4,task_006::perturbed_0,perturbed_0,1,993,1.0,1.0,1.0,17.316700002993457,0.007447500000000001
MCP,10000,4,task_006::perturbed_0,perturbed_0,1,706487,0.0,0.0,0.0,3.279399999883026,5.2986525
SYNAPSE,10000,4,task_006::perturbed_1,perturbed_1,1,991,1.0,1.0,1.0,18.02450000832323,0.007432500000000001
MCP,10000,4,task_006::perturbed_1,perturbed_1,1,706487,0.0,0.0,0.0,7.277099997736514,5.2986525
SYNAPSE,10000,4,task_007::clean,clean,1,967,1.0,1.0,1.0,19.172600004822016,0.0072525
MCP,10000,4,task_007::clean,clean,1,706487,0.0,0.0,0.0,3.2814000005600974,5.2986525
SYNAPSE,10000,4,task_007::perturbed_0,perturbed_0,0,961,0.0,0.0,0.0,3.4967999963555485,0.0072075
MCP,10000,4,task_007::perturbed_0,perturbed_0,0,706487,0.0,0.0,0.0,2.965399995446205,5.2986525
SYNAPSE,10000,4,task_007::perturbed_1,perturbed_1,1,964,1.0,1.0,1.0,19.552600002498366,0.00723
MCP,10000,4,task_007::perturbed_1,perturbed_1,1,706487,0.0,0.0,0.0,3.615000008721836,5.2986525
SYNAPSE,10000,4,task_008::clean,clean,1,979,1.0,1.0,1.0,17.503300012322143,0.007342500000000001
MCP,10000,4,task_008::clean,clean,1,706487,0.0,0.0,0.0,5.686999997124076,5.2986525
SYNAPSE,10000,4,task_008::perturbed_0,perturbed_0,0,980,0.0,0.0,0.0,5.821500002639368,0.007350000000000001
MCP,10000,4,task_008::perturbed_0,perturbed_0,0,706487,0.0,0.0,0.0,3.5470000002533197,5.2986525
SYNAPSE,10000,4,task_008::perturbed_1,perturbed_1,1,975,1.0,1.0,1.0,16.600999995716847,0.0073125
MCP,10000,4,task_008::perturbed_1,perturbed_1,1,706487,0.0,0.0,0.0,5.813199997646734,5.2986525
SYNAPSE,10000,4,task_009::clean,clean,1,986,1.0,1.0,1.0,15.249000003677793,0.0073950000000000005
MCP,10000,4,task_009::clean,clean,1,706487,0.0,0.0,0.0,3.034800000023097,5.2986525
SYNAPSE,10000,4,task_009::perturbed_0,perturbed_0,0,983,0.0,0.0,0.0,4.775399997015484,0.007372500000000001
MCP,10000,4,task_009::perturbed_0,perturbed_0,0,706487,0.0,0.0,0.0,3.060600007302128,5.2986525
SYNAPSE,10000,4,task_009::perturbed_1,perturbed_1,1,679,0.0,0.0,0.0,15.97530000435654,0.005092500000000001
MCP,10000,4,task_009::perturbed_1,perturbed_1,1,706487,0.0,0.0,0.0,3.365200012922287,5.2986525
SYNAPSE,10000,4,task_010::clean,clean,1,996,1.0,1.0,1.0,7.344500001636334,0.007470000000000001
MCP,10000,4,task_010::clean,clean,1,706487,0.0,0.0,0.0,3.2095000060508028,5.2986525
SYNAPSE,10000,4,task_010::perturbed_0,perturbed_0,0,679,0.0,0.0,0.0,4.354699995019473,0.005092500000000001
MCP,10000,4,task_010::perturbed_0,perturbed_0,0,706487,0.0,0.0,0.0,4.0557999891461805,5.2986525
SYNAPSE,10000,4,task_010::perturbed_1,perturbed_1,1,992,1.0,1.0,1.0,6.565500007127412,0.00744
MCP,10000,4,task_010::perturbed_1,perturbed_1,1,706487,0.0,0.0,0.0,3.7330000050133094,5.2986525
SYNAPSE,10000,4,task_011::clean,clean,1,993,1.0,1.0,1.0,11.635599992587231,0.007447500000000001
MCP,10000,4,task_011::clean,clean,1,706487,0.0,0.0,0.0,4.949699999997392,5.2986525
SYNAPSE,10000,4,task_011::perturbed_0,perturbed_0,0,982,0.0,0.0,0.0,4.973600007360801,0.007365000000000001
MCP,10000,4,task_011::perturbed_0,perturbed_0,0,706487,0.0,0.0,0.0,4.590200012899004,5.2986525
SYNAPSE,10000,4,task_011::perturbed_1,perturbed_1,1,995,1.0,0.0,0.5,22.023500001523644,0.0074625
MCP,10000,4,task_011::perturbed_1,perturbed_1,1,706487,0.0,0.0,0.0,12.76260000304319,5.2986525
SYNAPSE,10000,4,task_012::clean,clean,1,989,1.0,1.0,1.0,17.703400008031167,0.0074175000000000005
MCP,10000,4,task_012::clean,clean,1,706487,0.0,0.0,0.0,3.8631000061286613,5.2986525
SYNAPSE,10000,4,task_012::perturbed_0,perturbed_0,0,984,0.0,0.0,0.0,3.7005000049248338,0.00738
MCP,10000,4,task_012::perturbed_0,perturbed_0,0,706487,0.0,0.0,0.0,5.04039999214001,5.2986525
SYNAPSE,10000,4,task_012::perturbed_1,perturbed_1,1,989,1.0,1.0,1.0,17.62649999000132,0.0074175000000000005
MCP,10000,4,task_012::perturbed_1,perturbed_1,1,706487,0.0,0.0,0.0,3.802499995799735,5.2986525
SYNAPSE,10000,4,task_013::clean,clean,1,998,1.0,1.0,1.0,16.047299999627285,0.007485
MCP,10000,4,task_013::clean,clean,1,706487,0.0,0.0,0.0,3.8349000096786767,5.2986525
SYNAPSE,10000,4,task_013::perturbed_0,perturbed_0,0,983,0.0,0.0,0.0,4.223500000080094,0.007372500000000001
MCP,10000,4,task_013::perturbed_0,perturbed_0,0,706487,0.0,0.0,0.0,3.1294000073103234,5.2986525
SYNAPSE,10000,4,task_013::perturbed_1,perturbed_1,1,979,1.0,0.0,0.5,18.237799988128245,0.007342500000000001
MCP,10000,4,task_013::perturbed_1,perturbed_1,1,706487,0.0,0.0,0.0,3.0679999908898026,5.2986525
SYNAPSE,10000,4,task_014::clean,clean,1,1015,1.0,1.0,1.0,18.37119999981951,0.0076125
MCP,10000,4,task_014::clean,clean,1,706487,1.0,1.0,1.0,3.4556000027805567,5.2986525
SYNAPSE,10000,4,task_014::perturbed_0,perturbed_0,1,1003,1.0,0.0,0.14285714285714285,18.931200000224635,0.0075225000000000005
MCP,10000,4,task_014::perturbed_0,perturbed_0,1,706487,1.0,0.0,0.16666666666666666,4.54919999174308,5.2986525
SYNAPSE,10000,4,task_014::perturbed_1,perturbed_1,1,1001,0.0,0.0,0.0,17.511799989733845,0.0075075
MCP,10000,4,task_014::perturbed_1,perturbed_1,1,706487,1.0,0.0,0.125,1.3013999996474013,5.2986525
SYNAPSE,10000,4,task_015::clean,clean,1,1006,1.0,1.0,1.0,13.054999988526106,0.0075450000000000005
MCP,10000,4,task_015::clean,clean,1,706487,0.0,0.0,0.0,3.620699993916787,5.2986525
SYNAPSE,10000,4,task_015::perturbed_0,perturbed_0,1,1006,1.0,1.0,1.0,8.535499990102835,0.0075450000000000005
MCP,10000,4,task_015::perturbed_0,perturbed_0,1,706487,0.0,0.0,0.0,3.7714000063715503,5.2986525
SYNAPSE,10000,4,task_015::perturbed_1,perturbed_1,1,1006,1.0,1.0,1.0,7.150399993406609,0.0075450000000000005
MCP,10000,4,task_015::perturbed_1,perturbed_1,1,706487,0.0,0.0,0.0,2.9614000086439773,5.2986525
SYNAPSE,10000,4,task_016::clean,clean,1,993,1.0,1.0,1.0,12.431000010110438,0.007447500000000001
MCP,10000,4,task_016::clean,clean,1,706487,0.0,0.0,0.0,3.1758999975863844,5.2986525
SYNAPSE,10000,4,task_016::perturbed_0,perturbed_0,0,1004,0.0,0.0,0.0,3.126499999780208,0.00753
MCP,10000,4,task_016::perturbed_0,perturbed_0,0,706487,0.0,0.0,0.0,3.001399993081577,5.2986525
SYNAPSE,10000,4,task_016::perturbed_1,perturbed_1,1,993,1.0,1.0,1.0,10.013199993409216,0.007447500000000001
MCP,10000,4,task_016::perturbed_1,perturbed_1,1,706487,0.0,0.0,0.0,4.9263999972026795,5.2986525
SYNAPSE,10000,4,task_017::clean,clean,1,996,1.0,1.0,1.0,17.799600012949668,0.007470000000000001
MCP,10000,4,task_017::clean,clean,1,706487,0.0,0.0,0.0,3.176399986841716,5.2986525
SYNAPSE,10000,4,task_017::perturbed_0,perturbed_0,0,993,0.0,0.0,0.0,3.1894999992800876,0.007447500000000001
MCP,10000,4,task_017::perturbed_0,perturbed_0,0,706487,0.0,0.0,0.0,3.5059999936493114,5.2986525
SYNAPSE,10000,4,task_017::perturbed_1,perturbed_1,1,989,1.0,0.0,0.5,15.369500004453585,0.0074175000000000005
MCP,10000,4,task_017::perturbed_1,perturbed_1,1,706487,0.0,0.0,0.0,3.4691000037128106,5.2986525
SYNAPSE,10000,4,task_018::clean,clean,1,958,1.0,1.0,1.0,10.256900000968017,0.007185
MCP,10000,4,task_018::clean,clean,1,706487,0.0,0.0,0.0,2.8922000055899844,5.2986525
SYNAPSE,10000,4,task_018::perturbed_0,perturbed_0,1,964,1.0,1.0,1.0,33.72249999665655,0.00723
MCP,10000,4,task_018::perturbed_0,perturbed_0,1,706487,0.0,0.0,0.0,9.13560000481084,5.2986525
SYNAPSE,10000,4,task_018::perturbed_1,perturbed_1,1,958,1.0,1.0,1.0,15.572999996948056,0.007185
MCP,10000,4,task_018::perturbed_1,perturbed_1,1,706487,0.0,0.0,0.0,6.131999994977377,5.2986525
SYNAPSE,10000,4,task_019::clean,clean,1,966,1.0,1.0,1.0,17.965499995625578,0.007245000000000001
MCP,10000,4,task_019::clean,clean,1,706487,0.0,0.0,0.0,3.7680999957956374,5.2986525
SYNAPSE,10000,4,task_019::perturbed_0,perturbed_0,1,965,1.0,1.0,1.0,17.27119999122806,0.007237500000000001
MCP,10000,4,task_019::perturbed_0,perturbed_0,1,706487,0.0,0.0,0.0,3.8779000024078414,5.2986525
SYNAPSE,10000,4,task_019::perturbed_1,perturbed_1,1,976,1.0,1.0,1.0,14.764100007596426,0.007320000000000001
MCP,10000,4,task_019::perturbed_1,perturbed_1,1,706487,0.0,0.0,0.0,4.315199999837205,5.2986525
SYNAPSE,10000,4,task_020::clean,clean,1,994,1.0,1.0,1.0,11.56240000273101,0.007455000000000001
MCP,10000,4,task_020::clean,clean,1,706487,0.0,0.0,0.0,6.589500000700355,5.2986525
SYNAPSE,10000,4,task_020::perturbed_0,perturbed_0,0,986,1.0,0.0,0.16666666666666666,5.819000012706965,0.0073950000000000005
MCP,10000,4,task_020::perturbed_0,perturbed_0,0,706487,0.0,0.0,0.0,4.990700006601401,5.2986525
SYNAPSE,10000,4,task_020::perturbed_1,perturbed_1,0,985,1.0,0.0,0.5,7.734699989669025,0.007387500000000001
MCP,10000,4,task_020::perturbed_1,perturbed_1,0,706487,0.0,0.0,0.0,7.041499993647449,5.2986525
SYNAPSE,10000,4,task_021::clean,clean,1,991,1.0,1.0,1.0,13.131900006555952,0.007432500000000001
MCP,10000,4,task_021::clean,clean,1,706487,0.0,0.0,0.0,7.44729999860283,5.2986525
SYNAPSE,10000,4,task_021::perturbed_0,perturbed_0,1,991,1.0,1.0,1.0,18.25480000115931,0.007432500000000001
MCP,10000,4,task_021::perturbed_0,perturbed_0,1,706487,0.0,0.0,0.0,6.446100000175647,5.2986525
SYNAPSE,10000,4,task_021::perturbed_1,perturbed_1,1,991,1.0,1.0,1.0,13.632300004246645,0.007432500000000001
MCP,10000,4,task_021::perturbed_1,perturbed_1,1,706487,0.0,0.0,0.0,3.604600002290681,5.2986525
SYNAPSE,10000,4,task_022::clean,clean,1,968,1.0,1.0,1.0,16.061400005128235,0.007260000000000001
MCP,10000,4,task_022::clean,clean,1,706487,0.0,0.0,0.0,4.30259999120608,5.2986525
SYNAPSE,10000,4,task_022::perturbed_0,perturbed_0,0,967,1.0,0.0,0.14285714285714285,3.7111999990884215,0.0072525
MCP,10000,4,task_022::perturbed_0,perturbed_0,0,706487,0.0,0.0,0.0,3.2213999947998673,5.2986525
SYNAPSE,10000,4,task_022::perturbed_1,perturbed_1,1,968,1.0,1.0,1.0,13.75739999639336,0.007260000000000001
MCP,10000,4,task_022::perturbed_1,perturbed_1,1,706487,0.0,0.0,0.0,2.8575000033015385,5.2986525
SYNAPSE,10000,4,task_023::clean,clean,1,957,1.0,1.0,1.0,14.126599999144673,0.007177500000000001
MCP,10000,4,task_023::clean,clean,1,706487,0.0,0.0,0.0,3.5672999947564676,5.2986525
SYNAPSE,10000,4,task_023::perturbed_0,perturbed_0,0,958,0.0,0.0,0.0,3.8677999982610345,0.007185
MCP,10000,4,task_023::perturbed_0,perturbed_0,0,706487,0.0,0.0,0.0,2.977299998747185,5.2986525
SYNAPSE,10000,4,task_023::perturbed_1,perturbed_1,1,961,0.0,0.0,0.0,14.077200001338497,0.0072075
MCP,10000,4,task_023::perturbed_1,perturbed_1,1,706487,0.0,0.0,0.0,3.257000003941357,5.2986525
SYNAPSE,10000,4,task_024::clean,clean,1,961,1.0,1.0,1.0,14.383000001544133,0.0072075
MCP,10000,4,task_024::clean,clean,1,706487,0.0,0.0,0.0,3.2082999969134107,5.2986525
SYNAPSE,10000,4,task_024::perturbed_0,perturbed_0,0,960,0.0,0.0,0.0,4.058499995153397,0.007200000000000001
MCP,10000,4,task_024::perturbed_0,perturbed_0,0,706487,0.0,0.0,0.0,3.8326999929267913,5.2986525
SYNAPSE,10000,4,task_024::perturbed_1,perturbed_1,1,964,1.0,1.0,1.0,15.166500001214445,0.00723
MCP,10000,4,task_024::perturbed_1,perturbed_1,1,706487,0.0,0.0,0.0,3.9529000059701502,5.2986525
SYNAPSE,10000,4,task_025::clean,clean,1,999,1.0,1.0,1.0,6.492600005003624,0.007492500000000001
MCP,10000,4,task_025::clean,clean,1,706487,0.0,0.0,0.0,5.141299989190884,5.2986525
SYNAPSE,10000,4,task_025::perturbed_0,perturbed_0,0,995,0.0,0.0,0.0,3.7134000012883916,0.0074625
MCP,10000,4,task_025::perturbed_0,perturbed_0,0,706487,0.0,0.0,0.0,12.13649999408517,5.2986525
SYNAPSE,10000,4,task_025::perturbed_1,perturbed_1,1,988,1.0,1.0,1.0,12.080600004992448,0.007410000000000001
MCP,10000,4,task_025::perturbed_1,perturbed_1,1,706487,0.0,0.0,0.0,3.332899999804795,5.2986525
SYNAPSE,10000,4,task_026::clean,clean,1,1007,1.0,1.0,1.0,15.942400001222268,0.0075525
MCP,10000,4,task_026::clean,clean,1,706487,0.0,0.0,0.0,4.375699994852766,5.2986525
SYNAPSE,10000,4,task_026::perturbed_0,perturbed_0,1,1007,1.0,1.0,1.0,14.326300006359816,0.0075525
MCP,10000,4,task_026::perturbed_0,perturbed_0,1,706487,0.0,0.0,0.0,3.7715999933425337,5.2986525
SYNAPSE,10000,4,task_026::perturbed_1,perturbed_1,1,1007,1.0,1.0,1.0,11.648600004264154,0.0075525
MCP,10000,4,task_026::perturbed_1,perturbed_1,1,706487,0.0,0.0,0.0,3.640299997641705,5.2986525
SYNAPSE,10000,4,task_027::clean,clean,1,967,1.0,1.0,1.0,14.643999995314516,0.0072525
MCP,10000,4,task_027::clean,clean,1,706487,0.0,0.0,0.0,3.087499993853271,5.2986525
SYNAPSE,10000,4,task_027::perturbed_0,perturbed_0,0,679,0.0,0.0,0.0,6.787299993447959,0.005092500000000001
MCP,10000,4,task_027::perturbed_0,perturbed_0,0,706487,0.0,0.0,0.0,3.0670999985886738,5.2986525
SYNAPSE,10000,4,task_027::perturbed_1,perturbed_1,1,679,0.0,0.0,0.0,15.681999997468665,0.005092500000000001
MCP,10000,4,task_027::perturbed_1,perturbed_1,1,706487,0.0,0.0,0.0,4.012599994894117,5.2986525
SYNAPSE,10000,4,task_028::clean,clean,1,967,1.0,1.0,1.0,16.690500007825904,0.0072525
MCP,10000,4,task_028::clean,clean,1,706487,0.0,0.0,0.0,3.756000005523674,5.2986525
SYNAPSE,10000,4,task_028::perturbed_0,perturbed_0,1,974,1.0,0.0,0.3333333333333333,14.616500004194677,0.007305000000000001
MCP,10000,4,task_028::perturbed_0,perturbed_0,1,706487,0.0,0.0,0.0,3.3995999983744696,5.2986525
SYNAPSE,10000,4,task_028::perturbed_1,perturbed_1,0,967,0.0,0.0,0.0,3.470100011327304,0.0072525
MCP,10000,4,task_028::perturbed_1,perturbed_1,0,706487,0.0,0.0,0.0,3.299400006653741,5.2986525
SYNAPSE,10000,4,task_029::clean,clean,1,964,1.0,1.0,1.0,14.664700007415377,0.00723
MCP,10000,4,task_029::clean,clean,1,706487,0.0,0.0,0.0,1.298500006669201,5.2986525
SYNAPSE,10000,4,task_029::perturbed_0,perturbed_0,1,964,1.0,1.0,1.0,20.538400000077672,0.00723
MCP,10000,4,task_029::perturbed_0,perturbed_0,1,706487,0.0,0.0,0.0,3.3342999959131703,5.2986525
SYNAPSE,10000,4,task_029::perturbed_1,perturbed_1,1,972,1.0,1.0,1.0,19.4675999955507,0.0072900000000000005
MCP,10000,4,task_029::perturbed_1,perturbed_1,1,706487,0.0,0.0,0.0,3.233600000385195,5.2986525
SYNAPSE,10000,5,task_000::clean,clean,1,1005,1.0,1.0,1.0,6.779599993024021,0.007537500000000001
MCP,10000,5,task_000::clean,clean,1,706663,0.0,0.0,0.0,5.796500001451932,5.299972500000001
SYNAPSE,10000,5,task_000::perturbed_0,perturbed_0,1,1003,1.0,1.0,1.0,8.816799992928281,0.0075225000000000005
MCP,10000,5,task_000::perturbed_0,perturbed_0,1,706663,0.0,0.0,0.0,3.3141000021714717,5.299972500000001
SYNAPSE,10000,5,task_000::perturbed_1,perturbed_1,1,991,1.0,0.0,0.5,7.3342999967280775,0.007432500000000001
MCP,10000,5,task_000::perturbed_1,perturbed_1,1,706663,0.0,0.0,0.0,3.7606999976560473,5.299972500000001
SYNAPSE,10000,5,task_001::clean,clean,1,991,1.0,1.0,1.0,12.476400006562471,0.007432500000000001
MCP,10000,5,task_001::clean,clean,1,706663,0.0,0.0,0.0,3.1316999957198277,5.299972500000001
SYNAPSE,10000,5,task_001::perturbed_0,perturbed_0,1,993,1.0,0.0,0.5,10.715199998230673,0.007447500000000001
MCP,10000,5,task_001::perturbed_0,perturbed_0,1,706663,0.0,0.0,0.0,3.534700008458458,5.299972500000001
SYNAPSE,10000,5,task_001::perturbed_1,perturbed_1,1,991,1.0,1.0,1.0,11.946799990255386,0.007432500000000001
MCP,10000,5,task_001::perturbed_1,perturbed_1,1,706663,0.0,0.0,0.0,5.451199991512112,5.299972500000001
SYNAPSE,10000,5,task_002::clean,clean,1,982,1.0,1.0,1.0,15.145599987590685,0.007365000000000001
MCP,10000,5,task_002::clean,clean,1,706663,0.0,0.0,0.0,4.82699999702163,5.299972500000001
SYNAPSE,10000,5,task_002::perturbed_0,perturbed_0,0,974,0.0,0.0,0.0,4.95970000338275,0.007305000000000001
MCP,10000,5,task_002::perturbed_0,perturbed_0,0,706663,0.0,0.0,0.0,3.9320000068983063,5.299972500000001
SYNAPSE,10000,5,task_002::perturbed_1,perturbed_1,0,976,0.0,0.0,0.0,4.761299991514534,0.007320000000000001
MCP,10000,5,task_002::perturbed_1,perturbed_1,0,706663,0.0,0.0,0.0,6.990800000494346,5.299972500000001
SYNAPSE,10000,5,task_003::clean,clean,1,965,1.0,1.0,1.0,30.58710000186693,0.007237500000000001
MCP,10000,5,task_003::clean,clean,1,706663,0.0,0.0,0.0,5.745100002968684,5.299972500000001
SYNAPSE,10000,5,task_003::perturbed_0,perturbed_0,1,965,1.0,1.0,1.0,19.992600005934946,0.007237500000000001
MCP,10000,5,task_003::perturbed_0,perturbed_0,1,706663,0.0,0.0,0.0,6.863499991595745,5.299972500000001
SYNAPSE,10000,5,task_003::perturbed_1,perturbed_1,1,965,1.0,0.0,0.3333333333333333,17.852699995273724,0.007237500000000001
MCP,10000,5,task_003::perturbed_1,perturbed_1,1,706663,0.0,0.0,0.0,3.562099998816848,5.299972500000001
SYNAPSE,10000,5,task_004::clean,clean,1,988,1.0,1.0,1.0,18.50869999907445,0.007410000000000001
MCP,10000,5,task_004::clean,clean,1,706663,0.0,0.0,0.0,3.582499994081445,5.299972500000001
SYNAPSE,10000,5,task_004::perturbed_0,perturbed_0,0,963,0.0,0.0,0.0,5.863200000021607,0.007222500000000001
MCP,10000,5,task_004::perturbed_0,perturbed_0,0,706663,0.0,0.0,0.0,4.881700006080791,5.299972500000001
SYNAPSE,10000,5,task_004::perturbed_1,perturbed_1,1,988,1.0,1.0,1.0,16.443999993498437,0.007410000000000001
MCP,10000,5,task_004::perturbed_1,perturbed_1,1,706663,0.0,0.0,0.0,3.4068999957526103,5.299972500000001
SYNAPSE,10000,5,task_005::clean,clean,1,1000,1.0,1.0,1.0,7.076499998220243,0.007500000000000001
MCP,10000,5,task_005::clean,clean,1,706663,0.0,0.0,0.0,3.2324999920092523,5.299972500000001
SYNAPSE,10000,5,task_005::perturbed_0,perturbed_0,1,996,1.0,1.0,1.0,6.872899990412407,0.007470000000000001
MCP,10000,5,task_005::perturbed_0,perturbed_0,1,706663,0.0,0.0,0.0,3.337800008011982,5.299972500000001
SYNAPSE,10000,5,task_005::perturbed_1,perturbed_1,1,996,1.0,1.0,1.0,17.60690000082832,0.007470000000000001
MCP,10000,5,task_005::perturbed_1,perturbed_1,1,706663,0.0,0.0,0.0,3.020999996806495,5.299972500000001
SYNAPSE,10000,5,task_006::clean,clean,1,987,1.0,1.0,1.0,11.529600000358187,0.0074025
MCP,10000,5,task_006::clean,clean,1,706663,0.0,0.0,0.0,3.094200001214631,5.299972500000001
SYNAPSE,10000,5,task_006::perturbed_0,perturbed_0,1,998,1.0,0.0,0.5,12.096000005840324,0.007485
MCP,10000,5,task_006::perturbed_0,perturbed_0,1,706663,0.0,0.0,0.0,4.7781000030227005,5.299972500000001
SYNAPSE,10000,5,task_006::perturbed_1,perturbed_1,1,993,0.0,0.0,0.0,18.888800012064166,0.007447500000000001
MCP,10000,5,task_006::perturbed_1,perturbed_1,1,706663,0.0,0.0,0.0,3.2624000014038756,5.299972500000001
SYNAPSE,10000,5,task_007::clean,clean,1,963,1.0,1.0,1.0,18.367800003034063,0.007222500000000001
MCP,10000,5,task_007::clean,clean,1,706663,0.0,0.0,0.0,3.591700005927123,5.299972500000001
SYNAPSE,10000,5,task_007::perturbed_0,perturbed_0,0,967,1.0,0.0,0.3333333333333333,3.071500002988614,0.0072525
MCP,10000,5,task_007::perturbed_0,perturbed_0,0,706663,0.0,0.0,0.0,3.611099993577227,5.299972500000001
SYNAPSE,10000,5,task_007::perturbed_1,perturbed_1,1,963,1.0,0.0,0.3333333333333333,14.08870000159368,0.007222500000000001
MCP,10000,5,task_007::perturbed_1,perturbed_1,1,706663,0.0,0.0,0.0,3.1490999972447753,5.299972500000001
SYNAPSE,10000,5,task_008::clean,clean,1,979,1.0,1.0,1.0,14.363900001626462,0.007342500000000001
MCP,10000,5,task_008::clean,clean,1,706663,0.0,0.0,0.0,3.038599999854341,5.299972500000001
SYNAPSE,10000,5,task_008::perturbed_0,perturbed_0,0,984,0.0,0.0,0.0,4.503700009081513,0.00738
MCP,10000,5,task_008::perturbed_0,perturbed_0,0,706663,0.0,0.0,0.0,3.272100002504885,5.299972500000001
SYNAPSE,10000,5,task_008::perturbed_1,perturbed_1,1,981,1.0,1.0,1.0,13.948300009360537,0.0073575
MCP,10000,5,task_008::perturbed_1,perturbed_1,1,706663,0.0,0.0,0.0,3.6257000028854236,5.299972500000001
SYNAPSE,10000,5,task_009::clean,clean,1,975,1.0,1.0,1.0,17.039799990016036,0.0073125
MCP,10000,5,task_009::clean,clean,1,706663,0.0,0.0,0.0,6.083799991756678,5.299972500000001
SYNAPSE,10000,5,task_009::perturbed_0,perturbed_0,1,990,1.0,1.0,1.0,18.295899993972853,0.007425
MCP,10000,5,task_009::perturbed_0,perturbed_0,1,706663,0.0,0.0,0.0,3.0630999972345307,5.299972500000001
SYNAPSE,10000,5,task_009::perturbed_1,perturbed_1,0,986,0.0,0.0,0.0,3.833800001302734,0.0073950000000000005
MCP,10000,5,task_009::perturbed_1,perturbed_1,0,706663,0.0,0.0,0.0,3.4760999988066033,5.299972500000001
SYNAPSE,10000,5,task_010::clean,clean,1,990,1.0,1.0,1.0,6.931199997779913,0.007425
MCP,10000,5,task_010::clean,clean,1,706663,0.0,0.0,0.0,3.068100006203167,5.299972500000001
SYNAPSE,10000,5,task_010::perturbed_0,perturbed_0,1,990,1.0,1.0,1.0,8.954499993706122,0.007425
MCP,10000,5,task_010::perturbed_0,perturbed_0,1,706663,0.0,0.0,0.0,3.2054999901447445,5.299972500000001
SYNAPSE,10000,5,task_010::perturbed_1,perturbed_1,1,990,1.0,1.0,1.0,8.666099995025434,0.007425
MCP,10000,5,task_010::perturbed_1,perturbed_1,1,706663,0.0,0.0,0.0,4.294600003049709,5.299972500000001
SYNAPSE,10000,5,task_011::clean,clean,1,991,1.0,1.0,1.0,21.40380001219455,0.007432500000000001
MCP,10000,5,task_011::clean,clean,1,706663,0.0,0.0,0.0,3.1922000052873045,5.299972500000001
SYNAPSE,10000,5,task_011::perturbed_0,perturbed_0,0,988,0.0,0.0,0.0,6.103399995481595,0.007410000000000001
MCP,10000,5,task_011::perturbed_0,perturbed_0,0,706663,0.0,0.0,0.0,4.964399995515123,5.299972500000001
SYNAPSE,10000,5,task_011::perturbed_1,perturbed_1,0,986,1.0,0.0,0.16666666666666666,5.7490000035613775,0.0073950000000000005
MCP,10000,5,task_011::perturbed_1,perturbed_1,0,706663,0.0,0.0,0.0,4.202299998723902,5.299972500000001
SYNAPSE,10000,5,task_012::clean,clean,1,984,1.0,1.0,1.0,16.06640001409687,0.00738
MCP,10000,5,task_012::clean,clean,1,706663,0.0,0.0,0.0,6.250299993553199,5.299972500000001
SYNAPSE,10000,5,task_012::perturbed_0,perturbed_0,1,984,1.0,1.0,1.0,15.142500007641502,0.00738
MCP,10000,5,task_012::perturbed_0,perturbed_0,1,706663,0.0,0.0,0.0,4.337799997301772,5.299972500000001
SYNAPSE,10000,5,task_012::perturbed_1,perturbed_1,0,985,0.0,0.0,0.0,5.90350000129547,0.007387500000000001
MCP,10000,5,task_012::perturbed_1,perturbed_1,0,706663,0.0,0.0,0.0,6.366300003719516,5.299972500000001
SYNAPSE,10000,5,task_013::clean,clean,1,988,1.0,1.0,1.0,22.06350000051316,0.007410000000000001
MCP,10000,5,task_013::clean,clean,1,706663,0.0,0.0,0.0,2.9784999933326617,5.299972500000001
SYNAPSE,10000,5,task_013::perturbed_0,perturbed_0,1,988,1.0,1.0,1.0,15.87400000425987,0.007410000000000001
MCP,10000,5,task_013::perturbed_0,perturbed_0,1,706663,0.0,0.0,0.0,3.8601000123890117,5.299972500000001
SYNAPSE,10000,5,task_013::perturbed_1,perturbed_1,1,982,1.0,1.0,1.0,17.404800004442222,0.007365000000000001
MCP,10000,5,task_013::perturbed_1,perturbed_1,1,706663,0.0,0.0,0.0,3.3887999888975173,5.299972500000001
SYNAPSE,10000,5,task_014::clean,clean,1,1006,1.0,1.0,1.0,14.900000009220093,0.0075450000000000005
MCP,10000,5,task_014::clean,clean,1,706663,1.0,1.0,1.0,3.6063000006834045,5.299972500000001
SYNAPSE,10000,5,task_014::perturbed_0,perturbed_0,0,1008,0.0,0.0,0.0,3.6177000001771376,0.007560000000000001
MCP,10000,5,task_014::perturbed_0,perturbed_0,0,706663,1.0,0.0,0.5,3.7413999962154776,5.299972500000001
SYNAPSE,10000,5,task_014::perturbed_1,perturbed_1,1,1006,1.0,1.0,1.0,14.767000000574626,0.0075450000000000005
MCP,10000,5,task_014::perturbed_1,perturbed_1,1,706663,1.0,1.0,1.0,2.9869000136386603,5.299972500000001
SYNAPSE,10000,5,task_015::clean,clean,1,997,1.0,1.0,1.0,7.601000004797243,0.007477500000000001
MCP,10000,5,task_015::clean,clean,1,706663,0.0,0.0,0.0,3.203100000973791,5.299972500000001
SYNAPSE,10000,5,task_015::perturbed_0,perturbed_0,0,992,0.0,0.0,0.0,3.4675000060815364,0.00744
MCP,10000,5,task_015::perturbed_0,perturbed_0,0,706663,0.0,0.0,0.0,2.8762000001734123,5.299972500000001
SYNAPSE,10000,5,task_015::perturbed_1,perturbed_1,1,992,1.0,1.0,1.0,7.265199994435534,0.00744
MCP,10000,5,task_015::perturbed_1,perturbed_1,1,706663,0.0,0.0,0.0,3.803100000368431,5.299972500000001
SYNAPSE,10000,5,task_016::clean,clean,1,994,1.0,1.0,1.0,6.730599998263642,0.007455000000000001
MCP,10000,5,task_016::clean,clean,1,706663,0.0,0.0,0.0,1.5750000020489097,5.299972500000001
SYNAPSE,10000,5,task_016::perturbed_0,perturbed_0,1,1009,1.0,0.0,0.5,15.997299997252412,0.0075675000000000004
MCP,10000,5,task_016::perturbed_0,perturbed_0,1,706663,0.0,0.0,0.0,3.6579000006895512,5.299972500000001
SYNAPSE,10000,5,task_016::perturbed_1,perturbed_1,0,982,0.0,0.0,0.0,4.514700005529448,0.007365000000000001
MCP,10000,5,task_016::perturbed_1,perturbed_1,0,706663,0.0,0.0,0.0,3.882699995301664,5.299972500000001
SYNAPSE,10000,5,task_017::clean,clean,1,1001,1.0,1.0,1.0,17.141000003903173,0.0075075
MCP,10000,5,task_017::clean,clean,1,706663,0.0,0.0,0.0,6.900399996084161,5.299972500000001
SYNAPSE,10000,5,task_017::perturbed_0,perturbed_0,1,1001,1.0,1.0,1.0,19.36819999536965,0.0075075
MCP,10000,5,task_017::perturbed_0,perturbed_0,1,706663,0.0,0.0,0.0,10.185599996475503,5.299972500000001
SYNAPSE,10000,5,task_017::perturbed_1,perturbed_1,0,996,0.0,0.0,0.0,8.0792999942787,0.007470000000000001
MCP,10000,5,task_017::perturbed_1,perturbed_1,0,706663,0.0,0.0,0.0,3.908600003342144,5.299972500000001
SYNAPSE,10000,5,task_018::clean,clean,1,960,1.0,1.0,1.0,17.7034999942407,0.007200000000000001
MCP,10000,5,task_018::clean,clean,1,706663,0.0,0.0,0.0,5.991000012727454,5.299972500000001
SYNAPSE,10000,5,task_018::perturbed_0,perturbed_0,0,958,0.0,0.0,0.0,3.6162000033073127,0.007185
MCP,10000,5,task_018::perturbed_0,perturbed_0,0,706663,0.0,0.0,0.0,3.094200001214631,5.299972500000001
SYNAPSE,10000,5,task_018::perturbed_1,perturbed_1,0,679,0.0,0.0,0.0,4.989900000509806,0.005092500000000001
MCP,10000,5,task_018::perturbed_1,perturbed_1,0,706663,0.0,0.0,0.0,3.5112999903503805,5.299972500000001
SYNAPSE,10000,5,task_019::clean,clean,1,969,1.0,1.0,1.0,15.481800000998192,0.0072675000000000005
MCP,10000,5,task_019::clean,clean,1,706663,0.0,0.0,0.0,5.108099998324178,5.299972500000001
SYNAPSE,10000,5,task_019::perturbed_0,perturbed_0,1,969,1.0,1.0,1.0,28.548599992063828,0.0072675000000000005
MCP,10000,5,task_019::perturbed_0,perturbed_0,1,706663,0.0,0.0,0.0,6.072399992262945,5.299972500000001
SYNAPSE,10000,5,task_019::perturbed_1,perturbed_1,0,974,0.0,0.0,0.0,4.2421999969519675,0.007305000000000001
MCP,10000,5,task_019::perturbed_1,perturbed_1,0,706663,0.0,0.0,0.0,3.7032000109320506,5.299972500000001
SYNAPSE,10000,5,task_020::clean,clean,1,994,1.0,1.0,1.0,8.68219998665154,0.007455000000000001
MCP,10000,5,task_020::clean,clean,1,706663,0.0,0.0,0.0,4.433000009157695,5.299972500000001
SYNAPSE,10000,5,task_020::perturbed_0,perturbed_0,1,994,1.0,1.0,1.0,8.26440000673756,0.007455000000000001
MCP,10000,5,task_020::perturbed_0,perturbed_0,1,706663,0.0,0.0,0.0,3.364399992278777,5.299972500000001
SYNAPSE,10000,5,task_020::perturbed_1,perturbed_1,0,679,0.0,0.0,0.0,4.379299993161112,0.005092500000000001
MCP,10000,5,task_020::perturbed_1,perturbed_1,0,706663,0.0,0.0,0.0,3.2429999992018566,5.299972500000001
SYNAPSE,10000,5,task_021::clean,clean,1,1014,1.0,1.0,1.0,14.277000009315088,0.007605000000000001
MCP,10000,5,task_021::clean,clean,1,706663,0.0,0.0,0.0,5.537000004551373,5.299972500000001
SYNAPSE,10000,5,task_021::perturbed_0,perturbed_0,1,1014,1.0,1.0,1.0,10.878200002480298,0.007605000000000001
MCP,10000,5,task_021::perturbed_0,perturbed_0,1,706663,0.0,0.0,0.0,3.3082000009017065,5.299972500000001
SYNAPSE,10000,5,task_021::perturbed_1,perturbed_1,1,1002,1.0,0.0,0.5,11.319600002025254,0.007515000000000001
MCP,10000,5,task_021::perturbed_1,perturbed_1,1,706663,0.0,0.0,0.0,3.389299992704764,5.299972500000001
SYNAPSE,10000,5,task_022::clean,clean,1,974,1.0,1.0,1.0,14.866400000755675,0.007305000000000001
MCP,10000,5,task_022::clean,clean,1,706663,0.0,0.0,0.0,4.2824999982258305,5.299972500000001
SYNAPSE,10000,5,task_022::perturbed_0,perturbed_0,1,968,1.0,1.0,1.0,22.62709999922663,0.007260000000000001
MCP,10000,5,task_022::perturbed_0,perturbed_0,1,706663,0.0,0.0,0.0,5.48930000513792,5.299972500000001
SYNAPSE,10000,5,task_022::perturbed_1,perturbed_1,1,963,1.0,0.0,0.5,37.8945999982534,0.007222500000000001
MCP,10000,5,task_022::perturbed_1,perturbed_1,1,706663,0.0,0.0,0.0,3.375400003278628,5.299972500000001
SYNAPSE,10000,5,task_023::clean,clean,1,968,1.0,1.0,1.0,14.376899998751469,0.007260000000000001
MCP,10000,5,task_023::clean,clean,1,706663,0.0,0.0,0.0,4.760000010719523,5.299972500000001
SYNAPSE,10000,5,task_023::perturbed_0,perturbed_0,0,679,0.0,0.0,0.0,7.799200000590645,0.005092500000000001
MCP,10000,5,task_023::perturbed_0,perturbed_0,0,706663,0.0,0.0,0.0,8.283200004370883,5.299972500000001
SYNAPSE,10000,5,task_023::perturbed_1,perturbed_1,0,679,0.0,0.0,0.0,7.955199995194562,0.005092500000000001
MCP,10000,5,task_023::perturbed_1,perturbed_1,0,706663,0.0,0.0,0.0,4.234899999573827,5.299972500000001
SYNAPSE,10000,5,task_024::clean,clean,1,969,1.0,1.0,1.0,19.013700002687983,0.0072675000000000005
MCP,10000,5,task_024::clean,clean,1,706663,0.0,0.0,0.0,10.60470000084024,5.299972500000001
SYNAPSE,10000,5,task_024::perturbed_0,perturbed_0,1,969,1.0,1.0,1.0,18.070599995553493,0.0072675000000000005
MCP,10000,5,task_024::perturbed_0,perturbed_0,1,706663,0.0,0.0,0.0,2.8877000004285946,5.299972500000001
SYNAPSE,10000,5,task_024::perturbed_1,perturbed_1,0,679,0.0,0.0,0.0,4.476999994949438,0.005092500000000001
MCP,10000,5,task_024::perturbed_1,perturbed_1,0,706663,0.0,0.0,0.0,3.4879000013461336,5.299972500000001
SYNAPSE,10000,5,task_025::clean,clean,1,1001,1.0,1.0,1.0,7.557899996754713,0.0075075
MCP,10000,5,task_025::clean,clean,1,706663,0.0,0.0,0.0,5.147799995029345,5.299972500000001
SYNAPSE,10000,5,task_025::perturbed_0,perturbed_0,1,982,1.0,0.0,0.3333333333333333,11.581099999602884,0.007365000000000001
MCP,10000,5,task_025::perturbed_0,perturbed_0,1,706663,0.0,0.0,0.0,5.779799990705214,5.299972500000001
SYNAPSE,10000,5,task_025::perturbed_1,perturbed_1,1,1001,1.0,1.0,1.0,9.778999999980442,0.0075075
MCP,10000,5,task_025::perturbed_1,perturbed_1,1,706663,0.0,0.0,0.0,2.79430000227876,5.299972500000001
SYNAPSE,10000,5,task_026::clean,clean,1,1010,1.0,1.0,1.0,16.26969999051653,0.007575000000000001
MCP,10000,5,task_026::clean,clean,1,706663,0.0,0.0,0.0,4.867299998295493,5.299972500000001
SYNAPSE,10000,5,task_026::perturbed_0,perturbed_0,0,1002,0.0,0.0,0.0,4.135700000915676,0.007515000000000001
MCP,10000,5,task_026::perturbed_0,perturbed_0,0,706663,0.0,0.0,0.0,3.7865000049350783,5.299972500000001
SYNAPSE,10000,5,task_026::perturbed_1,perturbed_1,1,1006,1.0,1.0,1.0,11.295899996184744,0.0075450000000000005
MCP,10000,5,task_026::perturbed_1,perturbed_1,1,706663,0.0,0.0,0.0,3.2857000041985884,5.299972500000001
SYNAPSE,10000,5,task_027::clean,clean,1,969,1.0,1.0,1.0,17.31790001213085,0.0072675000000000005
MCP,10000,5,task_027::clean,clean,1,706663,0.0,0.0,0.0,3.1986999965738505,5.299972500000001
SYNAPSE,10000,5,task_027::perturbed_0,perturbed_0,0,971,0.0,0.0,0.0,3.1312000064644963,0.007282500000000001
MCP,10000,5,task_027::perturbed_0,perturbed_0,0,706663,0.0,0.0,0.0,2.916700002970174,5.299972500000001
SYNAPSE,10000,5,task_027::perturbed_1,perturbed_1,1,960,1.0,0.0,0.125,13.840300001902506,0.007200000000000001
MCP,10000,5,task_027::perturbed_1,perturbed_1,1,706663,0.0,0.0,0.0,3.073999992921017,5.299972500000001
SYNAPSE,10000,5,task_028::clean,clean,1,974,1.0,1.0,1.0,15.367100000730716,0.007305000000000001
MCP,10000,5,task_028::clean,clean,1,706663,0.0,0.0,0.0,3.162900000461377,5.299972500000001
SYNAPSE,10000,5,task_028::perturbed_0,perturbed_0,1,960,1.0,0.0,0.25,13.454800006002188,0.007200000000000001
MCP,10000,5,task_028::perturbed_0,perturbed_0,1,706663,0.0,0.0,0.0,3.547100001014769,5.299972500000001
SYNAPSE,10000,5,task_028::perturbed_1,perturbed_1,1,962,1.0,0.0,0.2,17.50729999912437,0.007215000000000001
MCP,10000,5,task_028::perturbed_1,perturbed_1,1,706663,0.0,0.0,0.0,5.866599996807054,5.299972500000001
SYNAPSE,10000,5,task_029::clean,clean,1,978,1.0,1.0,1.0,28.191499994136393,0.007335
MCP,10000,5,task_029::clean,clean,1,706663,0.0,0.0,0.0,4.447700004675426,5.299972500000001
SYNAPSE,10000,5,task_029::perturbed_0,perturbed_0,1,973,1.0,1.0,1.0,17.948699998669326,0.0072975
MCP,10000,5,task_029::perturbed_0,perturbed_0,1,706663,0.0,0.0,0.0,8.000999994692393,5.299972500000001
SYNAPSE,10000,5,task_029::perturbed_1,perturbed_1,0,957,0.0,0.0,0.0,4.497600006288849,0.007177500000000001
MCP,10000,5,task_029::perturbed_1,perturbed_1,0,706663,0.0,0.0,0.0,5.231000002822839,5.299972500000001
SYNAPSE,30000,1,task_000::clean,clean,1,1007,1.0,1.0,1.0,17.86960000754334,0.0075525
MCP,30000,1,task_000::clean,clean,1,2125156,0.0,0.0,0.0,4.1295999981230125,15.938670000000002
SYNAPSE,30000,1,task_000::perturbed_0,perturbed_0,0,1009,0.0,0.0,0.0,7.6612999982899055,0.0075675000000000004
MCP,30000,1,task_000::perturbed_0,perturbed_0,0,2125156,0.0,0.0,0.0,3.491099996608682,15.938670000000002
SYNAPSE,30000,1,task_000::perturbed_1,perturbed_1,0,992,0.0,0.0,0.0,8.467200008453801,0.00744
MCP,30000,1,task_000::perturbed_1,perturbed_1,0,2125156,0.0,0.0,0.0,2.713399997446686,15.938670000000002
SYNAPSE,30000,1,task_001::clean,clean,1,991,1.0,1.0,1.0,32.211500001722015,0.007432500000000001
MCP,30000,1,task_001::clean,clean,1,2125156,0.0,0.0,0.0,3.1392999953823164,15.938670000000002
SYNAPSE,30000,1,task_001::perturbed_0,perturbed_0,1,993,1.0,1.0,1.0,42.01539998757653,0.007447500000000001
MCP,30000,1,task_001::perturbed_0,perturbed_0,1,2125156,0.0,0.0,0.0,5.5265999981202185,15.938670000000002
SYNAPSE,30000,1,task_001::perturbed_1,perturbed_1,0,987,0.0,0.0,0.0,6.265299991355278,0.0074025
MCP,30000,1,task_001::perturbed_1,perturbed_1,0,2125156,0.0,0.0,0.0,2.9771999979857355,15.938670000000002
SYNAPSE,30000,1,task_002::clean,clean,1,991,1.0,1.0,1.0,43.86919998796657,0.007432500000000001
MCP,30000,1,task_002::clean,clean,1,2125156,0.0,0.0,0.0,3.2187999895540997,15.938670000000002
SYNAPSE,30000,1,task_002::perturbed_0,perturbed_0,0,977,0.0,0.0,0.0,4.809000005479902,0.007327500000000001
MCP,30000,1,task_002::perturbed_0,perturbed_0,0,2125156,0.0,0.0,0.0,3.1374999962281436,15.938670000000002
SYNAPSE,30000,1,task_002::perturbed_1,perturbed_1,1,982,1.0,0.0,0.25,38.042600004700944,0.007365000000000001
MCP,30000,1,task_002::perturbed_1,perturbed_1,1,2125156,0.0,0.0,0.0,3.06099999579601,15.938670000000002
SYNAPSE,30000,1,task_003::clean,clean,1,959,1.0,1.0,1.0,47.24359999818262,0.007192500000000001
MCP,30000,1,task_003::clean,clean,1,2125156,0.0,0.0,0.0,4.683999999542721,15.938670000000002
SYNAPSE,30000,1,task_003::perturbed_0,perturbed_0,1,959,1.0,1.0,1.0,49.68369999551214,0.007192500000000001
MCP,30000,1,task_003::perturbed_0,perturbed_0,1,2125156,0.0,0.0,0.0,4.202099997201003,15.938670000000002
SYNAPSE,30000,1,task_003::perturbed_1,perturbed_1,1,961,1.0,1.0,1.0,57.460900003206916,0.0072075
MCP,30000,1,task_003::perturbed_1,perturbed_1,1,2125156,0.0,0.0,0.0,4.266400006599724,15.938670000000002
SYNAPSE,30000,1,task_004::clean,clean,1,963,1.0,1.0,1.0,47.26440001104493,0.007222500000000001
MCP,30000,1,task_004::clean,clean,1,2125156,0.0,0.0,0.0,3.038599999854341,15.938670000000002
SYNAPSE,30000,1,task_004::perturbed_0,perturbed_0,0,961,0.0,0.0,0.0,8.832399995299056,0.0072075
MCP,30000,1,task_004::perturbed_0,perturbed_0,0,2125156,0.0,0.0,0.0,3.4448999940650538,15.938670000000002
SYNAPSE,30000,1,task_004::perturbed_1,perturbed_1,1,968,1.0,1.0,1.0,42.13719999825116,0.007260000000000001
MCP,30000,1,task_004::perturbed_1,perturbed_1,1,2125156,0.0,0.0,0.0,4.715699993539602,15.938670000000002
SYNAPSE,30000,1,task_005::clean,clean,1,1000,1.0,1.0,1.0,17.947000000276603,0.007500000000000001
MCP,30000,1,task_005::clean,clean,1,2125156,0.0,0.0,0.0,3.385299991350621,15.938670000000002
SYNAPSE,30000,1,task_005::perturbed_0,perturbed_0,1,1000,1.0,1.0,1.0,15.28120000148192,0.007500000000000001
MCP,30000,1,task_005::perturbed_0,perturbed_0,1,2125156,0.0,0.0,0.0,3.288900014013052,15.938670000000002
SYNAPSE,30000,1,task_005::perturbed_1,perturbed_1,1,1000,1.0,1.0,1.0,16.22520000091754,0.007500000000000001
MCP,30000,1,task_005::perturbed_1,perturbed_1,1,2125156,0.0,0.0,0.0,4.021800006739795,15.938670000000002
SYNAPSE,30000,1,task_006::clean,clean,1,995,1.0,1.0,1.0,40.77849999885075,0.0074625
MCP,30000,1,task_006::clean,clean,1,2125156,0.0,0.0,0.0,5.009200001950376,15.938670000000002
SYNAPSE,30000,1,task_006::perturbed_0,perturbed_0,0,984,0.0,0.0,0.0,12.704199994914234,0.00738
MCP,30000,1,task_006::perturbed_0,perturbed_0,0,2125156,0.0,0.0,0.0,2.933900002972223,15.938670000000002
SYNAPSE,30000,1,task_006::perturbed_1,perturbed_1,0,986,0.0,0.0,0.0,7.543699990492314,0.0073950000000000005
MCP,30000,1,task_006::perturbed_1,perturbed_1,0,2125156,0.0,0.0,0.0,3.971600002842024,15.938670000000002
SYNAPSE,30000,1,task_007::clean,clean,1,973,1.0,1.0,1.0,59.36080000537913,0.0072975
MCP,30000,1,task_007::clean,clean,1,2125156,0.0,0.0,0.0,2.9673999961232767,15.938670000000002
SYNAPSE,30000,1,task_007::perturbed_0,perturbed_0,1,973,1.0,1.0,1.0,36.91539999272209,0.0072975
MCP,30000,1,task_007::perturbed_0,perturbed_0,1,2125156,0.0,0.0,0.0,2.9910000012023374,15.938670000000002
SYNAPSE,30000,1,task_007::perturbed_1,perturbed_1,1,964,1.0,0.0,0.14285714285714285,49.70309999771416,0.00723
MCP,30000,1,task_007::perturbed_1,perturbed_1,1,2125156,0.0,0.0,0.0,5.0346999923931435,15.938670000000002
SYNAPSE,30000,1,task_008::clean,clean,1,981,1.0,1.0,1.0,39.66759999457281,0.0073575
MCP,30000,1,task_008::clean,clean,1,2125156,0.0,0.0,0.0,3.2703999895602465,15.938670000000002
SYNAPSE,30000,1,task_008::perturbed_0,perturbed_0,1,989,1.0,0.0,0.3333333333333333,40.282400004798546,0.0074175000000000005
MCP,30000,1,task_008::perturbed_0,perturbed_0,1,2125156,0.0,0.0,0.0,3.0208999960450456,15.938670000000002
SYNAPSE,30000,1,task_008::perturbed_1,perturbed_1,1,987,1.0,0.0,0.25,42.20170000917278,0.0074025
MCP,30000,1,task_008::perturbed_1,perturbed_1,1,2125156,0.0,0.0,0.0,3.2669999927747995,15.938670000000002
SYNAPSE,30000,1,task_009::clean,clean,1,984,1.0,1.0,1.0,41.69670000555925,0.00738
MCP,30000,1,task_009::clean,clean,1,2125156,0.0,0.0,0.0,3.5576999944169074,15.938670000000002
SYNAPSE,30000,1,task_009::perturbed_0,perturbed_0,1,984,1.0,1.0,1.0,46.05710000032559,0.00738
MCP,30000,1,task_009::perturbed_0,perturbed_0,1,2125156,0.0,0.0,0.0,3.0441999988397583,15.938670000000002
SYNAPSE,30000,1,task_009::perturbed_1,perturbed_1,1,995,1.0,0.0,0.25,44.56680000294,0.0074625
MCP,30000,1,task_009::perturbed_1,perturbed_1,1,2125156,0.0,0.0,0.0,3.0690999992657453,15.938670000000002
SYNAPSE,30000,1,task_010::clean,clean,1,987,1.0,1.0,1.0,19.23700000043027,0.0074025
MCP,30000,1,task_010::clean,clean,1,2125156,0.0,0.0,0.0,6.348099996102974,15.938670000000002
SYNAPSE,30000,1,task_010::perturbed_0,perturbed_0,0,996,0.0,0.0,0.0,6.615999998757616,0.007470000000000001
MCP,30000,1,task_010::perturbed_0,perturbed_0,0,2125156,0.0,0.0,0.0,5.343299999367446,15.938670000000002
SYNAPSE,30000,1,task_010::perturbed_1,perturbed_1,0,987,0.0,0.0,0.0,9.00660001207143,0.0074025
MCP,30000,1,task_010::perturbed_1,perturbed_1,0,2125156,0.0,0.0,0.0,5.62119999085553,15.938670000000002
SYNAPSE,30000,1,task_011::clean,clean,1,991,1.0,1.0,1.0,37.86789999867324,0.007432500000000001
MCP,30000,1,task_011::clean,clean,1,2125156,0.0,0.0,0.0,2.9240000003483146,15.938670000000002
SYNAPSE,30000,1,task_011::perturbed_0,perturbed_0,1,991,1.0,1.0,1.0,30.697299996973015,0.007432500000000001
MCP,30000,1,task_011::perturbed_0,perturbed_0,1,2125156,0.0,0.0,0.0,3.1124999950407073,15.938670000000002
SYNAPSE,30000,1,task_011::perturbed_1,perturbed_1,1,987,1.0,1.0,1.0,33.2979999948293,0.0074025
MCP,30000,1,task_011::perturbed_1,perturbed_1,1,2125156,0.0,0.0,0.0,4.609600000549108,15.938670000000002
SYNAPSE,30000,1,task_012::clean,clean,1,993,1.0,1.0,1.0,37.851799992495216,0.007447500000000001
MCP,30000,1,task_012::clean,clean,1,2125156,0.0,0.0,0.0,2.853000012692064,15.938670000000002
SYNAPSE,30000,1,task_012::perturbed_0,perturbed_0,1,993,1.0,1.0,1.0,42.484300007345155,0.007447500000000001
MCP,30000,1,task_012::perturbed_0,perturbed_0,1,2125156,0.0,0.0,0.0,4.187099999398924,15.938670000000002
SYNAPSE,30000,1,task_012::perturbed_1,perturbed_1,1,993,1.0,1.0,1.0,55.644699998083524,0.007447500000000001
MCP,30000,1,task_012::perturbed_1,perturbed_1,1,2125156,0.0,0.0,0.0,4.676500000641681,15.938670000000002
SYNAPSE,30000,1,task_013::clean,clean,1,999,1.0,1.0,1.0,47.173400002066046,0.007492500000000001
MCP,30000,1,task_013::clean,clean,1,2125156,0.0,0.0,0.0,3.2110000029206276,15.938670000000002
SYNAPSE,30000,1,task_013::perturbed_0,perturbed_0,1,999,1.0,1.0,1.0,56.006900005741045,0.007492500000000001
MCP,30000,1,task_013::perturbed_0,perturbed_0,1,2125156,0.0,0.0,0.0,6.853300001239404,15.938670000000002
SYNAPSE,30000,1,task_013::perturbed_1,perturbed_1,1,985,1.0,1.0,1.0,37.213399991742335,0.007387500000000001
MCP,30000,1,task_013::perturbed_1,perturbed_1,1,2125156,0.0,0.0,0.0,2.6326000079279765,15.938670000000002
SYNAPSE,30000,1,task_014::clean,clean,1,1005,1.0,1.0,1.0,45.15940000419505,0.007537500000000001
MCP,30000,1,task_014::clean,clean,1,2125156,0.0,0.0,0.0,3.944500000216067,15.938670000000002
SYNAPSE,30000,1,task_014::perturbed_0,perturbed_0,1,993,1.0,0.0,0.14285714285714285,38.557100007892586,0.007447500000000001
MCP,30000,1,task_014::perturbed_0,perturbed_0,1,2125156,0.0,0.0,0.0,2.8701999981421977,15.938670000000002
SYNAPSE,30000,1,task_014::perturbed_1,perturbed_1,1,998,1.0,0.0,0.5,41.75109999778215,0.007485
MCP,30000,1,task_014::perturbed_1,perturbed_1,1,2125156,0.0,0.0,0.0,3.8290000084089115,15.938670000000002
SYNAPSE,30000,1,task_015::clean,clean,1,1005,1.0,1.0,1.0,23.876799998106435,0.007537500000000001
MCP,30000,1,task_015::clean,clean,1,2125156,0.0,0.0,0.0,5.662099996698089,15.938670000000002
SYNAPSE,30000,1,task_015::perturbed_0,perturbed_0,1,1004,1.0,1.0,1.0,22.318799994536676,0.00753
MCP,30000,1,task_015::perturbed_0,perturbed_0,1,2125156,0.0,0.0,0.0,5.22629999613855,15.938670000000002
SYNAPSE,30000,1,task_015::perturbed_1,perturbed_1,1,1004,1.0,1.0,1.0,16.484799998579547,0.00753
MCP,30000,1,task_015::perturbed_1,perturbed_1,1,2125156,0.0,0.0,0.0,2.992700014146976,15.938670000000002
SYNAPSE,30000,1,task_016::clean,clean,1,989,1.0,1.0,1.0,30.868200003169477,0.0074175000000000005
MCP,30000,1,task_016::clean,clean,1,2125156,0.0,0.0,0.0,3.2082999969134107,15.938670000000002
SYNAPSE,30000,1,task_016::perturbed_0,perturbed_0,0,1012,0.0,0.0,0.0,5.983300012303516,0.00759
MCP,30000,1,task_016::perturbed_0,perturbed_0,0,2125156,0.0,0.0,0.0,3.2827000104589388,15.938670000000002
SYNAPSE,30000,1,task_016::perturbed_1,perturbed_1,1,989,1.0,1.0,1.0,29.60900000471156,0.0074175000000000005
MCP,30000,1,task_016::perturbed_1,perturbed_1,1,2125156,0.0,0.0,0.0,3.003800011356361,15.938670000000002
SYNAPSE,30000,1,task_017::clean,clean,1,1003,1.0,1.0,1.0,41.32530000060797,0.0075225000000000005
MCP,30000,1,task_017::clean,clean,1,2125156,0.0,0.0,0.0,4.210099999909289,15.938670000000002
SYNAPSE,30000,1,task_017::perturbed_0,perturbed_0,0,989,0.0,0.0,0.0,12.123500011512078,0.0074175000000000005
MCP,30000,1,task_017::perturbed_0,perturbed_0,0,2125156,0.0,0.0,0.0,3.0039999983273447,15.938670000000002
SYNAPSE,30000,1,task_017::perturbed_1,perturbed_1,1,1000,1.0,1.0,1.0,42.91180000291206,0.007500000000000001
MCP,30000,1,task_017::perturbed_1,perturbed_1,1,2125156,0.0,0.0,0.0,3.0482000001939014,15.938670000000002
SYNAPSE,30000,1,task_018::clean,clean,1,969,1.0,1.0,1.0,37.04989999823738,0.0072675000000000005
MCP,30000,1,task_018::clean,clean,1,2125156,0.0,0.0,0.0,3.5118000087095425,15.938670000000002
SYNAPSE,30000,1,task_018::perturbed_0,perturbed_0,0,679,0.0,0.0,0.0,8.440799996606074,0.005092500000000001
MCP,30000,1,task_018::perturbed_0,perturbed_0,0,2125156,0.0,0.0,0.0,3.6554999969666824,15.938670000000002
SYNAPSE,30000,1,task_018::perturbed_1,perturbed_1,0,958,0.0,0.0,0.0,5.620800002361648,0.007185
MCP,30000,1,task_018::perturbed_1,perturbed_1,0,2125156,0.0,0.0,0.0,3.3767999993870035,15.938670000000002
SYNAPSE,30000,1,task_019::clean,clean,1,980,1.0,1.0,1.0,40.97200000251178,0.007350000000000001
MCP,30000,1,task_019::clean,clean,1,2125156,0.0,0.0,0.0,3.923600001144223,15.938670000000002
SYNAPSE,30000,1,task_019::perturbed_0,perturbed_0,1,980,1.0,1.0,1.0,58.678300003521144,0.007350000000000001
MCP,30000,1,task_019::perturbed_0,perturbed_0,1,2125156,0.0,0.0,0.0,3.4576999896671623,15.938670000000002
SYNAPSE,30000,1,task_019::perturbed_1,perturbed_1,1,981,1.0,0.0,0.125,40.460199990775436,0.0073575
MCP,30000,1,task_019::perturbed_1,perturbed_1,1,2125156,0.0,0.0,0.0,3.3244999940507114,15.938670000000002
SYNAPSE,30000,1,task_020::clean,clean,1,1006,1.0,1.0,1.0,22.874600006616674,0.0075450000000000005
MCP,30000,1,task_020::clean,clean,1,2125156,0.0,0.0,0.0,3.773199990973808,15.938670000000002
SYNAPSE,30000,1,task_020::perturbed_0,perturbed_0,1,991,1.0,0.0,0.3333333333333333,16.290800005663186,0.007432500000000001
MCP,30000,1,task_020::perturbed_0,perturbed_0,1,2125156,0.0,0.0,0.0,3.369199999724515,15.938670000000002
SYNAPSE,30000,1,task_020::perturbed_1,perturbed_1,1,1006,1.0,1.0,1.0,14.61600000038743,0.0075450000000000005
MCP,30000,1,task_020::perturbed_1,perturbed_1,1,2125156,0.0,0.0,0.0,3.3832000044640154,15.938670000000002
SYNAPSE,30000,1,task_021::clean,clean,1,995,1.0,1.0,1.0,33.428700000513345,0.0074625
MCP,30000,1,task_021::clean,clean,1,2125156,0.0,0.0,0.0,5.201699997996911,15.938670000000002
SYNAPSE,30000,1,task_021::perturbed_0,perturbed_0,1,997,0.0,0.0,0.0,28.079399999114685,0.007477500000000001
MCP,30000,1,task_021::perturbed_0,perturbed_0,1,2125156,0.0,0.0,0.0,3.388400000403635,15.938670000000002
SYNAPSE,30000,1,task_021::perturbed_1,perturbed_1,1,995,0.0,0.0,0.0,30.90640000300482,0.0074625
MCP,30000,1,task_021::perturbed_1,perturbed_1,1,2125156,0.0,0.0,0.0,2.891100011765957,15.938670000000002
SYNAPSE,30000,1,task_022::clean,clean,1,973,1.0,1.0,1.0,51.239199994597584,0.0072975
MCP,30000,1,task_022::clean,clean,1,2125156,0.0,0.0,0.0,2.7215000009164214,15.938670000000002
SYNAPSE,30000,1,task_022::perturbed_0,perturbed_0,0,679,0.0,0.0,0.0,12.832599997636862,0.005092500000000001
MCP,30000,1,task_022::perturbed_0,perturbed_0,0,2125156,0.0,0.0,0.0,3.3570999949006364,15.938670000000002
SYNAPSE,30000,1,task_022::perturbed_1,perturbed_1,1,973,1.0,1.0,1.0,46.00649999338202,0.0072975
MCP,30000,1,task_022::perturbed_1,perturbed_1,1,2125156,0.0,0.0,0.0,2.999100004672073,15.938670000000002
SYNAPSE,30000,1,task_023::clean,clean,1,973,1.0,1.0,1.0,44.439100005547516,0.0072975
MCP,30000,1,task_023::clean,clean,1,2125156,0.0,0.0,0.0,3.1346999894594774,15.938670000000002
SYNAPSE,30000,1,task_023::perturbed_0,perturbed_0,0,966,0.0,0.0,0.0,6.8140999937895685,0.007245000000000001
MCP,30000,1,task_023::perturbed_0,perturbed_0,0,2125156,0.0,0.0,0.0,3.601899996283464,15.938670000000002
SYNAPSE,30000,1,task_023::perturbed_1,perturbed_1,0,961,0.0,0.0,0.0,7.919499999843538,0.0072075
MCP,30000,1,task_023::perturbed_1,perturbed_1,0,2125156,0.0,0.0,0.0,2.8599000070244074,15.938670000000002
SYNAPSE,30000,1,task_024::clean,clean,1,972,1.0,1.0,1.0,41.78470000624657,0.0072900000000000005
MCP,30000,1,task_024::clean,clean,1,2125156,0.0,0.0,0.0,3.200699997250922,15.938670000000002
SYNAPSE,30000,1,task_024::perturbed_0,perturbed_0,0,966,0.0,0.0,0.0,6.29599999228958,0.007245000000000001
MCP,30000,1,task_024::perturbed_0,perturbed_0,0,2125156,0.0,0.0,0.0,4.265399998985231,15.938670000000002
SYNAPSE,30000,1,task_024::perturbed_1,perturbed_1,1,973,1.0,1.0,1.0,46.44259999622591,0.0072975
MCP,30000,1,task_024::perturbed_1,perturbed_1,1,2125156,0.0,0.0,0.0,3.946400000131689,15.938670000000002
SYNAPSE,30000,1,task_025::clean,clean,1,1005,1.0,1.0,1.0,17.378199991071597,0.007537500000000001
MCP,30000,1,task_025::clean,clean,1,2125156,0.0,0.0,0.0,3.0236000020522624,15.938670000000002
SYNAPSE,30000,1,task_025::perturbed_0,perturbed_0,0,679,0.0,0.0,0.0,10.178199998335913,0.005092500000000001
MCP,30000,1,task_025::perturbed_0,perturbed_0,0,2125156,0.0,0.0,0.0,3.4174000029452145,15.938670000000002
SYNAPSE,30000,1,task_025::perturbed_1,perturbed_1,0,995,0.0,0.0,0.0,7.522800005972385,0.0074625
MCP,30000,1,task_025::perturbed_1,perturbed_1,0,2125156,0.0,0.0,0.0,3.300699987448752,15.938670000000002
SYNAPSE,30000,1,task_026::clean,clean,1,1008,1.0,1.0,1.0,30.70230000594165,0.007560000000000001
MCP,30000,1,task_026::clean,clean,1,2125156,0.0,0.0,0.0,3.1413999968208373,15.938670000000002
SYNAPSE,30000,1,task_026::perturbed_0,perturbed_0,0,1002,0.0,0.0,0.0,5.242200000793673,0.007515000000000001
MCP,30000,1,task_026::perturbed_0,perturbed_0,0,2125156,0.0,0.0,0.0,4.986100000678562,15.938670000000002
SYNAPSE,30000,1,task_026::perturbed_1,perturbed_1,1,1008,1.0,1.0,1.0,33.65890000713989,0.007560000000000001
MCP,30000,1,task_026::perturbed_1,perturbed_1,1,2125156,0.0,0.0,0.0,4.283399990526959,15.938670000000002
SYNAPSE,30000,1,task_027::clean,clean,1,968,1.0,1.0,1.0,47.088999999687076,0.007260000000000001
MCP,30000,1,task_027::clean,clean,1,2125156,0.0,0.0,0.0,3.0052000074647367,15.938670000000002
SYNAPSE,30000,1,task_027::perturbed_0,perturbed_0,0,968,0.0,0.0,0.0,6.4464000024599954,0.007260000000000001
MCP,30000,1,task_027::perturbed_0,perturbed_0,0,2125156,0.0,0.0,0.0,4.436899995198473,15.938670000000002
SYNAPSE,30000,1,task_027::perturbed_1,perturbed_1,1,968,1.0,1.0,1.0,43.95649999787565,0.007260000000000001
MCP,30000,1,task_027::perturbed_1,perturbed_1,1,2125156,0.0,0.0,0.0,3.216700002667494,15.938670000000002
SYNAPSE,30000,1,task_028::clean,clean,1,960,1.0,1.0,1.0,40.5311999929836,0.007200000000000001
MCP,30000,1,task_028::clean,clean,1,2125156,0.0,0.0,0.0,2.97359999967739,15.938670000000002
SYNAPSE,30000,1,task_028::perturbed_0,perturbed_0,0,955,0.0,0.0,0.0,6.091899995226413,0.0071625000000000005
MCP,30000,1,task_028::perturbed_0,perturbed_0,0,2125156,0.0,0.0,0.0,3.583700003218837,15.938670000000002
SYNAPSE,30000,1,task_028::perturbed_1,perturbed_1,0,679,0.0,0.0,0.0,10.761900004581548,0.005092500000000001
MCP,30000,1,task_028::perturbed_1,perturbed_1,0,2125156,0.0,0.0,0.0,3.6259999906178564,15.938670000000002
SYNAPSE,30000,1,task_029::clean,clean,1,983,1.0,1.0,1.0,43.479200001456775,0.007372500000000001
MCP,30000,1,task_029::clean,clean,1,2125156,0.0,0.0,0.0,3.7012999964645132,15.938670000000002
SYNAPSE,30000,1,task_029::perturbed_0,perturbed_0,1,984,1.0,1.0,1.0,47.47710000083316,0.00738
MCP,30000,1,task_029::perturbed_0,perturbed_0,1,2125156,0.0,0.0,0.0,3.119200002402067,15.938670000000002
SYNAPSE,30000,1,task_029::perturbed_1,perturbed_1,0,978,0.0,0.0,0.0,5.334200002835132,0.007335
MCP,30000,1,task_029::perturbed_1,perturbed_1,0,2125156,0.0,0.0,0.0,3.024999998160638,15.938670000000002
SYNAPSE,30000,2,task_000::clean,clean,1,1011,1.0,1.0,1.0,16.589799997746013,0.007582500000000001
MCP,30000,2,task_000::clean,clean,1,2124299,0.0,0.0,0.0,4.017699990072288,15.932242500000001
SYNAPSE,30000,2,task_000::perturbed_0,perturbed_0,1,1011,1.0,1.0,1.0,15.265399997588247,0.007582500000000001
MCP,30000,2,task_000::perturbed_0,perturbed_0,1,2124299,0.0,0.0,0.0,3.2398000039393082,15.932242500000001
SYNAPSE,30000,2,task_000::perturbed_1,perturbed_1,1,1002,1.0,1.0,1.0,15.285699992091395,0.007515000000000001
MCP,30000,2,task_000::perturbed_1,perturbed_1,1,2124299,0.0,0.0,0.0,3.016499991645105,15.932242500000001
SYNAPSE,30000,2,task_001::clean,clean,1,992,1.0,1.0,1.0,38.60640000493731,0.00744
MCP,30000,2,task_001::clean,clean,1,2124299,0.0,0.0,0.0,3.792899995460175,15.932242500000001
SYNAPSE,30000,2,task_001::perturbed_0,perturbed_0,0,985,0.0,0.0,0.0,9.53940000908915,0.007387500000000001
MCP,30000,2,task_001::perturbed_0,perturbed_0,0,2124299,0.0,0.0,0.0,3.526500004227273,15.932242500000001
SYNAPSE,30000,2,task_001::perturbed_1,perturbed_1,1,997,1.0,0.0,0.5,30.046100000618026,0.007477500000000001
MCP,30000,2,task_001::perturbed_1,perturbed_1,1,2124299,0.0,0.0,0.0,3.070899998419918,15.932242500000001
SYNAPSE,30000,2,task_002::clean,clean,1,983,1.0,1.0,1.0,46.85099999187514,0.007372500000000001
MCP,30000,2,task_002::clean,clean,1,2124299,0.0,0.0,0.0,3.9564000035170466,15.932242500000001
SYNAPSE,30000,2,task_002::perturbed_0,perturbed_0,1,984,1.0,1.0,1.0,54.11669999011792,0.00738
MCP,30000,2,task_002::perturbed_0,perturbed_0,1,2124299,0.0,0.0,0.0,3.4582999942358583,15.932242500000001
SYNAPSE,30000,2,task_002::perturbed_1,perturbed_1,0,974,0.0,0.0,0.0,7.829799986211583,0.007305000000000001
MCP,30000,2,task_002::perturbed_1,perturbed_1,0,2124299,0.0,0.0,0.0,5.196099999011494,15.932242500000001
SYNAPSE,30000,2,task_003::clean,clean,1,966,1.0,1.0,1.0,42.44180000387132,0.007245000000000001
MCP,30000,2,task_003::clean,clean,1,2124299,0.0,0.0,0.0,3.396999993128702,15.932242500000001
SYNAPSE,30000,2,task_003::perturbed_0,perturbed_0,0,968,0.0,0.0,0.0,5.345900004613213,0.007260000000000001
MCP,30000,2,task_003::perturbed_0,perturbed_0,0,2124299,0.0,0.0,0.0,3.281900004367344,15.932242500000001
SYNAPSE,30000,2,task_003::perturbed_1,perturbed_1,1,964,1.0,1.0,1.0,43.51009998936206,0.00723
MCP,30000,2,task_003::perturbed_1,perturbed_1,1,2124299,0.0,0.0,0.0,2.996000010170974,15.932242500000001
SYNAPSE,30000,2,task_004::clean,clean,1,982,1.0,1.0,1.0,34.53839999565389,0.007365000000000001
MCP,30000,2,task_004::clean,clean,1,2124299,0.0,0.0,0.0,2.9662000015378,15.932242500000001
SYNAPSE,30000,2,task_004::perturbed_0,perturbed_0,1,982,1.0,1.0,1.0,53.85519999254029,0.007365000000000001
MCP,30000,2,task_004::perturbed_0,perturbed_0,1,2124299,0.0,0.0,0.0,4.217300011077896,15.932242500000001
SYNAPSE,30000,2,task_004::perturbed_1,perturbed_1,0,963,0.0,0.0,0.0,6.991000002017245,0.007222500000000001
MCP,30000,2,task_004::perturbed_1,perturbed_1,0,2124299,0.0,0.0,0.0,4.528900011791848,15.932242500000001
SYNAPSE,30000,2,task_005::clean,clean,1,990,1.0,1.0,1.0,27.150199995958246,0.007425
MCP,30000,2,task_005::clean,clean,1,2124299,0.0,0.0,0.0,4.327900009229779,15.932242500000001
SYNAPSE,30000,2,task_005::perturbed_0,perturbed_0,1,1001,1.0,1.0,1.0,18.231800000648946,0.0075075
MCP,30000,2,task_005::perturbed_0,perturbed_0,1,2124299,0.0,0.0,0.0,3.0947999912314117,15.932242500000001
SYNAPSE,30000,2,task_005::perturbed_1,perturbed_1,0,990,0.0,0.0,0.0,6.435799994505942,0.007425
MCP,30000,2,task_005::perturbed_1,perturbed_1,0,2124299,0.0,0.0,0.0,3.7136999890208244,15.932242500000001
SYNAPSE,30000,2,task_006::clean,clean,1,1017,1.0,1.0,1.0,35.06080000079237,0.007627500000000001
MCP,30000,2,task_006::clean,clean,1,2124299,0.0,0.0,0.0,4.102899998542853,15.932242500000001
SYNAPSE,30000,2,task_006::perturbed_0,perturbed_0,1,1017,1.0,1.0,1.0,31.700000006821938,0.007627500000000001
MCP,30000,2,task_006::perturbed_0,perturbed_0,1,2124299,0.0,0.0,0.0,3.0478000117000192,15.932242500000001
SYNAPSE,30000,2,task_006::perturbed_1,perturbed_1,1,988,0.0,0.0,0.0,40.95160000724718,0.007410000000000001
MCP,30000,2,task_006::perturbed_1,perturbed_1,1,2124299,0.0,0.0,0.0,4.90479999280069,15.932242500000001
SYNAPSE,30000,2,task_007::clean,clean,1,966,1.0,1.0,1.0,40.02369999943767,0.007245000000000001
MCP,30000,2,task_007::clean,clean,1,2124299,0.0,0.0,0.0,3.783599997404963,15.932242500000001
SYNAPSE,30000,2,task_007::perturbed_0,perturbed_0,1,966,1.0,1.0,1.0,41.92299999704119,0.007245000000000001
MCP,30000,2,task_007::perturbed_0,perturbed_0,1,2124299,0.0,0.0,0.0,3.085099990130402,15.932242500000001
SYNAPSE,30000,2,task_007::perturbed_1,perturbed_1,1,966,1.0,1.0,1.0,46.05669999727979,0.007245000000000001
MCP,30000,2,task_007::perturbed_1,perturbed_1,1,2124299,0.0,0.0,0.0,4.124300001421943,15.932242500000001
SYNAPSE,30000,2,task_008::clean,clean,1,981,1.0,1.0,1.0,47.35989999608137,0.0073575
MCP,30000,2,task_008::clean,clean,1,2124299,0.0,0.0,0.0,6.647100002737716,15.932242500000001
SYNAPSE,30000,2,task_008::perturbed_0,perturbed_0,1,991,1.0,1.0,1.0,49.642099998891354,0.007432500000000001
MCP,30000,2,task_008::perturbed_0,perturbed_0,1,2124299,0.0,0.0,0.0,3.253899994888343,15.932242500000001
SYNAPSE,30000,2,task_008::perturbed_1,perturbed_1,1,991,1.0,1.0,1.0,37.10359999968205,0.007432500000000001
MCP,30000,2,task_008::perturbed_1,perturbed_1,1,2124299,0.0,0.0,0.0,2.491500010364689,15.932242500000001
SYNAPSE,30000,2,task_009::clean,clean,1,991,1.0,1.0,1.0,40.871699995477684,0.007432500000000001
MCP,30000,2,task_009::clean,clean,1,2124299,0.0,0.0,0.0,3.040700001292862,15.932242500000001
SYNAPSE,30000,2,task_009::perturbed_0,perturbed_0,0,996,0.0,0.0,0.0,8.537100002286024,0.007470000000000001
MCP,30000,2,task_009::perturbed_0,perturbed_0,0,2124299,0.0,0.0,0.0,3.7826000043423846,15.932242500000001
SYNAPSE,30000,2,task_009::perturbed_1,perturbed_1,0,985,0.0,0.0,0.0,7.330699998419732,0.007387500000000001
MCP,30000,2,task_009::perturbed_1,perturbed_1,0,2124299,0.0,0.0,0.0,5.953799991402775,15.932242500000001
SYNAPSE,30000,2,task_010::clean,clean,1,1001,1.0,1.0,1.0,16.518600008566864,0.0075075
MCP,30000,2,task_010::clean,clean,1,2124299,0.0,0.0,0.0,3.227400011382997,15.932242500000001
SYNAPSE,30000,2,task_010::perturbed_0,perturbed_0,1,993,1.0,1.0,1.0,14.65519999328535,0.007447500000000001
MCP,30000,2,task_010::perturbed_0,perturbed_0,1,2124299,0.0,0.0,0.0,3.0882999999448657,15.932242500000001
SYNAPSE,30000,2,task_010::perturbed_1,perturbed_1,1,679,0.0,0.0,0.0,17.503299997770227,0.005092500000000001
MCP,30000,2,task_010::perturbed_1,perturbed_1,1,2124299,0.0,0.0,0.0,3.2396000024164096,15.932242500000001
SYNAPSE,30000,2,task_011::clean,clean,1,1014,1.0,1.0,1.0,32.84460000577383,0.007605000000000001
MCP,30000,2,task_011::clean,clean,1,2124299,0.0,0.0,0.0,3.048399987164885,15.932242500000001
SYNAPSE,30000,2,task_011::perturbed_0,perturbed_0,0,1009,0.0,0.0,0.0,6.70279999030754,0.0075675000000000004
MCP,30000,2,task_011::perturbed_0,perturbed_0,0,2124299,0.0,0.0,0.0,3.962499991757795,15.932242500000001
SYNAPSE,30000,2,task_011::perturbed_1,perturbed_1,0,1011,0.0,0.0,0.0,5.990199992083944,0.007582500000000001
MCP,30000,2,task_011::perturbed_1,perturbed_1,0,2124299,0.0,0.0,0.0,4.800800001248717,15.932242500000001
SYNAPSE,30000,2,task_012::clean,clean,1,988,1.0,1.0,1.0,50.47200000262819,0.007410000000000001
MCP,30000,2,task_012::clean,clean,1,2124299,0.0,0.0,0.0,3.2780000037746504,15.932242500000001
SYNAPSE,30000,2,task_012::perturbed_0,perturbed_0,1,984,0.0,0.0,0.0,39.42020000249613,0.00738
MCP,30000,2,task_012::perturbed_0,perturbed_0,1,2124299,0.0,0.0,0.0,3.0318999924929813,15.932242500000001
SYNAPSE,30000,2,task_012::perturbed_1,perturbed_1,0,986,0.0,0.0,0.0,8.352000004379079,0.0073950000000000005
MCP,30000,2,task_012::perturbed_1,perturbed_1,0,2124299,0.0,0.0,0.0,3.940900001907721,15.932242500000001
SYNAPSE,30000,2,task_013::clean,clean,1,979,1.0,1.0,1.0,46.323700007633306,0.007342500000000001
MCP,30000,2,task_013::clean,clean,1,2124299,0.0,0.0,0.0,3.036399997654371,15.932242500000001
SYNAPSE,30000,2,task_013::perturbed_0,perturbed_0,0,977,0.0,0.0,0.0,6.05379999615252,0.007327500000000001
MCP,30000,2,task_013::perturbed_0,perturbed_0,0,2124299,0.0,0.0,0.0,2.954800002044067,15.932242500000001
SYNAPSE,30000,2,task_013::perturbed_1,perturbed_1,1,979,1.0,1.0,1.0,40.17310000199359,0.007342500000000001
MCP,30000,2,task_013::perturbed_1,perturbed_1,1,2124299,0.0,0.0,0.0,3.0478999979095533,15.932242500000001
SYNAPSE,30000,2,task_014::clean,clean,1,1002,1.0,1.0,1.0,53.03099998855032,0.007515000000000001
MCP,30000,2,task_014::clean,clean,1,2124299,0.0,0.0,0.0,3.5115999926347286,15.932242500000001
SYNAPSE,30000,2,task_014::perturbed_0,perturbed_0,1,1004,0.0,0.0,0.0,44.369700000970624,0.00753
MCP,30000,2,task_014::perturbed_0,perturbed_0,1,2124299,0.0,0.0,0.0,3.714999998919666,15.932242500000001
SYNAPSE,30000,2,task_014::perturbed_1,perturbed_1,1,999,0.0,0.0,0.0,38.91689999727532,0.007492500000000001
MCP,30000,2,task_014::perturbed_1,perturbed_1,1,2124299,0.0,0.0,0.0,2.486299999873154,15.932242500000001
SYNAPSE,30000,2,task_015::clean,clean,1,1005,1.0,1.0,1.0,17.186400000355206,0.007537500000000001
MCP,30000,2,task_015::clean,clean,1,2124299,0.0,0.0,0.0,2.9052000027149916,15.932242500000001
SYNAPSE,30000,2,task_015::perturbed_0,perturbed_0,0,987,0.0,0.0,0.0,5.285099992761388,0.0074025
MCP,30000,2,task_015::perturbed_0,perturbed_0,0,2124299,0.0,0.0,0.0,2.6540999970166013,15.932242500000001
SYNAPSE,30000,2,task_015::perturbed_1,perturbed_1,1,995,0.0,0.0,0.0,16.409899995778687,0.0074625
MCP,30000,2,task_015::perturbed_1,perturbed_1,1,2124299,0.0,0.0,0.0,3.090800004429184,15.932242500000001
SYNAPSE,30000,2,task_016::clean,clean,1,990,1.0,1.0,1.0,32.98730000096839,0.007425
MCP,30000,2,task_016::clean,clean,1,2124299,0.0,0.0,0.0,3.2216999970842153,15.932242500000001
SYNAPSE,30000,2,task_016::perturbed_0,perturbed_0,1,994,1.0,1.0,1.0,32.173200001125224,0.007455000000000001
MCP,30000,2,task_016::perturbed_0,perturbed_0,1,2124299,0.0,0.0,0.0,4.084999993210658,15.932242500000001
SYNAPSE,30000,2,task_016::perturbed_1,perturbed_1,0,990,0.0,0.0,0.0,6.788600003346801,0.007425
MCP,30000,2,task_016::perturbed_1,perturbed_1,0,2124299,0.0,0.0,0.0,3.1718000100227073,15.932242500000001
SYNAPSE,30000,2,task_017::clean,clean,1,999,1.0,1.0,1.0,46.08119999465998,0.007492500000000001
MCP,30000,2,task_017::clean,clean,1,2124299,0.0,0.0,0.0,3.143699999782257,15.932242500000001
SYNAPSE,30000,2,task_017::perturbed_0,perturbed_0,1,993,1.0,1.0,1.0,43.78379999252502,0.007447500000000001
MCP,30000,2,task_017::perturbed_0,perturbed_0,1,2124299,0.0,0.0,0.0,3.6001999978907406,15.932242500000001
SYNAPSE,30000,2,task_017::perturbed_1,perturbed_1,1,999,1.0,1.0,1.0,40.08550000435207,0.007492500000000001
MCP,30000,2,task_017::perturbed_1,perturbed_1,1,2124299,0.0,0.0,0.0,2.769099999568425,15.932242500000001
SYNAPSE,30000,2,task_018::clean,clean,1,965,1.0,1.0,1.0,46.97170000872575,0.007237500000000001
MCP,30000,2,task_018::clean,clean,1,2124299,0.0,0.0,0.0,3.4744000004138798,15.932242500000001
SYNAPSE,30000,2,task_018::perturbed_0,perturbed_0,0,956,0.0,0.0,0.0,7.363700002315454,0.00717
MCP,30000,2,task_018::perturbed_0,perturbed_0,0,2124299,0.0,0.0,0.0,4.130899993469939,15.932242500000001
SYNAPSE,30000,2,task_018::perturbed_1,perturbed_1,1,973,1.0,0.0,0.25,40.98879999946803,0.0072975
MCP,30000,2,task_018::perturbed_1,perturbed_1,1,2124299,0.0,0.0,0.0,2.8907999949296936,15.932242500000001
SYNAPSE,30000,2,task_019::clean,clean,1,981,1.0,1.0,1.0,43.3274000097299,0.0073575
MCP,30000,2,task_019::clean,clean,1,2124299,0.0,0.0,0.0,3.1242000113707036,15.932242500000001
SYNAPSE,30000,2,task_019::perturbed_0,perturbed_0,0,958,0.0,0.0,0.0,6.268099998123944,0.007185
MCP,30000,2,task_019::perturbed_0,perturbed_0,0,2124299,0.0,0.0,0.0,3.1063000060385093,15.932242500000001
SYNAPSE,30000,2,task_019::perturbed_1,perturbed_1,0,679,0.0,0.0,0.0,9.483100002398714,0.005092500000000001
MCP,30000,2,task_019::perturbed_1,perturbed_1,0,2124299,0.0,0.0,0.0,3.262800004449673,15.932242500000001
SYNAPSE,30000,2,task_020::clean,clean,1,1012,1.0,1.0,1.0,16.381699999328703,0.00759
MCP,30000,2,task_020::clean,clean,1,2124299,0.0,0.0,0.0,3.083799994783476,15.932242500000001
SYNAPSE,30000,2,task_020::perturbed_0,perturbed_0,1,679,0.0,0.0,0.0,18.389000004390255,0.005092500000000001
MCP,30000,2,task_020::perturbed_0,perturbed_0,1,2124299,0.0,0.0,0.0,4.277599990018643,15.932242500000001
SYNAPSE,30000,2,task_020::perturbed_1,perturbed_1,1,679,0.0,0.0,0.0,20.99429999361746,0.005092500000000001
MCP,30000,2,task_020::perturbed_1,perturbed_1,1,2124299,0.0,0.0,0.0,3.9828000008128583,15.932242500000001
SYNAPSE,30000,2,task_021::clean,clean,1,995,1.0,1.0,1.0,38.807599994470365,0.0074625
MCP,30000,2,task_021::clean,clean,1,2124299,0.0,0.0,0.0,4.7015000018291175,15.932242500000001
SYNAPSE,30000,2,task_021::perturbed_0,perturbed_0,0,991,0.0,0.0,0.0,7.6367000001482666,0.007432500000000001
MCP,30000,2,task_021::perturbed_0,perturbed_0,0,2124299,0.0,0.0,0.0,4.825099997106008,15.932242500000001
SYNAPSE,30000,2,task_021::perturbed_1,perturbed_1,1,993,1.0,1.0,1.0,30.953900000895374,0.007447500000000001
MCP,30000,2,task_021::perturbed_1,perturbed_1,1,2124299,0.0,0.0,0.0,2.7639000036288053,15.932242500000001
SYNAPSE,30000,2,task_022::clean,clean,1,974,1.0,1.0,1.0,44.222199998330325,0.007305000000000001
MCP,30000,2,task_022::clean,clean,1,2124299,0.0,0.0,0.0,4.056199992191978,15.932242500000001
SYNAPSE,30000,2,task_022::perturbed_0,perturbed_0,0,679,0.0,0.0,0.0,9.429899990209378,0.005092500000000001
MCP,30000,2,task_022::perturbed_0,perturbed_0,0,2124299,0.0,0.0,0.0,3.2627000036882237,15.932242500000001
SYNAPSE,30000,2,task_022::perturbed_1,perturbed_1,0,971,0.0,0.0,0.0,7.253800009493716,0.007282500000000001
MCP,30000,2,task_022::perturbed_1,perturbed_1,0,2124299,0.0,0.0,0.0,3.0036999960429966,15.932242500000001
SYNAPSE,30000,2,task_023::clean,clean,1,960,1.0,1.0,1.0,39.8474000103306,0.007200000000000001
MCP,30000,2,task_023::clean,clean,1,2124299,0.0,0.0,0.0,3.0183999915607274,15.932242500000001
SYNAPSE,30000,2,task_023::perturbed_0,perturbed_0,1,962,1.0,1.0,1.0,41.99329999391921,0.007215000000000001
MCP,30000,2,task_023::perturbed_0,perturbed_0,1,2124299,0.0,0.0,0.0,3.714199992828071,15.932242500000001
SYNAPSE,30000,2,task_023::perturbed_1,perturbed_1,1,961,0.0,0.0,0.0,38.99040000396781,0.0072075
MCP,30000,2,task_023::perturbed_1,perturbed_1,1,2124299,0.0,0.0,0.0,3.913199994713068,15.932242500000001
SYNAPSE,30000,2,task_024::clean,clean,1,974,1.0,1.0,1.0,49.68070000177249,0.007305000000000001
MCP,30000,2,task_024::clean,clean,1,2124299,0.0,0.0,0.0,3.193299999111332,15.932242500000001
SYNAPSE,30000,2,task_024::perturbed_0,perturbed_0,0,969,0.0,0.0,0.0,5.743000001530163,0.0072675000000000005
MCP,30000,2,task_024::perturbed_0,perturbed_0,0,2124299,0.0,0.0,0.0,4.805500007933006,15.932242500000001
SYNAPSE,30000,2,task_024::perturbed_1,perturbed_1,0,972,0.0,0.0,0.0,8.002899994608015,0.0072900000000000005
MCP,30000,2,task_024::perturbed_1,perturbed_1,0,2124299,0.0,0.0,0.0,3.191800002241507,15.932242500000001
SYNAPSE,30000,2,task_025::clean,clean,1,1001,1.0,1.0,1.0,17.493899998953566,0.0075075
MCP,30000,2,task_025::clean,clean,1,2124299,0.0,0.0,0.0,4.124899991438724,15.932242500000001
SYNAPSE,30000,2,task_025::perturbed_0,perturbed_0,0,679,0.0,0.0,0.0,10.509600004297681,0.005092500000000001
MCP,30000,2,task_025::perturbed_0,perturbed_0,0,2124299,0.0,0.0,0.0,4.623100001481362,15.932242500000001
SYNAPSE,30000,2,task_025::perturbed_1,perturbed_1,0,986,0.0,0.0,0.0,7.380800001556054,0.0073950000000000005
MCP,30000,2,task_025::perturbed_1,perturbed_1,0,2124299,0.0,0.0,0.0,3.599000003305264,15.932242500000001
SYNAPSE,30000,2,task_026::clean,clean,1,1012,1.0,1.0,1.0,31.64650000690017,0.00759
MCP,30000,2,task_026::clean,clean,1,2124299,0.0,0.0,0.0,4.001599998446181,15.932242500000001
SYNAPSE,30000,2,task_026::perturbed_0,perturbed_0,1,1012,1.0,1.0,1.0,39.015899994410574,0.00759
MCP,30000,2,task_026::perturbed_0,perturbed_0,1,2124299,0.0,0.0,0.0,3.320300005725585,15.932242500000001
SYNAPSE,30000,2,task_026::perturbed_1,perturbed_1,1,1012,1.0,1.0,1.0,30.056200004764833,0.00759
MCP,30000,2,task_026::perturbed_1,perturbed_1,1,2124299,0.0,0.0,0.0,3.975699990405701,15.932242500000001
SYNAPSE,30000,2,task_027::clean,clean,1,973,1.0,0.0,0.3333333333333333,44.92450000543613,0.0072975
MCP,30000,2,task_027::clean,clean,1,2124299,0.0,0.0,0.0,3.517500008456409,15.932242500000001
SYNAPSE,30000,2,task_027::perturbed_0,perturbed_0,1,971,0.0,0.0,0.0,42.402599996421486,0.007282500000000001
MCP,30000,2,task_027::perturbed_0,perturbed_0,1,2124299,0.0,0.0,0.0,3.075200002058409,15.932242500000001
SYNAPSE,30000,2,task_027::perturbed_1,perturbed_1,1,679,0.0,0.0,0.0,50.667699993937276,0.005092500000000001
MCP,30000,2,task_027::perturbed_1,perturbed_1,1,2124299,0.0,0.0,0.0,4.539100002148189,15.932242500000001
SYNAPSE,30000,2,task_028::clean,clean,1,962,1.0,1.0,1.0,39.66789999685716,0.007215000000000001
MCP,30000,2,task_028::clean,clean,1,2124299,0.0,0.0,0.0,3.519099991535768,15.932242500000001
SYNAPSE,30000,2,task_028::perturbed_0,perturbed_0,1,971,1.0,0.0,0.5,39.72669999348,0.007282500000000001
MCP,30000,2,task_028::perturbed_0,perturbed_0,1,2124299,0.0,0.0,0.0,5.101600007037632,15.932242500000001
SYNAPSE,30000,2,task_028::perturbed_1,perturbed_1,1,971,1.0,0.0,0.5,44.48860000411514,0.007282500000000001
MCP,30000,2,task_028::perturbed_1,perturbed_1,1,2124299,0.0,0.0,0.0,3.1076000013854355,15.932242500000001
SYNAPSE,30000,2,task_029::clean,clean,1,978,1.0,1.0,1.0,39.635099994484335,0.007335
MCP,30000,2,task_029::clean,clean,1,2124299,0.0,0.0,0.0,3.335100002004765,15.932242500000001
SYNAPSE,30000,2,task_029::perturbed_0,perturbed_0,1,971,0.0,0.0,0.0,40.62289999274071,0.007282500000000001
MCP,30000,2,task_029::perturbed_0,perturbed_0,1,2124299,0.0,0.0,0.0,3.1024000054458156,15.932242500000001
SYNAPSE,30000,2,task_029::perturbed_1,perturbed_1,1,971,0.0,0.0,0.0,42.42230000090785,0.007282500000000001
MCP,30000,2,task_029::perturbed_1,perturbed_1,1,2124299,0.0,0.0,0.0,3.7127999967196956,15.932242500000001
SYNAPSE,30000,3,task_000::clean,clean,1,1017,1.0,1.0,1.0,17.525799994473346,0.007627500000000001
MCP,30000,3,task_000::clean,clean,1,2124461,0.0,0.0,0.0,2.487200006726198,15.933457500000001
SYNAPSE,30000,3,task_000::perturbed_0,perturbed_0,1,1004,1.0,0.0,0.5,19.516300002578646,0.00753
MCP,30000,3,task_000::perturbed_0,perturbed_0,1,2124461,0.0,0.0,0.0,3.0048000044189394,15.933457500000001
SYNAPSE,30000,3,task_000::perturbed_1,perturbed_1,0,994,0.0,0.0,0.0,6.541099995956756,0.007455000000000001
MCP,30000,3,task_000::perturbed_1,perturbed_1,0,2124461,0.0,0.0,0.0,2.818300010403618,15.933457500000001
SYNAPSE,30000,3,task_001::clean,clean,1,1016,1.0,1.0,1.0,32.5068999954965,0.007620000000000001
MCP,30000,3,task_001::clean,clean,1,2124461,0.0,0.0,0.0,3.2393000001320615,15.933457500000001
SYNAPSE,30000,3,task_001::perturbed_0,perturbed_0,0,985,0.0,0.0,0.0,5.3343000035965815,0.007387500000000001
MCP,30000,3,task_001::perturbed_0,perturbed_0,0,2124461,0.0,0.0,0.0,2.6615000097081065,15.933457500000001
SYNAPSE,30000,3,task_001::perturbed_1,perturbed_1,1,1016,1.0,1.0,1.0,31.000799994217232,0.007620000000000001
MCP,30000,3,task_001::perturbed_1,perturbed_1,1,2124461,0.0,0.0,0.0,3.5995999933220446,15.933457500000001
SYNAPSE,30000,3,task_002::clean,clean,1,983,1.0,1.0,1.0,42.99960000207648,0.007372500000000001
MCP,30000,3,task_002::clean,clean,1,2124461,0.0,0.0,0.0,2.964700004667975,15.933457500000001
SYNAPSE,30000,3,task_002::perturbed_0,perturbed_0,1,981,0.0,0.0,0.0,37.67419999348931,0.0073575
MCP,30000,3,task_002::perturbed_0,perturbed_0,1,2124461,0.0,0.0,0.0,3.2349000102840364,15.933457500000001
SYNAPSE,30000,3,task_002::perturbed_1,perturbed_1,1,982,0.0,0.0,0.0,27.441099999123253,0.007365000000000001
MCP,30000,3,task_002::perturbed_1,perturbed_1,1,2124461,0.0,0.0,0.0,5.115600011777133,15.933457500000001
SYNAPSE,30000,3,task_003::clean,clean,1,968,1.0,1.0,1.0,51.148900005500764,0.007260000000000001
MCP,30000,3,task_003::clean,clean,1,2124461,0.0,0.0,0.0,3.6016000085510314,15.933457500000001
SYNAPSE,30000,3,task_003::perturbed_0,perturbed_0,1,972,1.0,1.0,1.0,41.957399997045286,0.0072900000000000005
MCP,30000,3,task_003::perturbed_0,perturbed_0,1,2124461,0.0,0.0,0.0,4.295799997635186,15.933457500000001
SYNAPSE,30000,3,task_003::perturbed_1,perturbed_1,1,983,1.0,1.0,1.0,45.934300011140294,0.007372500000000001
MCP,30000,3,task_003::perturbed_1,perturbed_1,1,2124461,0.0,0.0,0.0,3.4196000051451847,15.933457500000001
SYNAPSE,30000,3,task_004::clean,clean,1,987,1.0,1.0,1.0,40.533099992899224,0.0074025
MCP,30000,3,task_004::clean,clean,1,2124461,0.0,0.0,0.0,2.855200000340119,15.933457500000001
SYNAPSE,30000,3,task_004::perturbed_0,perturbed_0,1,975,1.0,0.0,0.5,34.86200000043027,0.0073125
MCP,30000,3,task_004::perturbed_0,perturbed_0,1,2124461,0.0,0.0,0.0,3.114199993433431,15.933457500000001
SYNAPSE,30000,3,task_004::perturbed_1,perturbed_1,1,975,1.0,0.0,0.5,37.694799990276806,0.0073125
MCP,30000,3,task_004::perturbed_1,perturbed_1,1,2124461,0.0,0.0,0.0,4.154299997026101,15.933457500000001
SYNAPSE,30000,3,task_005::clean,clean,1,998,1.0,1.0,1.0,20.833399990806356,0.007485
MCP,30000,3,task_005::clean,clean,1,2124461,0.0,0.0,0.0,3.889799991156906,15.933457500000001
SYNAPSE,30000,3,task_005::perturbed_0,perturbed_0,1,998,1.0,1.0,1.0,25.403899999218993,0.007485
MCP,30000,3,task_005::perturbed_0,perturbed_0,1,2124461,0.0,0.0,0.0,3.0546999914804474,15.933457500000001
SYNAPSE,30000,3,task_005::perturbed_1,perturbed_1,1,990,1.0,1.0,1.0,18.88209999015089,0.007425
MCP,30000,3,task_005::perturbed_1,perturbed_1,1,2124461,0.0,0.0,0.0,3.071099999942817,15.933457500000001
SYNAPSE,30000,3,task_006::clean,clean,1,987,1.0,1.0,1.0,30.765499992412515,0.0074025
MCP,30000,3,task_006::clean,clean,1,2124461,0.0,0.0,0.0,2.9473000031430274,15.933457500000001
SYNAPSE,30000,3,task_006::perturbed_0,perturbed_0,1,980,1.0,0.0,0.3333333333333333,30.000300001120195,0.007350000000000001
MCP,30000,3,task_006::perturbed_0,perturbed_0,1,2124461,0.0,0.0,0.0,3.059800001210533,15.933457500000001
SYNAPSE,30000,3,task_006::perturbed_1,perturbed_1,1,984,1.0,0.0,0.5,33.33639999618754,0.00738
MCP,30000,3,task_006::perturbed_1,perturbed_1,1,2124461,0.0,0.0,0.0,2.6175999955739826,15.933457500000001
SYNAPSE,30000,3,task_007::clean,clean,1,970,1.0,1.0,1.0,40.215799992438406,0.007275
MCP,30000,3,task_007::clean,clean,1,2124461,0.0,0.0,0.0,3.427699994063005,15.933457500000001
SYNAPSE,30000,3,task_007::perturbed_0,perturbed_0,0,964,0.0,0.0,0.0,9.132499995757826,0.00723
MCP,30000,3,task_007::perturbed_0,perturbed_0,0,2124461,0.0,0.0,0.0,3.8558000087505206,15.933457500000001
SYNAPSE,30000,3,task_007::perturbed_1,perturbed_1,1,962,0.0,0.0,0.0,56.39050000172574,0.007215000000000001
MCP,30000,3,task_007::perturbed_1,perturbed_1,1,2124461,0.0,0.0,0.0,4.361399987828918,15.933457500000001
SYNAPSE,30000,3,task_008::clean,clean,1,977,1.0,1.0,1.0,38.55620000103954,0.007327500000000001
MCP,30000,3,task_008::clean,clean,1,2124461,0.0,0.0,0.0,2.71950000023935,15.933457500000001
SYNAPSE,30000,3,task_008::perturbed_0,perturbed_0,1,981,1.0,1.0,1.0,37.958100001560524,0.0073575
MCP,30000,3,task_008::perturbed_0,perturbed_0,1,2124461,0.0,0.0,0.0,3.010000000358559,15.933457500000001
SYNAPSE,30000,3,task_008::perturbed_1,perturbed_1,1,981,1.0,1.0,1.0,43.75090000394266,0.0073575
MCP,30000,3,task_008::perturbed_1,perturbed_1,1,2124461,0.0,0.0,0.0,3.1447999936062843,15.933457500000001
SYNAPSE,30000,3,task_009::clean,clean,1,986,1.0,1.0,1.0,42.059699990204535,0.0073950000000000005
MCP,30000,3,task_009::clean,clean,1,2124461,0.0,0.0,0.0,3.3229999971808866,15.933457500000001
SYNAPSE,30000,3,task_009::perturbed_0,perturbed_0,0,991,0.0,0.0,0.0,8.958899998106062,0.007432500000000001
MCP,30000,3,task_009::perturbed_0,perturbed_0,0,2124461,0.0,0.0,0.0,2.7711000002454966,15.933457500000001
SYNAPSE,30000,3,task_009::perturbed_1,perturbed_1,1,679,0.0,0.0,0.0,45.31709999719169,0.005092500000000001
MCP,30000,3,task_009::perturbed_1,perturbed_1,1,2124461,0.0,0.0,0.0,3.647699995781295,15.933457500000001
SYNAPSE,30000,3,task_010::clean,clean,1,987,1.0,1.0,1.0,17.72450000862591,0.0074025
MCP,30000,3,task_010::clean,clean,1,2124461,0.0,0.0,0.0,2.6543999993009493,15.933457500000001
SYNAPSE,30000,3,task_010::perturbed_0,perturbed_0,1,982,1.0,0.0,0.5,16.177299999981187,0.007365000000000001
MCP,30000,3,task_010::perturbed_0,perturbed_0,1,2124461,0.0,0.0,0.0,3.4487999946577474,15.933457500000001
SYNAPSE,30000,3,task_010::perturbed_1,perturbed_1,1,988,1.0,0.0,0.3333333333333333,17.17619999544695,0.007410000000000001
MCP,30000,3,task_010::perturbed_1,perturbed_1,1,2124461,0.0,0.0,0.0,3.0573999974876642,15.933457500000001
SYNAPSE,30000,3,task_011::clean,clean,1,995,1.0,1.0,1.0,34.7802999895066,0.0074625
MCP,30000,3,task_011::clean,clean,1,2124461,0.0,0.0,0.0,3.115100000286475,15.933457500000001
SYNAPSE,30000,3,task_011::perturbed_0,perturbed_0,1,1005,1.0,0.0,0.5,28.945400001248345,0.007537500000000001
MCP,30000,3,task_011::perturbed_0,perturbed_0,1,2124461,0.0,0.0,0.0,2.9885999974794686,15.933457500000001
SYNAPSE,30000,3,task_011::perturbed_1,perturbed_1,0,989,0.0,0.0,0.0,6.2671999912709,0.0074175000000000005
MCP,30000,3,task_011::perturbed_1,perturbed_1,0,2124461,0.0,0.0,0.0,2.9962000116938725,15.933457500000001
SYNAPSE,30000,3,task_012::clean,clean,1,984,1.0,1.0,1.0,39.847899999585934,0.00738
MCP,30000,3,task_012::clean,clean,1,2124461,0.0,0.0,0.0,3.045300007215701,15.933457500000001
SYNAPSE,30000,3,task_012::perturbed_0,perturbed_0,0,983,0.0,0.0,0.0,7.184800007962622,0.007372500000000001
MCP,30000,3,task_012::perturbed_0,perturbed_0,0,2124461,0.0,0.0,0.0,3.6271999997552484,15.933457500000001
SYNAPSE,30000,3,task_012::perturbed_1,perturbed_1,0,984,0.0,0.0,0.0,8.65620000695344,0.00738
MCP,30000,3,task_012::perturbed_1,perturbed_1,0,2124461,0.0,0.0,0.0,4.962499995599501,15.933457500000001
SYNAPSE,30000,3,task_013::clean,clean,1,980,1.0,1.0,1.0,43.90649999550078,0.007350000000000001
MCP,30000,3,task_013::clean,clean,1,2124461,0.0,0.0,0.0,3.322799995657988,15.933457500000001
SYNAPSE,30000,3,task_013::perturbed_0,perturbed_0,0,979,0.0,0.0,0.0,7.036399998469278,0.007342500000000001
MCP,30000,3,task_013::perturbed_0,perturbed_0,0,2124461,0.0,0.0,0.0,3.6632999981520697,15.933457500000001
SYNAPSE,30000,3,task_013::perturbed_1,perturbed_1,0,981,0.0,0.0,0.0,7.538099991506897,0.0073575
MCP,30000,3,task_013::perturbed_1,perturbed_1,0,2124461,0.0,0.0,0.0,3.6216000007698312,15.933457500000001
SYNAPSE,30000,3,task_014::clean,clean,1,1022,1.0,1.0,1.0,53.22339999838732,0.007665000000000001
MCP,30000,3,task_014::clean,clean,1,2124461,0.0,0.0,0.0,3.299100004369393,15.933457500000001
SYNAPSE,30000,3,task_014::perturbed_0,perturbed_0,1,1022,1.0,1.0,1.0,46.735800002352335,0.007665000000000001
MCP,30000,3,task_014::perturbed_0,perturbed_0,1,2124461,0.0,0.0,0.0,3.977100001065992,15.933457500000001
SYNAPSE,30000,3,task_014::perturbed_1,perturbed_1,0,1002,0.0,0.0,0.0,7.194099991465919,0.007515000000000001
MCP,30000,3,task_014::perturbed_1,perturbed_1,0,2124461,0.0,0.0,0.0,3.046900004846975,15.933457500000001
SYNAPSE,30000,3,task_015::clean,clean,1,1000,1.0,1.0,1.0,19.725700010894798,0.007500000000000001
MCP,30000,3,task_015::clean,clean,1,2124461,0.0,0.0,0.0,4.462199998670258,15.933457500000001
SYNAPSE,30000,3,task_015::perturbed_0,perturbed_0,1,984,1.0,1.0,1.0,23.72070000274107,0.00738
MCP,30000,3,task_015::perturbed_0,perturbed_0,1,2124461,0.0,0.0,0.0,4.8451999900862575,15.933457500000001
SYNAPSE,30000,3,task_015::perturbed_1,perturbed_1,1,983,1.0,0.0,0.25,20.81729999918025,0.007372500000000001
MCP,30000,3,task_015::perturbed_1,perturbed_1,1,2124461,0.0,0.0,0.0,4.201000003376976,15.933457500000001
SYNAPSE,30000,3,task_016::clean,clean,1,998,1.0,1.0,1.0,38.839599990751594,0.007485
MCP,30000,3,task_016::clean,clean,1,2124461,0.0,0.0,0.0,3.2426999969175085,15.933457500000001
SYNAPSE,30000,3,task_016::perturbed_0,perturbed_0,1,998,1.0,1.0,1.0,41.33950000687037,0.007485
MCP,30000,3,task_016::perturbed_0,perturbed_0,1,2124461,0.0,0.0,0.0,2.9418000049190596,15.933457500000001
SYNAPSE,30000,3,task_016::perturbed_1,perturbed_1,1,999,1.0,1.0,1.0,26.874799994402565,0.007492500000000001
MCP,30000,3,task_016::perturbed_1,perturbed_1,1,2124461,0.0,0.0,0.0,3.067400000873022,15.933457500000001
SYNAPSE,30000,3,task_017::clean,clean,1,998,1.0,1.0,1.0,45.69369999808259,0.007485
MCP,30000,3,task_017::clean,clean,1,2124461,0.0,0.0,0.0,4.0686000138521194,15.933457500000001
SYNAPSE,30000,3,task_017::perturbed_0,perturbed_0,0,988,0.0,0.0,0.0,6.8835999991279095,0.007410000000000001
MCP,30000,3,task_017::perturbed_0,perturbed_0,0,2124461,0.0,0.0,0.0,4.2428000015206635,15.933457500000001
SYNAPSE,30000,3,task_017::perturbed_1,perturbed_1,1,994,1.0,0.0,0.25,49.46330000529997,0.007455000000000001
MCP,30000,3,task_017::perturbed_1,perturbed_1,1,2124461,0.0,0.0,0.0,3.425599992624484,15.933457500000001
SYNAPSE,30000,3,task_018::clean,clean,1,970,1.0,1.0,1.0,36.68499999912456,0.007275
MCP,30000,3,task_018::clean,clean,1,2124461,0.0,0.0,0.0,2.89209999027662,15.933457500000001
SYNAPSE,30000,3,task_018::perturbed_0,perturbed_0,1,961,0.0,0.0,0.0,36.87229999923147,0.0072075
MCP,30000,3,task_018::perturbed_0,perturbed_0,1,2124461,0.0,0.0,0.0,3.6441999982343987,15.933457500000001
SYNAPSE,30000,3,task_018::perturbed_1,perturbed_1,1,970,1.0,1.0,1.0,38.374099996872246,0.007275
MCP,30000,3,task_018::perturbed_1,perturbed_1,1,2124461,0.0,0.0,0.0,1.3100000069243833,15.933457500000001
SYNAPSE,30000,3,task_019::clean,clean,1,972,1.0,1.0,1.0,40.42499999923166,0.0072900000000000005
MCP,30000,3,task_019::clean,clean,1,2124461,0.0,0.0,0.0,4.435000009834766,15.933457500000001
SYNAPSE,30000,3,task_019::perturbed_0,perturbed_0,1,679,0.0,0.0,0.0,176.55679999734275,0.005092500000000001
MCP,30000,3,task_019::perturbed_0,perturbed_0,1,2124461,0.0,0.0,0.0,3.1130999996094033,15.933457500000001
SYNAPSE,30000,3,task_019::perturbed_1,perturbed_1,1,981,1.0,1.0,1.0,35.09469999698922,0.0073575
MCP,30000,3,task_019::perturbed_1,perturbed_1,1,2124461,0.0,0.0,0.0,2.69799999659881,15.933457500000001
SYNAPSE,30000,3,task_020::clean,clean,1,991,1.0,1.0,1.0,14.968599993153475,0.007432500000000001
MCP,30000,3,task_020::clean,clean,1,2124461,0.0,0.0,0.0,3.77660000231117,15.933457500000001
SYNAPSE,30000,3,task_020::perturbed_0,perturbed_0,1,991,1.0,1.0,1.0,15.515699997195043,0.007432500000000001
MCP,30000,3,task_020::perturbed_0,perturbed_0,1,2124461,0.0,0.0,0.0,4.200499999569729,15.933457500000001
SYNAPSE,30000,3,task_020::perturbed_1,perturbed_1,0,978,0.0,0.0,0.0,5.385399999795482,0.007335
MCP,30000,3,task_020::perturbed_1,perturbed_1,0,2124461,0.0,0.0,0.0,3.761299987672828,15.933457500000001
SYNAPSE,30000,3,task_021::clean,clean,1,986,1.0,1.0,1.0,33.851700005470775,0.0073950000000000005
MCP,30000,3,task_021::clean,clean,1,2124461,0.0,0.0,0.0,3.3952999947359785,15.933457500000001
SYNAPSE,30000,3,task_021::perturbed_0,perturbed_0,0,983,0.0,0.0,0.0,4.990899993572384,0.007372500000000001
MCP,30000,3,task_021::perturbed_0,perturbed_0,0,2124461,0.0,0.0,0.0,3.851699992083013,15.933457500000001
SYNAPSE,30000,3,task_021::perturbed_1,perturbed_1,1,986,1.0,1.0,1.0,37.00500000559259,0.0073950000000000005
MCP,30000,3,task_021::perturbed_1,perturbed_1,1,2124461,0.0,0.0,0.0,4.458600000361912,15.933457500000001
SYNAPSE,30000,3,task_022::clean,clean,1,968,1.0,1.0,1.0,47.19599999953061,0.007260000000000001
MCP,30000,3,task_022::clean,clean,1,2124461,0.0,0.0,0.0,3.3562000025995076,15.933457500000001
SYNAPSE,30000,3,task_022::perturbed_0,perturbed_0,0,971,0.0,0.0,0.0,5.489600007422268,0.007282500000000001
MCP,30000,3,task_022::perturbed_0,perturbed_0,0,2124461,0.0,0.0,0.0,4.1329999949084595,15.933457500000001
SYNAPSE,30000,3,task_022::perturbed_1,perturbed_1,1,967,0.0,0.0,0.0,39.349999991827644,0.0072525
MCP,30000,3,task_022::perturbed_1,perturbed_1,1,2124461,0.0,0.0,0.0,3.1356999970739707,15.933457500000001
SYNAPSE,30000,3,task_023::clean,clean,1,980,1.0,1.0,1.0,40.04940000595525,0.007350000000000001
MCP,30000,3,task_023::clean,clean,1,2124461,0.0,0.0,0.0,3.5974000056739897,15.933457500000001
SYNAPSE,30000,3,task_023::perturbed_0,perturbed_0,0,679,0.0,0.0,0.0,7.926099991891533,0.005092500000000001
MCP,30000,3,task_023::perturbed_0,perturbed_0,0,2124461,0.0,0.0,0.0,3.002800003741868,15.933457500000001
SYNAPSE,30000,3,task_023::perturbed_1,perturbed_1,0,981,0.0,0.0,0.0,7.928499995614402,0.0073575
MCP,30000,3,task_023::perturbed_1,perturbed_1,0,2124461,0.0,0.0,0.0,3.222899991669692,15.933457500000001
SYNAPSE,30000,3,task_024::clean,clean,1,972,1.0,1.0,1.0,47.82959999283776,0.0072900000000000005
MCP,30000,3,task_024::clean,clean,1,2124461,0.0,0.0,0.0,4.624199995305389,15.933457500000001
SYNAPSE,30000,3,task_024::perturbed_0,perturbed_0,0,978,0.0,0.0,0.0,6.221899995580316,0.007335
MCP,30000,3,task_024::perturbed_0,perturbed_0,0,2124461,0.0,0.0,0.0,3.9127000054577366,15.933457500000001
SYNAPSE,30000,3,task_024::perturbed_1,perturbed_1,1,972,1.0,1.0,1.0,44.78399999788962,0.0072900000000000005
MCP,30000,3,task_024::perturbed_1,perturbed_1,1,2124461,0.0,0.0,0.0,3.0153999978210777,15.933457500000001
SYNAPSE,30000,3,task_025::clean,clean,1,996,1.0,1.0,1.0,15.273500001057982,0.007470000000000001
MCP,30000,3,task_025::clean,clean,1,2124461,0.0,0.0,0.0,3.1747000030009076,15.933457500000001
SYNAPSE,30000,3,task_025::perturbed_0,perturbed_0,1,998,1.0,1.0,1.0,15.312699993955903,0.007485
MCP,30000,3,task_025::perturbed_0,perturbed_0,1,2124461,0.0,0.0,0.0,3.075200002058409,15.933457500000001
SYNAPSE,30000,3,task_025::perturbed_1,perturbed_1,1,997,1.0,1.0,1.0,16.21319999685511,0.007477500000000001
MCP,30000,3,task_025::perturbed_1,perturbed_1,1,2124461,0.0,0.0,0.0,3.4693999914452434,15.933457500000001
SYNAPSE,30000,3,task_026::clean,clean,1,1006,1.0,1.0,1.0,29.99299998919014,0.0075450000000000005
MCP,30000,3,task_026::clean,clean,1,2124461,0.0,0.0,0.0,2.8342000005068257,15.933457500000001
SYNAPSE,30000,3,task_026::perturbed_0,perturbed_0,1,1011,1.0,1.0,1.0,34.39559999969788,0.007582500000000001
MCP,30000,3,task_026::perturbed_0,perturbed_0,1,2124461,0.0,0.0,0.0,3.1804999889573082,15.933457500000001
SYNAPSE,30000,3,task_026::perturbed_1,perturbed_1,0,1009,0.0,0.0,0.0,7.675700006075203,0.0075675000000000004
MCP,30000,3,task_026::perturbed_1,perturbed_1,0,2124461,0.0,0.0,0.0,2.6500999956624582,15.933457500000001
SYNAPSE,30000,3,task_027::clean,clean,1,969,1.0,1.0,1.0,40.13969999505207,0.0072675000000000005
MCP,30000,3,task_027::clean,clean,1,2124461,0.0,0.0,0.0,3.0980000010458753,15.933457500000001
SYNAPSE,30000,3,task_027::perturbed_0,perturbed_0,1,963,0.0,0.0,0.0,35.821400000713766,0.007222500000000001
MCP,30000,3,task_027::perturbed_0,perturbed_0,1,2124461,0.0,0.0,0.0,3.002299999934621,15.933457500000001
SYNAPSE,30000,3,task_027::perturbed_1,perturbed_1,1,971,1.0,0.0,0.14285714285714285,37.62770000321325,0.007282500000000001
MCP,30000,3,task_027::perturbed_1,perturbed_1,1,2124461,0.0,0.0,0.0,2.5809000071603805,15.933457500000001
SYNAPSE,30000,3,task_028::clean,clean,1,970,1.0,1.0,1.0,36.554100006469525,0.007275
MCP,30000,3,task_028::clean,clean,1,2124461,0.0,0.0,0.0,2.5327000039396808,15.933457500000001
SYNAPSE,30000,3,task_028::perturbed_0,perturbed_0,0,967,0.0,0.0,0.0,4.927100002532825,0.0072525
MCP,30000,3,task_028::perturbed_0,perturbed_0,0,2124461,0.0,0.0,0.0,2.650599999469705,15.933457500000001
SYNAPSE,30000,3,task_028::perturbed_1,perturbed_1,0,966,0.0,0.0,0.0,5.914800000027753,0.007245000000000001
MCP,30000,3,task_028::perturbed_1,perturbed_1,0,2124461,0.0,0.0,0.0,2.8670000028796494,15.933457500000001
SYNAPSE,30000,3,task_029::clean,clean,1,979,1.0,0.0,0.5,46.75429999770131,0.007342500000000001
MCP,30000,3,task_029::clean,clean,1,2124461,0.0,0.0,0.0,4.08850000530947,15.933457500000001
SYNAPSE,30000,3,task_029::perturbed_0,perturbed_0,1,976,0.0,0.0,0.0,43.93859999254346,0.007320000000000001
MCP,30000,3,task_029::perturbed_0,perturbed_0,1,2124461,0.0,0.0,0.0,3.2765000069048256,15.933457500000001
SYNAPSE,30000,3,task_029::perturbed_1,perturbed_1,0,970,0.0,0.0,0.0,5.42940000013914,0.007275
MCP,30000,3,task_029::perturbed_1,perturbed_1,0,2124461,0.0,0.0,0.0,3.2452000014018267,15.933457500000001
SYNAPSE,30000,4,task_000::clean,clean,1,1009,1.0,1.0,1.0,19.296699989354238,0.0075675000000000004
MCP,30000,4,task_000::clean,clean,1,2124958,0.0,0.0,0.0,3.185599998687394,15.937185000000001
SYNAPSE,30000,4,task_000::perturbed_0,perturbed_0,0,990,0.0,0.0,0.0,6.400199999916367,0.007425
MCP,30000,4,task_000::perturbed_0,perturbed_0,0,2124958,0.0,0.0,0.0,3.5416999890003353,15.937185000000001
SYNAPSE,30000,4,task_000::perturbed_1,perturbed_1,1,1009,1.0,1.0,1.0,16.23969999491237,0.0075675000000000004
MCP,30000,4,task_000::perturbed_1,perturbed_1,1,2124958,0.0,0.0,0.0,3.024199992069043,15.937185000000001
SYNAPSE,30000,4,task_001::clean,clean,1,993,1.0,1.0,1.0,32.82229999604169,0.007447500000000001
MCP,30000,4,task_001::clean,clean,1,2124958,0.0,0.0,0.0,4.3000999867217615,15.937185000000001
SYNAPSE,30000,4,task_001::perturbed_0,perturbed_0,1,996,1.0,0.0,0.5,31.084299989743158,0.007470000000000001
MCP,30000,4,task_001::perturbed_0,perturbed_0,1,2124958,0.0,0.0,0.0,4.0354999946430326,15.937185000000001
SYNAPSE,30000,4,task_001::perturbed_1,perturbed_1,1,996,1.0,1.0,1.0,35.65590000653174,0.007470000000000001
MCP,30000,4,task_001::perturbed_1,perturbed_1,1,2124958,0.0,0.0,0.0,4.0182000084314495,15.937185000000001
SYNAPSE,30000,4,task_002::clean,clean,1,982,1.0,1.0,1.0,46.49930000596214,0.007365000000000001
MCP,30000,4,task_002::clean,clean,1,2124958,0.0,0.0,0.0,5.434200007584877,15.937185000000001
SYNAPSE,30000,4,task_002::perturbed_0,perturbed_0,0,980,0.0,0.0,0.0,8.764199999859557,0.007350000000000001
MCP,30000,4,task_002::perturbed_0,perturbed_0,0,2124958,0.0,0.0,0.0,3.4417999995639548,15.937185000000001
SYNAPSE,30000,4,task_002::perturbed_1,perturbed_1,0,975,0.0,0.0,0.0,8.378300000913441,0.0073125
MCP,30000,4,task_002::perturbed_1,perturbed_1,0,2124958,0.0,0.0,0.0,3.6561000015353784,15.937185000000001
SYNAPSE,30000,4,task_003::clean,clean,1,980,1.0,1.0,1.0,43.379900002037175,0.007350000000000001
MCP,30000,4,task_003::clean,clean,1,2124958,0.0,0.0,0.0,6.221100004040636,15.937185000000001
SYNAPSE,30000,4,task_003::perturbed_0,perturbed_0,1,979,1.0,1.0,1.0,44.38010000740178,0.007342500000000001
MCP,30000,4,task_003::perturbed_0,perturbed_0,1,2124958,0.0,0.0,0.0,2.9811999993398786,15.937185000000001
SYNAPSE,30000,4,task_003::perturbed_1,perturbed_1,1,980,1.0,1.0,1.0,42.619800005923025,0.007350000000000001
MCP,30000,4,task_003::perturbed_1,perturbed_1,1,2124958,0.0,0.0,0.0,4.240299997036345,15.937185000000001
SYNAPSE,30000,4,task_004::clean,clean,1,973,1.0,1.0,1.0,40.28220000327565,0.0072975
MCP,30000,4,task_004::clean,clean,1,2124958,0.0,0.0,0.0,3.234800009522587,15.937185000000001
SYNAPSE,30000,4,task_004::perturbed_0,perturbed_0,0,968,0.0,0.0,0.0,6.613299992750399,0.007260000000000001
MCP,30000,4,task_004::perturbed_0,perturbed_0,0,2124958,0.0,0.0,0.0,4.091700000572018,15.937185000000001
SYNAPSE,30000,4,task_004::perturbed_1,perturbed_1,1,971,1.0,1.0,1.0,54.92600001161918,0.007282500000000001
MCP,30000,4,task_004::perturbed_1,perturbed_1,1,2124958,0.0,0.0,0.0,3.996500003268011,15.937185000000001
SYNAPSE,30000,4,task_005::clean,clean,1,1002,1.0,1.0,1.0,18.62010000331793,0.007515000000000001
MCP,30000,4,task_005::clean,clean,1,2124958,0.0,0.0,0.0,3.8952000031713396,15.937185000000001
SYNAPSE,30000,4,task_005::perturbed_0,perturbed_0,0,991,0.0,0.0,0.0,6.551499987835996,0.007432500000000001
MCP,30000,4,task_005::perturbed_0,perturbed_0,0,2124958,0.0,0.0,0.0,3.467400005320087,15.937185000000001
SYNAPSE,30000,4,task_005::perturbed_1,perturbed_1,0,1004,0.0,0.0,0.0,5.810100003145635,0.00753
MCP,30000,4,task_005::perturbed_1,perturbed_1,0,2124958,0.0,0.0,0.0,3.8086999993538484,15.937185000000001
SYNAPSE,30000,4,task_006::clean,clean,1,993,1.0,1.0,1.0,29.656900005647913,0.007447500000000001
MCP,30000,4,task_006::clean,clean,1,2124958,0.0,0.0,0.0,3.2475000043632463,15.937185000000001
SYNAPSE,30000,4,task_006::perturbed_0,perturbed_0,1,1001,1.0,1.0,1.0,29.647799994563684,0.0075075
MCP,30000,4,task_006::perturbed_0,perturbed_0,1,2124958,0.0,0.0,0.0,3.406100004212931,15.937185000000001
SYNAPSE,30000,4,task_006::perturbed_1,perturbed_1,1,1000,1.0,1.0,1.0,37.537799988058396,0.007500000000000001
MCP,30000,4,task_006::perturbed_1,perturbed_1,1,2124958,0.0,0.0,0.0,5.477099999552593,15.937185000000001
SYNAPSE,30000,4,task_007::clean,clean,1,966,1.0,1.0,1.0,49.06880001362879,0.007245000000000001
MCP,30000,4,task_007::clean,clean,1,2124958,0.0,0.0,0.0,3.067400000873022,15.937185000000001
SYNAPSE,30000,4,task_007::perturbed_0,perturbed_0,0,963,0.0,0.0,0.0,8.409099988057278,0.007222500000000001
MCP,30000,4,task_007::perturbed_0,perturbed_0,0,2124958,0.0,0.0,0.0,3.3559000003151596,15.937185000000001
SYNAPSE,30000,4,task_007::perturbed_1,perturbed_1,1,966,1.0,1.0,1.0,43.90849999617785,0.007245000000000001
MCP,30000,4,task_007::perturbed_1,perturbed_1,1,2124958,0.0,0.0,0.0,3.133000005618669,15.937185000000001
SYNAPSE,30000,4,task_008::clean,clean,1,979,1.0,1.0,1.0,41.635500005213544,0.007342500000000001
MCP,30000,4,task_008::clean,clean,1,2124958,0.0,0.0,0.0,3.2152999920072034,15.937185000000001
SYNAPSE,30000,4,task_008::perturbed_0,perturbed_0,0,974,0.0,0.0,0.0,6.541999988257885,0.007305000000000001
MCP,30000,4,task_008::perturbed_0,perturbed_0,0,2124958,0.0,0.0,0.0,3.2580999977653846,15.937185000000001
SYNAPSE,30000,4,task_008::perturbed_1,perturbed_1,1,973,1.0,0.0,0.5,25.62729999772273,0.0072975
MCP,30000,4,task_008::perturbed_1,perturbed_1,1,2124958,0.0,0.0,0.0,2.227999997558072,15.937185000000001
SYNAPSE,30000,4,task_009::clean,clean,1,987,1.0,1.0,1.0,60.2286999928765,0.0074025
MCP,30000,4,task_009::clean,clean,1,2124958,0.0,0.0,0.0,3.001999997650273,15.937185000000001
SYNAPSE,30000,4,task_009::perturbed_0,perturbed_0,0,985,0.0,0.0,0.0,6.049800009350292,0.007387500000000001
MCP,30000,4,task_009::perturbed_0,perturbed_0,0,2124958,0.0,0.0,0.0,2.894200006267056,15.937185000000001
SYNAPSE,30000,4,task_009::perturbed_1,perturbed_1,1,679,0.0,0.0,0.0,48.7274999904912,0.005092500000000001
MCP,30000,4,task_009::perturbed_1,perturbed_1,1,2124958,0.0,0.0,0.0,3.09729999571573,15.937185000000001
SYNAPSE,30000,4,task_010::clean,clean,1,1001,1.0,1.0,1.0,16.67460000317078,0.0075075
MCP,30000,4,task_010::clean,clean,1,2124958,0.0,0.0,0.0,4.513199994107708,15.937185000000001
SYNAPSE,30000,4,task_010::perturbed_0,perturbed_0,0,998,0.0,0.0,0.0,7.824599990271963,0.007485
MCP,30000,4,task_010::perturbed_0,perturbed_0,0,2124958,0.0,0.0,0.0,4.129199995077215,15.937185000000001
SYNAPSE,30000,4,task_010::perturbed_1,perturbed_1,1,993,1.0,1.0,1.0,19.925400003558025,0.007447500000000001
MCP,30000,4,task_010::perturbed_1,perturbed_1,1,2124958,0.0,0.0,0.0,4.145899991272017,15.937185000000001
SYNAPSE,30000,4,task_011::clean,clean,1,991,1.0,1.0,1.0,33.17270000115968,0.007432500000000001
MCP,30000,4,task_011::clean,clean,1,2124958,0.0,0.0,0.0,3.9583000034326687,15.937185000000001
SYNAPSE,30000,4,task_011::perturbed_0,perturbed_0,0,989,0.0,0.0,0.0,5.594699992798269,0.0074175000000000005
MCP,30000,4,task_011::perturbed_0,perturbed_0,0,2124958,0.0,0.0,0.0,3.2461000082548708,15.937185000000001
SYNAPSE,30000,4,task_011::perturbed_1,perturbed_1,1,993,1.0,1.0,1.0,31.776899995747954,0.007447500000000001
MCP,30000,4,task_011::perturbed_1,perturbed_1,1,2124958,0.0,0.0,0.0,3.0387000006157905,15.937185000000001
SYNAPSE,30000,4,task_012::clean,clean,1,988,1.0,1.0,1.0,37.86250000121072,0.007410000000000001
MCP,30000,4,task_012::clean,clean,1,2124958,0.0,0.0,0.0,3.2058000069810078,15.937185000000001
SYNAPSE,30000,4,task_012::perturbed_0,perturbed_0,0,987,0.0,0.0,0.0,6.550899997819215,0.0074025
MCP,30000,4,task_012::perturbed_0,perturbed_0,0,2124958,0.0,0.0,0.0,2.941999991890043,15.937185000000001
SYNAPSE,30000,4,task_012::perturbed_1,perturbed_1,1,988,1.0,1.0,1.0,38.06089999852702,0.007410000000000001
MCP,30000,4,task_012::perturbed_1,perturbed_1,1,2124958,0.0,0.0,0.0,3.1558999908156693,15.937185000000001
SYNAPSE,30000,4,task_013::clean,clean,1,997,1.0,1.0,1.0,48.7066999921808,0.007477500000000001
MCP,30000,4,task_013::clean,clean,1,2124958,0.0,0.0,0.0,4.762800002936274,15.937185000000001
SYNAPSE,30000,4,task_013::perturbed_0,perturbed_0,0,983,0.0,0.0,0.0,7.234399992739782,0.007372500000000001
MCP,30000,4,task_013::perturbed_0,perturbed_0,0,2124958,0.0,0.0,0.0,4.144299993640743,15.937185000000001
SYNAPSE,30000,4,task_013::perturbed_1,perturbed_1,1,977,1.0,0.0,0.2,42.74390000500716,0.007327500000000001
MCP,30000,4,task_013::perturbed_1,perturbed_1,1,2124958,0.0,0.0,0.0,3.728900002897717,15.937185000000001
SYNAPSE,30000,4,task_014::clean,clean,1,1011,1.0,1.0,1.0,45.431100006680936,0.007582500000000001
MCP,30000,4,task_014::clean,clean,1,2124958,0.0,0.0,0.0,3.039200004423037,15.937185000000001
SYNAPSE,30000,4,task_014::perturbed_0,perturbed_0,1,999,0.0,0.0,0.0,42.75039999629371,0.007492500000000001
MCP,30000,4,task_014::perturbed_0,perturbed_0,1,2124958,0.0,0.0,0.0,3.048099999432452,15.937185000000001
SYNAPSE,30000,4,task_014::perturbed_1,perturbed_1,1,999,0.0,0.0,0.0,47.90299999876879,0.007492500000000001
MCP,30000,4,task_014::perturbed_1,perturbed_1,1,2124958,0.0,0.0,0.0,2.9827999969711527,15.937185000000001
SYNAPSE,30000,4,task_015::clean,clean,1,1003,1.0,1.0,1.0,15.682600002037361,0.0075225000000000005
MCP,30000,4,task_015::clean,clean,1,2124958,0.0,0.0,0.0,3.7651000020559877,15.937185000000001
SYNAPSE,30000,4,task_015::perturbed_0,perturbed_0,1,1003,1.0,1.0,1.0,20.808700006455183,0.0075225000000000005
MCP,30000,4,task_015::perturbed_0,perturbed_0,1,2124958,0.0,0.0,0.0,4.101700003957376,15.937185000000001
SYNAPSE,30000,4,task_015::perturbed_1,perturbed_1,1,1003,1.0,1.0,1.0,18.05459999013692,0.0075225000000000005
MCP,30000,4,task_015::perturbed_1,perturbed_1,1,2124958,0.0,0.0,0.0,3.384900002856739,15.937185000000001
SYNAPSE,30000,4,task_016::clean,clean,1,990,1.0,1.0,1.0,37.93690000020433,0.007425
MCP,30000,4,task_016::clean,clean,1,2124958,0.0,0.0,0.0,4.278299995348789,15.937185000000001
SYNAPSE,30000,4,task_016::perturbed_0,perturbed_0,0,1005,0.0,0.0,0.0,6.106100001488812,0.007537500000000001
MCP,30000,4,task_016::perturbed_0,perturbed_0,0,2124958,0.0,0.0,0.0,4.272199992556125,15.937185000000001
SYNAPSE,30000,4,task_016::perturbed_1,perturbed_1,1,990,1.0,1.0,1.0,24.351799991563894,0.007425
MCP,30000,4,task_016::perturbed_1,perturbed_1,1,2124958,0.0,0.0,0.0,1.4503999991575256,15.937185000000001
SYNAPSE,30000,4,task_017::clean,clean,1,1000,1.0,1.0,1.0,17.099699995014817,0.007500000000000001
MCP,30000,4,task_017::clean,clean,1,2124958,0.0,0.0,0.0,1.1272999981883913,15.937185000000001
SYNAPSE,30000,4,task_017::perturbed_0,perturbed_0,0,995,0.0,0.0,0.0,3.8847999967401847,0.0074625
MCP,30000,4,task_017::perturbed_0,perturbed_0,0,2124958,0.0,0.0,0.0,1.132100005634129,15.937185000000001
SYNAPSE,30000,4,task_017::perturbed_1,perturbed_1,1,990,1.0,0.0,0.25,16.75549999345094,0.007425
MCP,30000,4,task_017::perturbed_1,perturbed_1,1,2124958,0.0,0.0,0.0,1.101699992432259,15.937185000000001
SYNAPSE,30000,4,task_018::clean,clean,1,956,1.0,1.0,1.0,14.96350001252722,0.00717
MCP,30000,4,task_018::clean,clean,1,2124958,0.0,0.0,0.0,1.077699998859316,15.937185000000001
SYNAPSE,30000,4,task_018::perturbed_0,perturbed_0,1,958,1.0,1.0,1.0,14.34999999764841,0.007185
MCP,30000,4,task_018::perturbed_0,perturbed_0,1,2124958,0.0,0.0,0.0,1.1105000012321398,15.937185000000001
SYNAPSE,30000,4,task_018::perturbed_1,perturbed_1,1,956,1.0,1.0,1.0,17.149099992820993,0.00717
MCP,30000,4,task_018::perturbed_1,perturbed_1,1,2124958,0.0,0.0,0.0,1.1666999926092103,15.937185000000001
SYNAPSE,30000,4,task_019::clean,clean,1,970,1.0,1.0,1.0,15.567399997962639,0.007275
MCP,30000,4,task_019::clean,clean,1,2124958,0.0,0.0,0.0,1.0868000099435449,15.937185000000001
SYNAPSE,30000,4,task_019::perturbed_0,perturbed_0,1,970,1.0,1.0,1.0,15.331500006141141,0.007275
MCP,30000,4,task_019::perturbed_0,perturbed_0,1,2124958,0.0,0.0,0.0,1.0608000011416152,15.937185000000001
SYNAPSE,30000,4,task_019::perturbed_1,perturbed_1,1,974,1.0,1.0,1.0,13.95960000809282,0.007305000000000001
MCP,30000,4,task_019::perturbed_1,perturbed_1,1,2124958,0.0,0.0,0.0,1.0452999995322898,15.937185000000001
SYNAPSE,30000,4,task_020::clean,clean,1,1001,1.0,1.0,1.0,6.2578000070061535,0.0075075
MCP,30000,4,task_020::clean,clean,1,2124958,0.0,0.0,0.0,1.0715999960666522,15.937185000000001
SYNAPSE,30000,4,task_020::perturbed_0,perturbed_0,0,997,0.0,0.0,0.0,3.6050999915460125,0.007477500000000001
MCP,30000,4,task_020::perturbed_0,perturbed_0,0,2124958,0.0,0.0,0.0,1.1128000041935593,15.937185000000001
SYNAPSE,30000,4,task_020::perturbed_1,perturbed_1,0,996,1.0,0.0,0.16666666666666666,2.6443000097060576,0.007470000000000001
MCP,30000,4,task_020::perturbed_1,perturbed_1,0,2124958,0.0,0.0,0.0,1.096400010283105,15.937185000000001
SYNAPSE,30000,4,task_021::clean,clean,1,995,1.0,1.0,1.0,13.653800007887185,0.0074625
MCP,30000,4,task_021::clean,clean,1,2124958,0.0,0.0,0.0,1.3501999928848818,15.937185000000001
SYNAPSE,30000,4,task_021::perturbed_0,perturbed_0,1,995,1.0,1.0,1.0,14.879299997119233,0.0074625
MCP,30000,4,task_021::perturbed_0,perturbed_0,1,2124958,0.0,0.0,0.0,1.2883000017609447,15.937185000000001
SYNAPSE,30000,4,task_021::perturbed_1,perturbed_1,1,995,1.0,1.0,1.0,14.18040000135079,0.0074625
MCP,30000,4,task_021::perturbed_1,perturbed_1,1,2124958,0.0,0.0,0.0,1.3447999954223633,15.937185000000001
SYNAPSE,30000,4,task_022::clean,clean,1,966,1.0,1.0,1.0,18.390799988992512,0.007245000000000001
MCP,30000,4,task_022::clean,clean,1,2124958,0.0,0.0,0.0,1.3461999915307388,15.937185000000001
SYNAPSE,30000,4,task_022::perturbed_0,perturbed_0,0,967,0.0,0.0,0.0,3.6545000039041042,0.0072525
MCP,30000,4,task_022::perturbed_0,perturbed_0,0,2124958,0.0,0.0,0.0,1.226200009114109,15.937185000000001
SYNAPSE,30000,4,task_022::perturbed_1,perturbed_1,1,968,1.0,1.0,1.0,17.426299993530847,0.007260000000000001
MCP,30000,4,task_022::perturbed_1,perturbed_1,1,2124958,0.0,0.0,0.0,1.2913999962620437,15.937185000000001
SYNAPSE,30000,4,task_023::clean,clean,1,957,1.0,1.0,1.0,17.92600000044331,0.007177500000000001
MCP,30000,4,task_023::clean,clean,1,2124958,0.0,0.0,0.0,1.261900004465133,15.937185000000001
SYNAPSE,30000,4,task_023::perturbed_0,perturbed_0,0,965,0.0,0.0,0.0,3.396999993128702,0.007237500000000001
MCP,30000,4,task_023::perturbed_0,perturbed_0,0,2124958,0.0,0.0,0.0,1.38899999728892,15.937185000000001
SYNAPSE,30000,4,task_023::perturbed_1,perturbed_1,1,961,0.0,0.0,0.0,16.829699990921654,0.0072075
MCP,30000,4,task_023::perturbed_1,perturbed_1,1,2124958,0.0,0.0,0.0,1.2507000064942986,15.937185000000001
SYNAPSE,30000,4,task_024::clean,clean,1,963,1.0,1.0,1.0,16.94830000633374,0.007222500000000001
MCP,30000,4,task_024::clean,clean,1,2124958,0.0,0.0,0.0,1.253900001756847,15.937185000000001
SYNAPSE,30000,4,task_024::perturbed_0,perturbed_0,0,961,0.0,0.0,0.0,2.9306999931577593,0.0072075
MCP,30000,4,task_024::perturbed_0,perturbed_0,0,2124958,0.0,0.0,0.0,1.1115999950561672,15.937185000000001
SYNAPSE,30000,4,task_024::perturbed_1,perturbed_1,1,962,1.0,1.0,1.0,17.18359999358654,0.007215000000000001
MCP,30000,4,task_024::perturbed_1,perturbed_1,1,2124958,0.0,0.0,0.0,1.3215000071795657,15.937185000000001
SYNAPSE,30000,4,task_025::clean,clean,1,1001,1.0,1.0,1.0,7.398099987767637,0.0075075
MCP,30000,4,task_025::clean,clean,1,2124958,0.0,0.0,0.0,1.206299988552928,15.937185000000001
SYNAPSE,30000,4,task_025::perturbed_0,perturbed_0,0,996,0.0,0.0,0.0,2.864499998395331,0.007470000000000001
MCP,30000,4,task_025::perturbed_0,perturbed_0,0,2124958,0.0,0.0,0.0,1.184099994134158,15.937185000000001
SYNAPSE,30000,4,task_025::perturbed_1,perturbed_1,1,1002,1.0,1.0,1.0,7.138499990105629,0.007515000000000001
MCP,30000,4,task_025::perturbed_1,perturbed_1,1,2124958,0.0,0.0,0.0,1.2238000053912401,15.937185000000001
SYNAPSE,30000,4,task_026::clean,clean,1,1006,1.0,1.0,1.0,13.437999994494021,0.0075450000000000005
MCP,30000,4,task_026::clean,clean,1,2124958,0.0,0.0,0.0,1.293299996177666,15.937185000000001
SYNAPSE,30000,4,task_026::perturbed_0,perturbed_0,1,1006,1.0,1.0,1.0,12.97300000442192,0.0075450000000000005
MCP,30000,4,task_026::perturbed_0,perturbed_0,1,2124958,0.0,0.0,0.0,1.2486000050557777,15.937185000000001
SYNAPSE,30000,4,task_026::perturbed_1,perturbed_1,1,1006,1.0,1.0,1.0,12.945900001795962,0.0075450000000000005
MCP,30000,4,task_026::perturbed_1,perturbed_1,1,2124958,0.0,0.0,0.0,1.2977000005776063,15.937185000000001
SYNAPSE,30000,4,task_027::clean,clean,1,969,1.0,1.0,1.0,17.084799997974187,0.0072675000000000005
MCP,30000,4,task_027::clean,clean,1,2124958,0.0,0.0,0.0,1.3118000060785562,15.937185000000001
SYNAPSE,30000,4,task_027::perturbed_0,perturbed_0,0,679,0.0,0.0,0.0,4.566999996313825,0.005092500000000001
MCP,30000,4,task_027::perturbed_0,perturbed_0,0,2124958,0.0,0.0,0.0,1.392999998643063,15.937185000000001
SYNAPSE,30000,4,task_027::perturbed_1,perturbed_1,1,679,0.0,0.0,0.0,19.930499998736195,0.005092500000000001
MCP,30000,4,task_027::perturbed_1,perturbed_1,1,2124958,0.0,0.0,0.0,1.4617999986512586,15.937185000000001
SYNAPSE,30000,4,task_028::clean,clean,1,970,1.0,1.0,1.0,18.38770000904333,0.007275
MCP,30000,4,task_028::clean,clean,1,2124958,0.0,0.0,0.0,1.3114000030327588,15.937185000000001
SYNAPSE,30000,4,task_028::perturbed_0,perturbed_0,1,679,0.0,0.0,0.0,18.0609000090044,0.005092500000000001
MCP,30000,4,task_028::perturbed_0,perturbed_0,1,2124958,0.0,0.0,0.0,1.3515000027837232,15.937185000000001
SYNAPSE,30000,4,task_028::perturbed_1,perturbed_1,0,966,0.0,0.0,0.0,2.6910000015050173,0.007245000000000001
MCP,30000,4,task_028::perturbed_1,perturbed_1,0,2124958,0.0,0.0,0.0,1.2486000050557777,15.937185000000001
SYNAPSE,30000,4,task_029::clean,clean,1,968,1.0,1.0,1.0,18.949099991004914,0.007260000000000001
MCP,30000,4,task_029::clean,clean,1,2124958,0.0,0.0,0.0,1.3424999924609438,15.937185000000001
SYNAPSE,30000,4,task_029::perturbed_0,perturbed_0,1,968,1.0,1.0,1.0,17.98239999334328,0.007260000000000001
MCP,30000,4,task_029::perturbed_0,perturbed_0,1,2124958,0.0,0.0,0.0,1.3133999891579151,15.937185000000001
SYNAPSE,30000,4,task_029::perturbed_1,perturbed_1,1,967,1.0,0.0,0.5,16.689900003257208,0.0072525
MCP,30000,4,task_029::perturbed_1,perturbed_1,1,2124958,0.0,0.0,0.0,1.2786000006599352,15.937185000000001
SYNAPSE,30000,5,task_000::clean,clean,1,1006,1.0,1.0,1.0,9.054800000740215,0.0075450000000000005
MCP,30000,5,task_000::clean,clean,1,2125358,0.0,0.0,0.0,1.2716999917756766,15.940185000000001
SYNAPSE,30000,5,task_000::perturbed_0,perturbed_0,1,1004,1.0,1.0,1.0,7.238099991809577,0.00753
MCP,30000,5,task_000::perturbed_0,perturbed_0,1,2125358,0.0,0.0,0.0,1.293599998462014,15.940185000000001
SYNAPSE,30000,5,task_000::perturbed_1,perturbed_1,1,996,1.0,0.0,0.3333333333333333,7.339699994190596,0.007470000000000001
MCP,30000,5,task_000::perturbed_1,perturbed_1,1,2125358,0.0,0.0,0.0,1.237000004039146,15.940185000000001
SYNAPSE,30000,5,task_001::clean,clean,1,993,1.0,1.0,1.0,14.228100000764243,0.007447500000000001
MCP,30000,5,task_001::clean,clean,1,2125358,0.0,0.0,0.0,1.3958000054117292,15.940185000000001
SYNAPSE,30000,5,task_001::perturbed_0,perturbed_0,1,993,1.0,0.0,0.5,12.968900002306327,0.007447500000000001
MCP,30000,5,task_001::perturbed_0,perturbed_0,1,2125358,0.0,0.0,0.0,1.4594999956898391,15.940185000000001
SYNAPSE,30000,5,task_001::perturbed_1,perturbed_1,1,993,1.0,1.0,1.0,13.194799990742467,0.007447500000000001
MCP,30000,5,task_001::perturbed_1,perturbed_1,1,2125358,0.0,0.0,0.0,1.349900005152449,15.940185000000001
SYNAPSE,30000,5,task_002::clean,clean,1,983,1.0,1.0,1.0,17.490700003691018,0.007372500000000001
MCP,30000,5,task_002::clean,clean,1,2125358,0.0,0.0,0.0,1.3046000094618648,15.940185000000001
SYNAPSE,30000,5,task_002::perturbed_0,perturbed_0,0,972,0.0,0.0,0.0,2.8861999890068546,0.0072900000000000005
MCP,30000,5,task_002::perturbed_0,perturbed_0,0,2125358,0.0,0.0,0.0,1.22900000133086,15.940185000000001
SYNAPSE,30000,5,task_002::perturbed_1,perturbed_1,0,975,0.0,0.0,0.0,3.010200001881458,0.0073125
MCP,30000,5,task_002::perturbed_1,perturbed_1,0,2125358,0.0,0.0,0.0,1.205300010042265,15.940185000000001
SYNAPSE,30000,5,task_003::clean,clean,1,964,1.0,1.0,1.0,17.747200006851926,0.00723
MCP,30000,5,task_003::clean,clean,1,2125358,0.0,0.0,0.0,1.3760000001639128,15.940185000000001
SYNAPSE,30000,5,task_003::perturbed_0,perturbed_0,1,964,1.0,1.0,1.0,18.597400005091913,0.00723
MCP,30000,5,task_003::perturbed_0,perturbed_0,1,2125358,0.0,0.0,0.0,1.368099998217076,15.940185000000001
SYNAPSE,30000,5,task_003::perturbed_1,perturbed_1,1,965,1.0,0.0,0.3333333333333333,16.871400002855808,0.007237500000000001
MCP,30000,5,task_003::perturbed_1,perturbed_1,1,2125358,0.0,0.0,0.0,1.2809999898308888,15.940185000000001
SYNAPSE,30000,5,task_004::clean,clean,1,990,1.0,1.0,1.0,19.201400005840696,0.007425
MCP,30000,5,task_004::clean,clean,1,2125358,0.0,0.0,0.0,1.5650999994250014,15.940185000000001
SYNAPSE,30000,5,task_004::perturbed_0,perturbed_0,0,966,0.0,0.0,0.0,3.846600011456758,0.007245000000000001
MCP,30000,5,task_004::perturbed_0,perturbed_0,0,2125358,0.0,0.0,0.0,1.3956000038888305,15.940185000000001
SYNAPSE,30000,5,task_004::perturbed_1,perturbed_1,1,990,1.0,1.0,1.0,18.34939999389462,0.007425
MCP,30000,5,task_004::perturbed_1,perturbed_1,1,2125358,0.0,0.0,0.0,1.3154000043869019,15.940185000000001
SYNAPSE,30000,5,task_005::clean,clean,1,999,1.0,1.0,1.0,8.219700001063757,0.007492500000000001
MCP,30000,5,task_005::clean,clean,1,2125358,0.0,0.0,0.0,1.327799996943213,15.940185000000001
SYNAPSE,30000,5,task_005::perturbed_0,perturbed_0,1,1002,1.0,1.0,1.0,8.118600002489984,0.007515000000000001
MCP,30000,5,task_005::perturbed_0,perturbed_0,1,2125358,0.0,0.0,0.0,1.433600002201274,15.940185000000001
SYNAPSE,30000,5,task_005::perturbed_1,perturbed_1,1,999,1.0,1.0,1.0,8.189100000890903,0.007492500000000001
MCP,30000,5,task_005::perturbed_1,perturbed_1,1,2125358,0.0,0.0,0.0,1.4094999933149666,15.940185000000001
SYNAPSE,30000,5,task_006::clean,clean,1,989,1.0,1.0,1.0,13.742200011620298,0.0074175000000000005
MCP,30000,5,task_006::clean,clean,1,2125358,0.0,0.0,0.0,1.3300999999046326,15.940185000000001
SYNAPSE,30000,5,task_006::perturbed_0,perturbed_0,1,998,1.0,1.0,1.0,12.742200007778592,0.007485
MCP,30000,5,task_006::perturbed_0,perturbed_0,1,2125358,0.0,0.0,0.0,1.349300000583753,15.940185000000001
SYNAPSE,30000,5,task_006::perturbed_1,perturbed_1,1,991,0.0,0.0,0.0,12.587899997015484,0.007432500000000001
MCP,30000,5,task_006::perturbed_1,perturbed_1,1,2125358,0.0,0.0,0.0,1.372000013361685,15.940185000000001
SYNAPSE,30000,5,task_007::clean,clean,1,966,1.0,1.0,1.0,18.627199999173172,0.007245000000000001
MCP,30000,5,task_007::clean,clean,1,2125358,0.0,0.0,0.0,1.3610999885713682,15.940185000000001
SYNAPSE,30000,5,task_007::perturbed_0,perturbed_0,0,964,0.0,0.0,0.0,3.3856999943964183,0.00723
MCP,30000,5,task_007::perturbed_0,perturbed_0,0,2125358,0.0,0.0,0.0,1.3088999985484406,15.940185000000001
SYNAPSE,30000,5,task_007::perturbed_1,perturbed_1,1,963,0.0,0.0,0.0,18.053699997835793,0.007222500000000001
MCP,30000,5,task_007::perturbed_1,perturbed_1,1,2125358,0.0,0.0,0.0,1.3617999939015135,15.940185000000001
SYNAPSE,30000,5,task_008::clean,clean,1,977,1.0,1.0,1.0,18.121000000974163,0.007327500000000001
MCP,30000,5,task_008::clean,clean,1,2125358,0.0,0.0,0.0,1.3567999994847924,15.940185000000001
SYNAPSE,30000,5,task_008::perturbed_0,perturbed_0,0,989,0.0,0.0,0.0,3.8865999958943576,0.0074175000000000005
MCP,30000,5,task_008::perturbed_0,perturbed_0,0,2125358,0.0,0.0,0.0,1.296999995247461,15.940185000000001
SYNAPSE,30000,5,task_008::perturbed_1,perturbed_1,1,979,1.0,1.0,1.0,18.727200003922917,0.007342500000000001
MCP,30000,5,task_008::perturbed_1,perturbed_1,1,2125358,0.0,0.0,0.0,1.3768000062555075,15.940185000000001
SYNAPSE,30000,5,task_009::clean,clean,1,986,1.0,1.0,1.0,18.2821999915177,0.0073950000000000005
MCP,30000,5,task_009::clean,clean,1,2125358,0.0,0.0,0.0,1.2952999968547374,15.940185000000001
SYNAPSE,30000,5,task_009::perturbed_0,perturbed_0,1,996,1.0,1.0,1.0,18.416000006254762,0.007470000000000001
MCP,30000,5,task_009::perturbed_0,perturbed_0,1,2125358,0.0,0.0,0.0,1.2638000043807551,15.940185000000001
SYNAPSE,30000,5,task_009::perturbed_1,perturbed_1,0,991,0.0,0.0,0.0,3.3913000079337507,0.007432500000000001
MCP,30000,5,task_009::perturbed_1,perturbed_1,0,2125358,0.0,0.0,0.0,1.265900005819276,15.940185000000001
SYNAPSE,30000,5,task_010::clean,clean,1,993,1.0,1.0,1.0,7.65769999998156,0.007447500000000001
MCP,30000,5,task_010::clean,clean,1,2125358,0.0,0.0,0.0,1.1941999982809648,15.940185000000001
SYNAPSE,30000,5,task_010::perturbed_0,perturbed_0,1,992,1.0,1.0,1.0,7.349799998337403,0.00744
MCP,30000,5,task_010::perturbed_0,perturbed_0,1,2125358,0.0,0.0,0.0,1.2742999970214441,15.940185000000001
SYNAPSE,30000,5,task_010::perturbed_1,perturbed_1,1,993,1.0,1.0,1.0,7.369300001300871,0.007447500000000001
MCP,30000,5,task_010::perturbed_1,perturbed_1,1,2125358,0.0,0.0,0.0,1.1877000069944188,15.940185000000001
SYNAPSE,30000,5,task_011::clean,clean,1,991,1.0,1.0,1.0,13.961300006485544,0.007432500000000001
MCP,30000,5,task_011::clean,clean,1,2125358,0.0,0.0,0.0,1.2967999937245622,15.940185000000001
SYNAPSE,30000,5,task_011::perturbed_0,perturbed_0,0,996,0.0,0.0,0.0,3.3557999995537102,0.007470000000000001
MCP,30000,5,task_011::perturbed_0,perturbed_0,0,2125358,0.0,0.0,0.0,1.256400006241165,15.940185000000001
SYNAPSE,30000,5,task_011::perturbed_1,perturbed_1,0,992,0.0,0.0,0.0,2.9815000016242266,0.00744
MCP,30000,5,task_011::perturbed_1,perturbed_1,0,2125358,0.0,0.0,0.0,1.2300999951548874,15.940185000000001
SYNAPSE,30000,5,task_012::clean,clean,1,985,1.0,1.0,1.0,18.118799998774193,0.007387500000000001
MCP,30000,5,task_012::clean,clean,1,2125358,0.0,0.0,0.0,1.3575000048149377,15.940185000000001
SYNAPSE,30000,5,task_012::perturbed_0,perturbed_0,1,985,1.0,1.0,1.0,17.65500000328757,0.007387500000000001
MCP,30000,5,task_012::perturbed_0,perturbed_0,1,2125358,0.0,0.0,0.0,1.3207999872975051,15.940185000000001
SYNAPSE,30000,5,task_012::perturbed_1,perturbed_1,0,993,0.0,0.0,0.0,3.3863999997265637,0.007447500000000001
MCP,30000,5,task_012::perturbed_1,perturbed_1,0,2125358,0.0,0.0,0.0,1.233000002685003,15.940185000000001
SYNAPSE,30000,5,task_013::clean,clean,1,986,1.0,1.0,1.0,17.777100001694635,0.0073950000000000005
MCP,30000,5,task_013::clean,clean,1,2125358,0.0,0.0,0.0,1.29489999380894,15.940185000000001
SYNAPSE,30000,5,task_013::perturbed_0,perturbed_0,1,986,1.0,1.0,1.0,17.029800001182593,0.0073950000000000005
MCP,30000,5,task_013::perturbed_0,perturbed_0,1,2125358,0.0,0.0,0.0,1.2809000036213547,15.940185000000001
SYNAPSE,30000,5,task_013::perturbed_1,perturbed_1,1,987,1.0,1.0,1.0,16.385599999921396,0.0074025
MCP,30000,5,task_013::perturbed_1,perturbed_1,1,2125358,0.0,0.0,0.0,1.323199991020374,15.940185000000001
SYNAPSE,30000,5,task_014::clean,clean,1,1005,1.0,1.0,1.0,90.93269999721088,0.007537500000000001
MCP,30000,5,task_014::clean,clean,1,2125358,0.0,0.0,0.0,1.588699989952147,15.940185000000001
SYNAPSE,30000,5,task_014::perturbed_0,perturbed_0,0,1007,0.0,0.0,0.0,4.89900000684429,0.0075525
MCP,30000,5,task_014::perturbed_0,perturbed_0,0,2125358,0.0,0.0,0.0,1.36749999364838,15.940185000000001
SYNAPSE,30000,5,task_014::perturbed_1,perturbed_1,1,1005,1.0,1.0,1.0,18.552199995610863,0.007537500000000001
MCP,30000,5,task_014::perturbed_1,perturbed_1,1,2125358,0.0,0.0,0.0,1.304399993387051,15.940185000000001
SYNAPSE,30000,5,task_015::clean,clean,1,997,1.0,1.0,1.0,7.811299990862608,0.007477500000000001
MCP,30000,5,task_015::clean,clean,1,2125358,0.0,0.0,0.0,1.172100004623644,15.940185000000001
SYNAPSE,30000,5,task_015::perturbed_0,perturbed_0,0,988,0.0,0.0,0.0,2.9285000055097044,0.007410000000000001
MCP,30000,5,task_015::perturbed_0,perturbed_0,0,2125358,0.0,0.0,0.0,1.257299998542294,15.940185000000001
SYNAPSE,30000,5,task_015::perturbed_1,perturbed_1,1,996,1.0,1.0,1.0,7.997799999429844,0.007470000000000001
MCP,30000,5,task_015::perturbed_1,perturbed_1,1,2125358,0.0,0.0,0.0,1.278200012166053,15.940185000000001
SYNAPSE,30000,5,task_016::clean,clean,1,990,1.0,1.0,1.0,13.343700004043058,0.007425
MCP,30000,5,task_016::clean,clean,1,2125358,0.0,0.0,0.0,1.294299989240244,15.940185000000001
SYNAPSE,30000,5,task_016::perturbed_0,perturbed_0,1,1005,1.0,0.0,0.5,12.743799990857951,0.007537500000000001
MCP,30000,5,task_016::perturbed_0,perturbed_0,1,2125358,0.0,0.0,0.0,1.3578000070992857,15.940185000000001
SYNAPSE,30000,5,task_016::perturbed_1,perturbed_1,0,988,0.0,0.0,0.0,3.136100000119768,0.007410000000000001
MCP,30000,5,task_016::perturbed_1,perturbed_1,0,2125358,0.0,0.0,0.0,1.2386000016704202,15.940185000000001
SYNAPSE,30000,5,task_017::clean,clean,1,1011,1.0,1.0,1.0,19.363500003237277,0.007582500000000001
MCP,30000,5,task_017::clean,clean,1,2125358,0.0,0.0,0.0,1.4079999964451417,15.940185000000001
SYNAPSE,30000,5,task_017::perturbed_0,perturbed_0,1,1011,1.0,1.0,1.0,49.02639999636449,0.007582500000000001
MCP,30000,5,task_017::perturbed_0,perturbed_0,1,2125358,0.0,0.0,0.0,4.851700010476634,15.940185000000001
SYNAPSE,30000,5,task_017::perturbed_1,perturbed_1,0,996,0.0,0.0,0.0,8.441300000413321,0.007470000000000001
MCP,30000,5,task_017::perturbed_1,perturbed_1,0,2125358,0.0,0.0,0.0,4.653399999369867,15.940185000000001
SYNAPSE,30000,5,task_018::clean,clean,1,963,1.0,1.0,1.0,46.05759998958092,0.007222500000000001
MCP,30000,5,task_018::clean,clean,1,2125358,0.0,0.0,0.0,5.530700000235811,15.940185000000001
SYNAPSE,30000,5,task_018::perturbed_0,perturbed_0,0,963,0.0,0.0,0.0,5.615600006422028,0.007222500000000001
MCP,30000,5,task_018::perturbed_0,perturbed_0,0,2125358,0.0,0.0,0.0,3.205999993951991,15.940185000000001
SYNAPSE,30000,5,task_018::perturbed_1,perturbed_1,0,679,0.0,0.0,0.0,10.15929999994114,0.005092500000000001
MCP,30000,5,task_018::perturbed_1,perturbed_1,0,2125358,0.0,0.0,0.0,3.5899000067729503,15.940185000000001
SYNAPSE,30000,5,task_019::clean,clean,1,974,1.0,1.0,1.0,39.344799995888025,0.007305000000000001
MCP,30000,5,task_019::clean,clean,1,2125358,0.0,0.0,0.0,3.1340999994426966,15.940185000000001
SYNAPSE,30000,5,task_019::perturbed_0,perturbed_0,1,974,1.0,1.0,1.0,49.484200004371814,0.007305000000000001
MCP,30000,5,task_019::perturbed_0,perturbed_0,1,2125358,0.0,0.0,0.0,3.037000002223067,15.940185000000001
SYNAPSE,30000,5,task_019::perturbed_1,perturbed_1,0,981,0.0,0.0,0.0,12.888800003565848,0.0073575
MCP,30000,5,task_019::perturbed_1,perturbed_1,0,2125358,0.0,0.0,0.0,3.6979000142309815,15.940185000000001
SYNAPSE,30000,5,task_020::clean,clean,1,994,1.0,1.0,1.0,20.026500002131797,0.007455000000000001
MCP,30000,5,task_020::clean,clean,1,2125358,0.0,0.0,0.0,3.144400005112402,15.940185000000001
SYNAPSE,30000,5,task_020::perturbed_0,perturbed_0,1,994,1.0,1.0,1.0,26.27539999957662,0.007455000000000001
MCP,30000,5,task_020::perturbed_0,perturbed_0,1,2125358,0.0,0.0,0.0,3.965800002333708,15.940185000000001
SYNAPSE,30000,5,task_020::perturbed_1,perturbed_1,0,679,0.0,0.0,0.0,16.72119999420829,0.005092500000000001
MCP,30000,5,task_020::perturbed_1,perturbed_1,0,2125358,0.0,0.0,0.0,4.6689000009791926,15.940185000000001
SYNAPSE,30000,5,task_021::clean,clean,1,1014,1.0,1.0,1.0,44.04490000160877,0.007605000000000001
MCP,30000,5,task_021::clean,clean,1,2125358,0.0,0.0,0.0,3.185299996403046,15.940185000000001
SYNAPSE,30000,5,task_021::perturbed_0,perturbed_0,1,1014,1.0,1.0,1.0,29.538300004787743,0.007605000000000001
MCP,30000,5,task_021::perturbed_0,perturbed_0,1,2125358,0.0,0.0,0.0,2.3376000026473776,15.940185000000001
SYNAPSE,30000,5,task_021::perturbed_1,perturbed_1,1,1005,1.0,1.0,1.0,31.23079999932088,0.007537500000000001
MCP,30000,5,task_021::perturbed_1,perturbed_1,1,2125358,0.0,0.0,0.0,3.2049000001279637,15.940185000000001
SYNAPSE,30000,5,task_022::clean,clean,1,972,1.0,1.0,1.0,53.541400004178286,0.0072900000000000005
MCP,30000,5,task_022::clean,clean,1,2125358,0.0,0.0,0.0,3.2156000088434666,15.940185000000001
SYNAPSE,30000,5,task_022::perturbed_0,perturbed_0,1,967,1.0,1.0,1.0,44.328100004349835,0.0072525
MCP,30000,5,task_022::perturbed_0,perturbed_0,1,2125358,0.0,0.0,0.0,3.651900013210252,15.940185000000001
SYNAPSE,30000,5,task_022::perturbed_1,perturbed_1,1,962,1.0,0.0,0.25,42.594499987899326,0.007215000000000001
MCP,30000,5,task_022::perturbed_1,perturbed_1,1,2125358,0.0,0.0,0.0,3.017399998498149,15.940185000000001
SYNAPSE,30000,5,task_023::clean,clean,1,962,1.0,1.0,1.0,44.66290000709705,0.007215000000000001
MCP,30000,5,task_023::clean,clean,1,2125358,0.0,0.0,0.0,3.045599994948134,15.940185000000001
SYNAPSE,30000,5,task_023::perturbed_0,perturbed_0,0,679,0.0,0.0,0.0,14.357000007294118,0.005092500000000001
MCP,30000,5,task_023::perturbed_0,perturbed_0,0,2125358,0.0,0.0,0.0,3.69289999071043,15.940185000000001
SYNAPSE,30000,5,task_023::perturbed_1,perturbed_1,0,679,0.0,0.0,0.0,18.82610000029672,0.005092500000000001
MCP,30000,5,task_023::perturbed_1,perturbed_1,0,2125358,0.0,0.0,0.0,3.4057000011671335,15.940185000000001
SYNAPSE,30000,5,task_024::clean,clean,1,977,1.0,1.0,1.0,47.32960001274478,0.007327500000000001
MCP,30000,5,task_024::clean,clean,1,2125358,0.0,0.0,0.0,3.2300999882863835,15.940185000000001
SYNAPSE,30000,5,task_024::perturbed_0,perturbed_0,1,977,1.0,1.0,1.0,47.19099999056198,0.007327500000000001
MCP,30000,5,task_024::perturbed_0,perturbed_0,1,2125358,0.0,0.0,0.0,3.2562999986112118,15.940185000000001
SYNAPSE,30000,5,task_024::perturbed_1,perturbed_1,0,679,0.0,0.0,0.0,8.77990000299178,0.005092500000000001
MCP,30000,5,task_024::perturbed_1,perturbed_1,0,2125358,0.0,0.0,0.0,3.5594999935710803,15.940185000000001
SYNAPSE,30000,5,task_025::clean,clean,1,1001,1.0,1.0,1.0,19.662799997604452,0.0075075
MCP,30000,5,task_025::clean,clean,1,2125358,0.0,0.0,0.0,4.77149999642279,15.940185000000001
SYNAPSE,30000,5,task_025::perturbed_0,perturbed_0,1,986,1.0,0.0,0.3333333333333333,18.421000000671484,0.0073950000000000005
MCP,30000,5,task_025::perturbed_0,perturbed_0,1,2125358,0.0,0.0,0.0,3.1890999962342903,15.940185000000001
SYNAPSE,30000,5,task_025::perturbed_1,perturbed_1,1,1001,1.0,1.0,1.0,18.6083000007784,0.0075075
MCP,30000,5,task_025::perturbed_1,perturbed_1,1,2125358,0.0,0.0,0.0,4.518500005360693,15.940185000000001
SYNAPSE,30000,5,task_026::clean,clean,1,1010,1.0,1.0,1.0,31.45569999469444,0.007575000000000001
MCP,30000,5,task_026::clean,clean,1,2125358,0.0,0.0,0.0,3.145900001982227,15.940185000000001
SYNAPSE,30000,5,task_026::perturbed_0,perturbed_0,0,1002,0.0,0.0,0.0,9.541099992929958,0.007515000000000001
MCP,30000,5,task_026::perturbed_0,perturbed_0,0,2125358,0.0,0.0,0.0,3.448099989327602,15.940185000000001
SYNAPSE,30000,5,task_026::perturbed_1,perturbed_1,1,1006,1.0,1.0,1.0,40.89649999514222,0.0075450000000000005
MCP,30000,5,task_026::perturbed_1,perturbed_1,1,2125358,0.0,0.0,0.0,4.00479999370873,15.940185000000001
SYNAPSE,30000,5,task_027::clean,clean,1,969,1.0,1.0,1.0,42.964299995219335,0.0072675000000000005
MCP,30000,5,task_027::clean,clean,1,2125358,0.0,0.0,0.0,2.9458000062732026,15.940185000000001
SYNAPSE,30000,5,task_027::perturbed_0,perturbed_0,0,973,0.0,0.0,0.0,7.923900004243478,0.0072975
MCP,30000,5,task_027::perturbed_0,perturbed_0,0,2125358,0.0,0.0,0.0,3.8948000001255423,15.940185000000001
SYNAPSE,30000,5,task_027::perturbed_1,perturbed_1,1,964,0.0,0.0,0.0,52.051599996048026,0.00723
MCP,30000,5,task_027::perturbed_1,perturbed_1,1,2125358,0.0,0.0,0.0,3.597899994929321,15.940185000000001
SYNAPSE,30000,5,task_028::clean,clean,1,973,1.0,1.0,1.0,42.14730000239797,0.0072975
MCP,30000,5,task_028::clean,clean,1,2125358,0.0,0.0,0.0,2.966000000014901,15.940185000000001
SYNAPSE,30000,5,task_028::perturbed_0,perturbed_0,1,970,0.0,0.0,0.0,40.060400002403185,0.007275
MCP,30000,5,task_028::perturbed_0,perturbed_0,1,2125358,0.0,0.0,0.0,3.2269999937852845,15.940185000000001
SYNAPSE,30000,5,task_028::perturbed_1,perturbed_1,1,968,0.0,0.0,0.0,24.176699997042306,0.007260000000000001
MCP,30000,5,task_028::perturbed_1,perturbed_1,1,2125358,0.0,0.0,0.0,1.8810000037774444,15.940185000000001
SYNAPSE,30000,5,task_029::clean,clean,1,976,1.0,1.0,1.0,60.82300000707619,0.007320000000000001
MCP,30000,5,task_029::clean,clean,1,2125358,0.0,0.0,0.0,3.2171000057132915,15.940185000000001
SYNAPSE,30000,5,task_029::perturbed_0,perturbed_0,1,977,1.0,1.0,1.0,45.7042000052752,0.007327500000000001
MCP,30000,5,task_029::perturbed_0,perturbed_0,1,2125358,0.0,0.0,0.0,3.026599995791912,15.940185000000001
SYNAPSE,30000,5,task_029::perturbed_1,perturbed_1,0,956,0.0,0.0,0.0,8.530599996447563,0.00717
MCP,30000,5,task_029::perturbed_1,perturbed_1,0,2125358,0.0,0.0,0.0,3.288099993369542,15.940185000000001
SYNAPSE,100000,1,task_000::clean,clean,1,1008,1.0,1.0,1.0,71.98540000536013,0.007560000000000001
MCP,100000,1,task_000::clean,clean,1,7088742,0.0,0.0,0.0,3.4681999968597665,53.165565
SYNAPSE,100000,1,task_000::perturbed_0,perturbed_0,0,1009,0.0,0.0,0.0,16.223099999479018,0.0075675000000000004
MCP,100000,1,task_000::perturbed_0,perturbed_0,0,7088742,0.0,0.0,0.0,4.172100001596846,53.165565
SYNAPSE,100000,1,task_000::perturbed_1,perturbed_1,0,990,0.0,0.0,0.0,15.212000012979843,0.007425
MCP,100000,1,task_000::perturbed_1,perturbed_1,0,7088742,0.0,0.0,0.0,2.7088999922852963,53.165565
SYNAPSE,100000,1,task_001::clean,clean,1,991,1.0,1.0,1.0,108.10860000492539,0.007432500000000001
MCP,100000,1,task_001::clean,clean,1,7088742,0.0,0.0,0.0,3.572600006009452,53.165565
SYNAPSE,100000,1,task_001::perturbed_0,perturbed_0,1,991,1.0,1.0,1.0,115.72090000845492,0.007432500000000001
MCP,100000,1,task_001::perturbed_0,perturbed_0,1,7088742,0.0,0.0,0.0,3.7121000059414655,53.165565
SYNAPSE,100000,1,task_001::perturbed_1,perturbed_1,0,985,0.0,0.0,0.0,14.65979999920819,0.007387500000000001
MCP,100000,1,task_001::perturbed_1,perturbed_1,0,7088742,0.0,0.0,0.0,3.3208999957423657,53.165565
SYNAPSE,100000,1,task_002::clean,clean,1,984,1.0,1.0,1.0,135.15279999410268,0.00738
MCP,100000,1,task_002::clean,clean,1,7088742,0.0,0.0,0.0,3.15730000147596,53.165565
SYNAPSE,100000,1,task_002::perturbed_0,perturbed_0,0,976,0.0,0.0,0.0,14.472199996816926,0.007320000000000001
MCP,100000,1,task_002::perturbed_0,perturbed_0,0,7088742,0.0,0.0,0.0,3.6032000061823055,53.165565
SYNAPSE,100000,1,task_002::perturbed_1,perturbed_1,1,982,0.0,0.0,0.0,134.32739999552723,0.007365000000000001
MCP,100000,1,task_002::perturbed_1,perturbed_1,1,7088742,0.0,0.0,0.0,4.131900001084432,53.165565
SYNAPSE,100000,1,task_003::clean,clean,1,959,1.0,1.0,1.0,151.35050000390038,0.007192500000000001
MCP,100000,1,task_003::clean,clean,1,7088742,0.0,0.0,0.0,3.9262999925995246,53.165565
SYNAPSE,100000,1,task_003::perturbed_0,perturbed_0,1,959,1.0,1.0,1.0,145.51349999965169,0.007192500000000001
MCP,100000,1,task_003::perturbed_0,perturbed_0,1,7088742,0.0,0.0,0.0,4.450899999937974,53.165565
SYNAPSE,100000,1,task_003::perturbed_1,perturbed_1,1,958,1.0,0.0,0.2,141.55509999545757,0.007185
MCP,100000,1,task_003::perturbed_1,perturbed_1,1,7088742,0.0,0.0,0.0,4.058999998960644,53.165565
SYNAPSE,100000,1,task_004::clean,clean,1,967,1.0,1.0,1.0,157.3655999964103,0.0072525
MCP,100000,1,task_004::clean,clean,1,7088742,0.0,0.0,0.0,4.572299993014894,53.165565
SYNAPSE,100000,1,task_004::perturbed_0,perturbed_0,0,958,0.0,0.0,0.0,19.357499986654148,0.007185
MCP,100000,1,task_004::perturbed_0,perturbed_0,0,7088742,0.0,0.0,0.0,4.118400000152178,53.165565
SYNAPSE,100000,1,task_004::perturbed_1,perturbed_1,1,967,1.0,1.0,1.0,137.62590000987984,0.0072525
MCP,100000,1,task_004::perturbed_1,perturbed_1,1,7088742,0.0,0.0,0.0,3.5099999950034544,53.165565
SYNAPSE,100000,1,task_005::clean,clean,1,995,1.0,1.0,1.0,51.88460000499617,0.0074625
MCP,100000,1,task_005::clean,clean,1,7088742,0.0,0.0,0.0,3.161000000545755,53.165565
SYNAPSE,100000,1,task_005::perturbed_0,perturbed_0,1,995,1.0,1.0,1.0,55.632100004004315,0.0074625
MCP,100000,1,task_005::perturbed_0,perturbed_0,1,7088742,0.0,0.0,0.0,3.6099999997531995,53.165565
SYNAPSE,100000,1,task_005::perturbed_1,perturbed_1,1,995,1.0,1.0,1.0,49.55120000522584,0.0074625
MCP,100000,1,task_005::perturbed_1,perturbed_1,1,7088742,0.0,0.0,0.0,2.980499994009733,53.165565
SYNAPSE,100000,1,task_006::clean,clean,1,991,1.0,1.0,1.0,105.79870000947267,0.007432500000000001
MCP,100000,1,task_006::clean,clean,1,7088742,0.0,0.0,0.0,2.0451000018510967,53.165565
SYNAPSE,100000,1,task_006::perturbed_0,perturbed_0,0,983,0.0,0.0,0.0,20.12980000290554,0.007372500000000001
MCP,100000,1,task_006::perturbed_0,perturbed_0,0,7088742,0.0,0.0,0.0,5.167499999515712,53.165565
SYNAPSE,100000,1,task_006::perturbed_1,perturbed_1,0,985,0.0,0.0,0.0,22.869899999932386,0.007387500000000001
MCP,100000,1,task_006::perturbed_1,perturbed_1,0,7088742,0.0,0.0,0.0,4.003399997600354,53.165565
SYNAPSE,100000,1,task_007::clean,clean,1,972,1.0,1.0,1.0,157.46810000564437,0.0072900000000000005
MCP,100000,1,task_007::clean,clean,1,7088742,0.0,0.0,0.0,4.211799998302013,53.165565
SYNAPSE,100000,1,task_007::perturbed_0,perturbed_0,1,972,1.0,1.0,1.0,171.0603999963496,0.0072900000000000005
MCP,100000,1,task_007::perturbed_0,perturbed_0,1,7088742,0.0,0.0,0.0,4.045299996505491,53.165565
SYNAPSE,100000,1,task_007::perturbed_1,perturbed_1,1,966,0.0,0.0,0.0,136.0584999929415,0.007245000000000001
MCP,100000,1,task_007::perturbed_1,perturbed_1,1,7088742,0.0,0.0,0.0,3.4736999950837344,53.165565
SYNAPSE,100000,1,task_008::clean,clean,1,981,1.0,1.0,1.0,157.81350000179373,0.0073575
MCP,100000,1,task_008::clean,clean,1,7088742,0.0,0.0,0.0,3.652999992482364,53.165565
SYNAPSE,100000,1,task_008::perturbed_0,perturbed_0,1,995,0.0,0.0,0.0,153.5149000119418,0.0074625
MCP,100000,1,task_008::perturbed_0,perturbed_0,1,7088742,0.0,0.0,0.0,3.401599999051541,53.165565
SYNAPSE,100000,1,task_008::perturbed_1,perturbed_1,1,991,0.0,0.0,0.0,157.03269999357872,0.007432500000000001
MCP,100000,1,task_008::perturbed_1,perturbed_1,1,7088742,0.0,0.0,0.0,3.5709999938262627,53.165565
SYNAPSE,100000,1,task_009::clean,clean,1,991,1.0,1.0,1.0,134.52700000198092,0.007432500000000001
MCP,100000,1,task_009::clean,clean,1,7088742,0.0,0.0,0.0,3.409600001759827,53.165565
SYNAPSE,100000,1,task_009::perturbed_0,perturbed_0,1,991,1.0,1.0,1.0,136.16340000589844,0.007432500000000001
MCP,100000,1,task_009::perturbed_0,perturbed_0,1,7088742,0.0,0.0,0.0,3.052700005355291,53.165565
SYNAPSE,100000,1,task_009::perturbed_1,perturbed_1,1,994,1.0,0.0,0.16666666666666666,133.33399999828544,0.007455000000000001
MCP,100000,1,task_009::perturbed_1,perturbed_1,1,7088742,0.0,0.0,0.0,3.0808000010438263,53.165565
SYNAPSE,100000,1,task_010::clean,clean,1,987,1.0,1.0,1.0,51.8236999923829,0.0074025
MCP,100000,1,task_010::clean,clean,1,7088742,0.0,0.0,0.0,3.093599996645935,53.165565
SYNAPSE,100000,1,task_010::perturbed_0,perturbed_0,0,994,0.0,0.0,0.0,14.51019999512937,0.007455000000000001
MCP,100000,1,task_010::perturbed_0,perturbed_0,0,7088742,0.0,0.0,0.0,3.1935000006342307,53.165565
SYNAPSE,100000,1,task_010::perturbed_1,perturbed_1,0,983,0.0,0.0,0.0,16.117999999551103,0.007372500000000001
MCP,100000,1,task_010::perturbed_1,perturbed_1,0,7088742,0.0,0.0,0.0,3.153600002406165,53.165565
SYNAPSE,100000,1,task_011::clean,clean,1,989,1.0,1.0,1.0,95.8496999955969,0.0074175000000000005
MCP,100000,1,task_011::clean,clean,1,7088742,0.0,0.0,0.0,3.490100003546104,53.165565
SYNAPSE,100000,1,task_011::perturbed_0,perturbed_0,1,989,1.0,1.0,1.0,129.0347999893129,0.0074175000000000005
MCP,100000,1,task_011::perturbed_0,perturbed_0,1,7088742,0.0,0.0,0.0,3.978399996412918,53.165565
SYNAPSE,100000,1,task_011::perturbed_1,perturbed_1,1,992,1.0,1.0,1.0,125.57960000413004,0.00744
MCP,100000,1,task_011::perturbed_1,perturbed_1,1,7088742,0.0,0.0,0.0,3.3355000050505623,53.165565
SYNAPSE,100000,1,task_012::clean,clean,1,996,1.0,1.0,1.0,157.6556000072742,0.007470000000000001
MCP,100000,1,task_012::clean,clean,1,7088742,0.0,0.0,0.0,3.3712000004015863,53.165565
SYNAPSE,100000,1,task_012::perturbed_0,perturbed_0,1,996,1.0,1.0,1.0,140.69519999611657,0.007470000000000001
MCP,100000,1,task_012::perturbed_0,perturbed_0,1,7088742,0.0,0.0,0.0,3.4607000125106424,53.165565
SYNAPSE,100000,1,task_012::perturbed_1,perturbed_1,1,996,1.0,1.0,1.0,156.48390000569634,0.007470000000000001
MCP,100000,1,task_012::perturbed_1,perturbed_1,1,7088742,0.0,0.0,0.0,3.6293000011937693,53.165565
SYNAPSE,100000,1,task_013::clean,clean,1,999,1.0,1.0,1.0,152.90169999934733,0.007492500000000001
MCP,100000,1,task_013::clean,clean,1,7088742,0.0,0.0,0.0,3.4599000064190477,53.165565
SYNAPSE,100000,1,task_013::perturbed_0,perturbed_0,1,997,1.0,1.0,1.0,135.5660999979591,0.007477500000000001
MCP,100000,1,task_013::perturbed_0,perturbed_0,1,7088742,0.0,0.0,0.0,4.760600000736304,53.165565
SYNAPSE,100000,1,task_013::perturbed_1,perturbed_1,1,981,1.0,1.0,1.0,135.43700000445824,0.0073575
MCP,100000,1,task_013::perturbed_1,perturbed_1,1,7088742,0.0,0.0,0.0,3.2349999964935705,53.165565
SYNAPSE,100000,1,task_014::clean,clean,1,1005,1.0,1.0,1.0,144.76750000903849,0.007537500000000001
MCP,100000,1,task_014::clean,clean,1,7088742,0.0,0.0,0.0,3.397599997697398,53.165565
SYNAPSE,100000,1,task_014::perturbed_0,perturbed_0,1,995,0.0,0.0,0.0,154.5473000005586,0.0074625
MCP,100000,1,task_014::perturbed_0,perturbed_0,1,7088742,0.0,0.0,0.0,3.339699993375689,53.165565
SYNAPSE,100000,1,task_014::perturbed_1,perturbed_1,1,998,1.0,0.0,0.3333333333333333,145.01160000509117,0.007485
MCP,100000,1,task_014::perturbed_1,perturbed_1,1,7088742,0.0,0.0,0.0,3.332699998281896,53.165565
SYNAPSE,100000,1,task_015::clean,clean,1,1004,1.0,1.0,1.0,50.67399999825284,0.00753
MCP,100000,1,task_015::clean,clean,1,7088742,0.0,0.0,0.0,3.4388999920338392,53.165565
SYNAPSE,100000,1,task_015::perturbed_0,perturbed_0,1,996,1.0,0.0,0.5,52.87609998777043,0.007470000000000001
MCP,100000,1,task_015::perturbed_0,perturbed_0,1,7088742,0.0,0.0,0.0,3.20320000173524,53.165565
SYNAPSE,100000,1,task_015::perturbed_1,perturbed_1,1,996,1.0,0.0,0.5,53.31339999975171,0.007470000000000001
MCP,100000,1,task_015::perturbed_1,perturbed_1,1,7088742,0.0,0.0,0.0,4.211499996017665,53.165565
SYNAPSE,100000,1,task_016::clean,clean,1,987,1.0,1.0,1.0,100.37120000924915,0.0074025
MCP,100000,1,task_016::clean,clean,1,7088742,0.0,0.0,0.0,3.8705999904777855,53.165565
SYNAPSE,100000,1,task_016::perturbed_0,perturbed_0,0,1008,0.0,0.0,0.0,11.711400002241135,0.007560000000000001
MCP,100000,1,task_016::perturbed_0,perturbed_0,0,7088742,0.0,0.0,0.0,3.6432999913813546,53.165565
SYNAPSE,100000,1,task_016::perturbed_1,perturbed_1,1,987,1.0,1.0,1.0,99.27859999879729,0.0074025
MCP,100000,1,task_016::perturbed_1,perturbed_1,1,7088742,0.0,0.0,0.0,3.2248000061372295,53.165565
SYNAPSE,100000,1,task_017::clean,clean,1,1003,1.0,1.0,1.0,148.4610000043176,0.0075225000000000005
MCP,100000,1,task_017::clean,clean,1,7088742,0.0,0.0,0.0,4.646200002753176,53.165565
SYNAPSE,100000,1,task_017::perturbed_0,perturbed_0,0,989,0.0,0.0,0.0,17.647900007432327,0.0074175000000000005
MCP,100000,1,task_017::perturbed_0,perturbed_0,0,7088742,0.0,0.0,0.0,3.3983000030275434,53.165565
SYNAPSE,100000,1,task_017::perturbed_1,perturbed_1,1,999,1.0,1.0,1.0,173.18779999914113,0.007492500000000001
MCP,100000,1,task_017::perturbed_1,perturbed_1,1,7088742,0.0,0.0,0.0,3.4487999946577474,53.165565
SYNAPSE,100000,1,task_018::clean,clean,1,967,1.0,1.0,1.0,166.93419999501202,0.0072525
MCP,100000,1,task_018::clean,clean,1,7088742,0.0,0.0,0.0,6.065900000976399,53.165565
SYNAPSE,100000,1,task_018::perturbed_0,perturbed_0,0,679,0.0,0.0,0.0,26.692200000979938,0.005092500000000001
MCP,100000,1,task_018::perturbed_0,perturbed_0,0,7088742,0.0,0.0,0.0,4.4387999951140955,53.165565
SYNAPSE,100000,1,task_018::perturbed_1,perturbed_1,0,957,0.0,0.0,0.0,13.791299992590211,0.007177500000000001
MCP,100000,1,task_018::perturbed_1,perturbed_1,0,7088742,0.0,0.0,0.0,3.9407000003848225,53.165565
SYNAPSE,100000,1,task_019::clean,clean,1,984,1.0,1.0,1.0,157.38449999480508,0.00738
MCP,100000,1,task_019::clean,clean,1,7088742,0.0,0.0,0.0,3.226800006814301,53.165565
SYNAPSE,100000,1,task_019::perturbed_0,perturbed_0,1,984,1.0,1.0,1.0,140.55399999779183,0.00738
MCP,100000,1,task_019::perturbed_0,perturbed_0,1,7088742,0.0,0.0,0.0,3.436900005908683,53.165565
SYNAPSE,100000,1,task_019::perturbed_1,perturbed_1,1,990,0.0,0.0,0.0,146.89910000015516,0.007425
MCP,100000,1,task_019::perturbed_1,perturbed_1,1,7088742,0.0,0.0,0.0,3.695999999763444,53.165565
SYNAPSE,100000,1,task_020::clean,clean,1,1010,1.0,1.0,1.0,60.17890000657644,0.007575000000000001
MCP,100000,1,task_020::clean,clean,1,7088742,0.0,0.0,0.0,3.4183999960077927,53.165565
SYNAPSE,100000,1,task_020::perturbed_0,perturbed_0,1,984,1.0,0.0,0.125,50.02510000485927,0.00738
MCP,100000,1,task_020::perturbed_0,perturbed_0,1,7088742,0.0,0.0,0.0,3.164099995046854,53.165565
SYNAPSE,100000,1,task_020::perturbed_1,perturbed_1,1,1009,1.0,1.0,1.0,57.29080000310205,0.0075675000000000004
MCP,100000,1,task_020::perturbed_1,perturbed_1,1,7088742,0.0,0.0,0.0,4.019800006062724,53.165565
SYNAPSE,100000,1,task_021::clean,clean,1,991,1.0,0.0,0.5,119.25869999686256,0.007432500000000001
MCP,100000,1,task_021::clean,clean,1,7088742,0.0,0.0,0.0,3.361600000062026,53.165565
SYNAPSE,100000,1,task_021::perturbed_0,perturbed_0,1,993,0.0,0.0,0.0,99.28510000463575,0.007447500000000001
MCP,100000,1,task_021::perturbed_0,perturbed_0,1,7088742,0.0,0.0,0.0,3.201600004103966,53.165565
SYNAPSE,100000,1,task_021::perturbed_1,perturbed_1,1,1002,0.0,0.0,0.0,94.76369999174494,0.007515000000000001
MCP,100000,1,task_021::perturbed_1,perturbed_1,1,7088742,0.0,0.0,0.0,4.437600000528619,53.165565
SYNAPSE,100000,1,task_022::clean,clean,1,975,1.0,1.0,1.0,134.64309999835677,0.0073125
MCP,100000,1,task_022::clean,clean,1,7088742,0.0,0.0,0.0,3.4879999875556678,53.165565
SYNAPSE,100000,1,task_022::perturbed_0,perturbed_0,0,679,0.0,0.0,0.0,20.062700001290068,0.005092500000000001
MCP,100000,1,task_022::perturbed_0,perturbed_0,0,7088742,0.0,0.0,0.0,4.658299993025139,53.165565
SYNAPSE,100000,1,task_022::perturbed_1,perturbed_1,1,975,1.0,1.0,1.0,125.72389999695588,0.0073125
MCP,100000,1,task_022::perturbed_1,perturbed_1,1,7088742,0.0,0.0,0.0,3.3599999878788367,53.165565
SYNAPSE,100000,1,task_023::clean,clean,1,971,1.0,1.0,1.0,143.01059998979326,0.007282500000000001
MCP,100000,1,task_023::clean,clean,1,7088742,0.0,0.0,0.0,3.3218000025954098,53.165565
SYNAPSE,100000,1,task_023::perturbed_0,perturbed_0,0,969,0.0,0.0,0.0,13.719800001126714,0.0072675000000000005
MCP,100000,1,task_023::perturbed_0,perturbed_0,0,7088742,0.0,0.0,0.0,3.668299992568791,53.165565
SYNAPSE,100000,1,task_023::perturbed_1,perturbed_1,0,957,0.0,0.0,0.0,14.194499992299825,0.007177500000000001
MCP,100000,1,task_023::perturbed_1,perturbed_1,0,7088742,0.0,0.0,0.0,4.6793000074103475,53.165565
SYNAPSE,100000,1,task_024::clean,clean,1,976,1.0,1.0,1.0,132.44050000503194,0.007320000000000001
MCP,100000,1,task_024::clean,clean,1,7088742,0.0,0.0,0.0,4.381299993838184,53.165565
SYNAPSE,100000,1,task_024::perturbed_0,perturbed_0,0,962,0.0,0.0,0.0,11.209400006919168,0.007215000000000001
MCP,100000,1,task_024::perturbed_0,perturbed_0,0,7088742,0.0,0.0,0.0,3.2784000068204477,53.165565
SYNAPSE,100000,1,task_024::perturbed_1,perturbed_1,1,970,1.0,1.0,1.0,139.58909999928437,0.007275
MCP,100000,1,task_024::perturbed_1,perturbed_1,1,7088742,0.0,0.0,0.0,3.454799996688962,53.165565
SYNAPSE,100000,1,task_025::clean,clean,1,1002,1.0,1.0,1.0,58.9075000025332,0.007515000000000001
MCP,100000,1,task_025::clean,clean,1,7088742,0.0,0.0,0.0,3.141300010611303,53.165565
SYNAPSE,100000,1,task_025::perturbed_0,perturbed_0,0,679,0.0,0.0,0.0,17.666899992036633,0.005092500000000001
MCP,100000,1,task_025::perturbed_0,perturbed_0,0,7088742,0.0,0.0,0.0,3.6303999950177968,53.165565
SYNAPSE,100000,1,task_025::perturbed_1,perturbed_1,0,991,0.0,0.0,0.0,14.470399997662753,0.007432500000000001
MCP,100000,1,task_025::perturbed_1,perturbed_1,0,7088742,0.0,0.0,0.0,4.544399998849258,53.165565
SYNAPSE,100000,1,task_026::clean,clean,1,1010,1.0,1.0,1.0,108.59479999635369,0.007575000000000001
MCP,100000,1,task_026::clean,clean,1,7088742,0.0,0.0,0.0,3.033999993931502,53.165565
SYNAPSE,100000,1,task_026::perturbed_0,perturbed_0,0,1002,0.0,0.0,0.0,11.299999998300336,0.007515000000000001
MCP,100000,1,task_026::perturbed_0,perturbed_0,0,7088742,0.0,0.0,0.0,3.34689998999238,53.165565
SYNAPSE,100000,1,task_026::perturbed_1,perturbed_1,1,1010,1.0,1.0,1.0,102.79069999523927,0.007575000000000001
MCP,100000,1,task_026::perturbed_1,perturbed_1,1,7088742,0.0,0.0,0.0,2.9279000009410083,53.165565
SYNAPSE,100000,1,task_027::clean,clean,1,969,1.0,1.0,1.0,138.3213000081014,0.0072675000000000005
MCP,100000,1,task_027::clean,clean,1,7088742,0.0,0.0,0.0,3.92850000935141,53.165565
SYNAPSE,100000,1,task_027::perturbed_0,perturbed_0,0,970,0.0,0.0,0.0,11.651299995719455,0.007275
MCP,100000,1,task_027::perturbed_0,perturbed_0,0,7088742,0.0,0.0,0.0,3.2082999969134107,53.165565
SYNAPSE,100000,1,task_027::perturbed_1,perturbed_1,1,969,1.0,1.0,1.0,132.11910000245553,0.0072675000000000005
MCP,100000,1,task_027::perturbed_1,perturbed_1,1,7088742,0.0,0.0,0.0,3.4791999933077022,53.165565
SYNAPSE,100000,1,task_028::clean,clean,1,960,1.0,1.0,1.0,141.41209999797866,0.007200000000000001
MCP,100000,1,task_028::clean,clean,1,7088742,0.0,0.0,0.0,3.5954999912064523,53.165565
SYNAPSE,100000,1,task_028::perturbed_0,perturbed_0,0,957,0.0,0.0,0.0,13.416100002359599,0.007177500000000001
MCP,100000,1,task_028::perturbed_0,perturbed_0,0,7088742,0.0,0.0,0.0,3.0879999976605177,53.165565
SYNAPSE,100000,1,task_028::perturbed_1,perturbed_1,0,679,0.0,0.0,0.0,19.4984999980079,0.005092500000000001
MCP,100000,1,task_028::perturbed_1,perturbed_1,0,7088742,0.0,0.0,0.0,4.208400001516566,53.165565
SYNAPSE,100000,1,task_029::clean,clean,1,983,1.0,1.0,1.0,149.72370000032242,0.007372500000000001
MCP,100000,1,task_029::clean,clean,1,7088742,0.0,0.0,0.0,4.082699990249239,53.165565
SYNAPSE,100000,1,task_029::perturbed_0,perturbed_0,1,980,1.0,1.0,1.0,128.0010000045877,0.007350000000000001
MCP,100000,1,task_029::perturbed_0,perturbed_0,1,7088742,0.0,0.0,0.0,4.0899000014178455,53.165565
SYNAPSE,100000,1,task_029::perturbed_1,perturbed_1,0,976,0.0,0.0,0.0,11.69740001205355,0.007320000000000001
MCP,100000,1,task_029::perturbed_1,perturbed_1,0,7088742,0.0,0.0,0.0,4.206400000839494,53.165565
SYNAPSE,100000,2,task_000::clean,clean,1,1009,1.0,1.0,1.0,54.32620001374744,0.0075675000000000004
MCP,100000,2,task_000::clean,clean,1,7087250,0.0,0.0,0.0,3.099199995631352,53.154375
SYNAPSE,100000,2,task_000::perturbed_0,perturbed_0,1,1009,1.0,1.0,1.0,52.716999998665415,0.0075675000000000004
MCP,100000,2,task_000::perturbed_0,perturbed_0,1,7087250,0.0,0.0,0.0,3.198499995050952,53.154375
SYNAPSE,100000,2,task_000::perturbed_1,perturbed_1,1,1005,1.0,1.0,1.0,54.3902000063099,0.007537500000000001
MCP,100000,2,task_000::perturbed_1,perturbed_1,1,7087250,0.0,0.0,0.0,5.09819999570027,53.154375
SYNAPSE,100000,2,task_001::clean,clean,1,991,1.0,1.0,1.0,113.69220000051428,0.007432500000000001
MCP,100000,2,task_001::clean,clean,1,7087250,0.0,0.0,0.0,3.538799996022135,53.154375
SYNAPSE,100000,2,task_001::perturbed_0,perturbed_0,0,985,0.0,0.0,0.0,11.897699994733557,0.007387500000000001
MCP,100000,2,task_001::perturbed_0,perturbed_0,0,7087250,0.0,0.0,0.0,3.335700006573461,53.154375
SYNAPSE,100000,2,task_001::perturbed_1,perturbed_1,1,986,1.0,0.0,0.3333333333333333,102.2483000124339,0.0073950000000000005
MCP,100000,2,task_001::perturbed_1,perturbed_1,1,7087250,0.0,0.0,0.0,4.476500005694106,53.154375
SYNAPSE,100000,2,task_002::clean,clean,1,980,1.0,1.0,1.0,135.1505999919027,0.007350000000000001
MCP,100000,2,task_002::clean,clean,1,7087250,0.0,0.0,0.0,3.7013000110164285,53.154375
SYNAPSE,100000,2,task_002::perturbed_0,perturbed_0,1,984,1.0,1.0,1.0,134.60610000765882,0.00738
MCP,100000,2,task_002::perturbed_0,perturbed_0,1,7087250,0.0,0.0,0.0,3.331100000650622,53.154375
SYNAPSE,100000,2,task_002::perturbed_1,perturbed_1,0,971,0.0,0.0,0.0,14.199099998222664,0.007282500000000001
MCP,100000,2,task_002::perturbed_1,perturbed_1,0,7087250,0.0,0.0,0.0,3.3491000067442656,53.154375
SYNAPSE,100000,2,task_003::clean,clean,1,962,1.0,1.0,1.0,127.5378999998793,0.007215000000000001
MCP,100000,2,task_003::clean,clean,1,7087250,0.0,0.0,0.0,4.397099997731857,53.154375
SYNAPSE,100000,2,task_003::perturbed_0,perturbed_0,0,965,0.0,0.0,0.0,16.675999999279156,0.007237500000000001
MCP,100000,2,task_003::perturbed_0,perturbed_0,0,7087250,0.0,0.0,0.0,4.3261999962851405,53.154375
SYNAPSE,100000,2,task_003::perturbed_1,perturbed_1,1,964,1.0,1.0,1.0,141.98519999627024,0.00723
MCP,100000,2,task_003::perturbed_1,perturbed_1,1,7087250,0.0,0.0,0.0,3.165000001899898,53.154375
SYNAPSE,100000,2,task_004::clean,clean,1,979,1.0,1.0,1.0,140.21739999589045,0.007342500000000001
MCP,100000,2,task_004::clean,clean,1,7087250,0.0,0.0,0.0,3.3149999944726005,53.154375
SYNAPSE,100000,2,task_004::perturbed_0,perturbed_0,1,979,1.0,1.0,1.0,135.71109999611508,0.007342500000000001
MCP,100000,2,task_004::perturbed_0,perturbed_0,1,7087250,0.0,0.0,0.0,3.2989000028464943,53.154375
SYNAPSE,100000,2,task_004::perturbed_1,perturbed_1,0,959,0.0,0.0,0.0,11.921999990590848,0.007192500000000001
MCP,100000,2,task_004::perturbed_1,perturbed_1,0,7087250,0.0,0.0,0.0,3.1977000035112724,53.154375
SYNAPSE,100000,2,task_005::clean,clean,1,985,1.0,1.0,1.0,57.80070000037085,0.007387500000000001
MCP,100000,2,task_005::clean,clean,1,7087250,0.0,0.0,0.0,3.780800005188212,53.154375
SYNAPSE,100000,2,task_005::perturbed_0,perturbed_0,1,987,1.0,0.0,0.5,54.49969999608584,0.0074025
MCP,100000,2,task_005::perturbed_0,perturbed_0,1,7087250,0.0,0.0,0.0,3.204399996320717,53.154375
SYNAPSE,100000,2,task_005::perturbed_1,perturbed_1,0,984,0.0,0.0,0.0,15.285000001313165,0.00738
MCP,100000,2,task_005::perturbed_1,perturbed_1,0,7087250,0.0,0.0,0.0,2.96100000559818,53.154375
SYNAPSE,100000,2,task_006::clean,clean,1,1017,1.0,1.0,1.0,101.56179999466985,0.007627500000000001
MCP,100000,2,task_006::clean,clean,1,7087250,0.0,0.0,0.0,3.2744000054663047,53.154375
SYNAPSE,100000,2,task_006::perturbed_0,perturbed_0,1,1017,1.0,1.0,1.0,98.5923999978695,0.007627500000000001
MCP,100000,2,task_006::perturbed_0,perturbed_0,1,7087250,0.0,0.0,0.0,3.158599996822886,53.154375
SYNAPSE,100000,2,task_006::perturbed_1,perturbed_1,1,987,0.0,0.0,0.0,112.37109999638051,0.0074025
MCP,100000,2,task_006::perturbed_1,perturbed_1,1,7087250,0.0,0.0,0.0,3.4485999931348488,53.154375
SYNAPSE,100000,2,task_007::clean,clean,1,971,1.0,1.0,1.0,142.17140000255313,0.007282500000000001
MCP,100000,2,task_007::clean,clean,1,7087250,0.0,0.0,0.0,3.6666000087279826,53.154375
SYNAPSE,100000,2,task_007::perturbed_0,perturbed_0,1,971,1.0,1.0,1.0,132.43379999767058,0.007282500000000001
MCP,100000,2,task_007::perturbed_0,perturbed_0,1,7087250,0.0,0.0,0.0,4.913199998554774,53.154375
SYNAPSE,100000,2,task_007::perturbed_1,perturbed_1,1,971,1.0,1.0,1.0,128.94030001189094,0.007282500000000001
MCP,100000,2,task_007::perturbed_1,perturbed_1,1,7087250,0.0,0.0,0.0,3.551499990862794,53.154375
SYNAPSE,100000,2,task_008::clean,clean,1,979,1.0,1.0,1.0,148.98369999718852,0.007342500000000001
MCP,100000,2,task_008::clean,clean,1,7087250,0.0,0.0,0.0,4.141099998378195,53.154375
SYNAPSE,100000,2,task_008::perturbed_0,perturbed_0,1,991,1.0,1.0,1.0,145.4844999971101,0.007432500000000001
MCP,100000,2,task_008::perturbed_0,perturbed_0,1,7087250,0.0,0.0,0.0,3.3955999970203266,53.154375
SYNAPSE,100000,2,task_008::perturbed_1,perturbed_1,1,993,1.0,1.0,1.0,149.9832000117749,0.007447500000000001
MCP,100000,2,task_008::perturbed_1,perturbed_1,1,7087250,0.0,0.0,0.0,3.1642999965697527,53.154375
SYNAPSE,100000,2,task_009::clean,clean,1,993,1.0,1.0,1.0,149.10979999694973,0.007447500000000001
MCP,100000,2,task_009::clean,clean,1,7087250,0.0,0.0,0.0,3.2693999964976683,53.154375
SYNAPSE,100000,2,task_009::perturbed_0,perturbed_0,0,1014,0.0,0.0,0.0,17.382100006216206,0.007605000000000001
MCP,100000,2,task_009::perturbed_0,perturbed_0,0,7087250,0.0,0.0,0.0,3.405299998121336,53.154375
SYNAPSE,100000,2,task_009::perturbed_1,perturbed_1,0,992,0.0,0.0,0.0,19.700100005138665,0.00744
MCP,100000,2,task_009::perturbed_1,perturbed_1,0,7087250,0.0,0.0,0.0,3.4635000047273934,53.154375
SYNAPSE,100000,2,task_010::clean,clean,1,1002,1.0,1.0,1.0,49.73529999551829,0.007515000000000001
MCP,100000,2,task_010::clean,clean,1,7087250,0.0,0.0,0.0,3.2023000094341114,53.154375
SYNAPSE,100000,2,task_010::perturbed_0,perturbed_0,1,988,1.0,0.0,0.5,49.39080000622198,0.007410000000000001
MCP,100000,2,task_010::perturbed_0,perturbed_0,1,7087250,0.0,0.0,0.0,2.3853999882703647,53.154375
SYNAPSE,100000,2,task_010::perturbed_1,perturbed_1,1,679,0.0,0.0,0.0,61.33139999292325,0.005092500000000001
MCP,100000,2,task_010::perturbed_1,perturbed_1,1,7087250,0.0,0.0,0.0,3.405900002690032,53.154375
SYNAPSE,100000,2,task_011::clean,clean,1,1014,1.0,1.0,1.0,108.84400000213645,0.007605000000000001
MCP,100000,2,task_011::clean,clean,1,7087250,0.0,0.0,0.0,4.877700004726648,53.154375
SYNAPSE,100000,2,task_011::perturbed_0,perturbed_0,0,1016,0.0,0.0,0.0,14.65230000030715,0.007620000000000001
MCP,100000,2,task_011::perturbed_0,perturbed_0,0,7087250,0.0,0.0,0.0,3.531700000166893,53.154375
SYNAPSE,100000,2,task_011::perturbed_1,perturbed_1,0,1015,0.0,0.0,0.0,14.09070000227075,0.0076125
MCP,100000,2,task_011::perturbed_1,perturbed_1,0,7087250,0.0,0.0,0.0,3.7100999907124788,53.154375
SYNAPSE,100000,2,task_012::clean,clean,1,990,1.0,1.0,1.0,141.6120000067167,0.007425
MCP,100000,2,task_012::clean,clean,1,7087250,0.0,0.0,0.0,4.385400010505691,53.154375
SYNAPSE,100000,2,task_012::perturbed_0,perturbed_0,1,982,0.0,0.0,0.0,139.8267000040505,0.007365000000000001
MCP,100000,2,task_012::perturbed_0,perturbed_0,1,7087250,0.0,0.0,0.0,3.674999999930151,53.154375
SYNAPSE,100000,2,task_012::perturbed_1,perturbed_1,0,980,0.0,0.0,0.0,20.140499997069128,0.007350000000000001
MCP,100000,2,task_012::perturbed_1,perturbed_1,0,7087250,0.0,0.0,0.0,3.437599996686913,53.154375
SYNAPSE,100000,2,task_013::clean,clean,1,983,1.0,1.0,1.0,138.99819999642204,0.007372500000000001
MCP,100000,2,task_013::clean,clean,1,7087250,0.0,0.0,0.0,3.4678000083658844,53.154375
SYNAPSE,100000,2,task_013::perturbed_0,perturbed_0,0,977,0.0,0.0,0.0,14.992800002801232,0.007327500000000001
MCP,100000,2,task_013::perturbed_0,perturbed_0,0,7087250,0.0,0.0,0.0,3.35359999735374,53.154375
SYNAPSE,100000,2,task_013::perturbed_1,perturbed_1,1,983,1.0,1.0,1.0,145.39069999591447,0.007372500000000001
MCP,100000,2,task_013::perturbed_1,perturbed_1,1,7087250,0.0,0.0,0.0,3.6605000059353188,53.154375
SYNAPSE,100000,2,task_014::clean,clean,1,998,1.0,1.0,1.0,142.23969999875408,0.007485
MCP,100000,2,task_014::clean,clean,1,7087250,0.0,0.0,0.0,3.0374000052688643,53.154375
SYNAPSE,100000,2,task_014::perturbed_0,perturbed_0,1,998,0.0,0.0,0.0,134.66110000445042,0.007485
MCP,100000,2,task_014::perturbed_0,perturbed_0,1,7087250,0.0,0.0,0.0,3.8084999978309497,53.154375
SYNAPSE,100000,2,task_014::perturbed_1,perturbed_1,1,996,0.0,0.0,0.0,131.24049999169074,0.007470000000000001
MCP,100000,2,task_014::perturbed_1,perturbed_1,1,7087250,0.0,0.0,0.0,3.14470000739675,53.154375
SYNAPSE,100000,2,task_015::clean,clean,1,1007,1.0,1.0,1.0,53.782099988893606,0.0075525
MCP,100000,2,task_015::clean,clean,1,7087250,0.0,0.0,0.0,3.051199993933551,53.154375
SYNAPSE,100000,2,task_015::perturbed_0,perturbed_0,0,984,0.0,0.0,0.0,11.84540000394918,0.00738
MCP,100000,2,task_015::perturbed_0,perturbed_0,0,7087250,0.0,0.0,0.0,3.557899995939806,53.154375
SYNAPSE,100000,2,task_015::perturbed_1,perturbed_1,1,985,0.0,0.0,0.0,51.67250000522472,0.007387500000000001
MCP,100000,2,task_015::perturbed_1,perturbed_1,1,7087250,0.0,0.0,0.0,3.218500001821667,53.154375
SYNAPSE,100000,2,task_016::clean,clean,1,990,1.0,1.0,1.0,106.61000000254717,0.007425
MCP,100000,2,task_016::clean,clean,1,7087250,0.0,0.0,0.0,3.285600003437139,53.154375
SYNAPSE,100000,2,task_016::perturbed_0,perturbed_0,1,990,1.0,1.0,1.0,102.91710001183674,0.007425
MCP,100000,2,task_016::perturbed_0,perturbed_0,1,7087250,0.0,0.0,0.0,3.2857000041985884,53.154375
SYNAPSE,100000,2,task_016::perturbed_1,perturbed_1,0,986,0.0,0.0,0.0,10.814400011440739,0.0073950000000000005
MCP,100000,2,task_016::perturbed_1,perturbed_1,0,7087250,0.0,0.0,0.0,3.4665999992284924,53.154375
SYNAPSE,100000,2,task_017::clean,clean,1,1001,1.0,1.0,1.0,132.16999999713153,0.0075075
MCP,100000,2,task_017::clean,clean,1,7087250,0.0,0.0,0.0,2.744500001426786,53.154375
SYNAPSE,100000,2,task_017::perturbed_0,perturbed_0,1,986,1.0,0.0,0.2,130.6588000006741,0.0073950000000000005
MCP,100000,2,task_017::perturbed_0,perturbed_0,1,7087250,0.0,0.0,0.0,3.3829999883892015,53.154375
SYNAPSE,100000,2,task_017::perturbed_1,perturbed_1,1,1001,1.0,1.0,1.0,137.51650000631344,0.0075075
MCP,100000,2,task_017::perturbed_1,perturbed_1,1,7087250,0.0,0.0,0.0,4.3301999976392835,53.154375
SYNAPSE,100000,2,task_018::clean,clean,1,965,1.0,1.0,1.0,126.95020000683144,0.007237500000000001
MCP,100000,2,task_018::clean,clean,1,7087250,0.0,0.0,0.0,3.7089999968884513,53.154375
SYNAPSE,100000,2,task_018::perturbed_0,perturbed_0,0,956,0.0,0.0,0.0,16.886500001419336,0.00717
MCP,100000,2,task_018::perturbed_0,perturbed_0,0,7087250,0.0,0.0,0.0,3.3973000099649653,53.154375
SYNAPSE,100000,2,task_018::perturbed_1,perturbed_1,1,967,0.0,0.0,0.0,147.38419999775942,0.0072525
MCP,100000,2,task_018::perturbed_1,perturbed_1,1,7087250,0.0,0.0,0.0,3.5093000042252243,53.154375
SYNAPSE,100000,2,task_019::clean,clean,1,981,1.0,1.0,1.0,134.51509999867994,0.0073575
MCP,100000,2,task_019::clean,clean,1,7087250,0.0,0.0,0.0,4.5452000049408525,53.154375
SYNAPSE,100000,2,task_019::perturbed_0,perturbed_0,0,959,0.0,0.0,0.0,19.84390000870917,0.007192500000000001
MCP,100000,2,task_019::perturbed_0,perturbed_0,0,7087250,0.0,0.0,0.0,4.6336999948835,53.154375
SYNAPSE,100000,2,task_019::perturbed_1,perturbed_1,0,679,0.0,0.0,0.0,25.975899989134632,0.005092500000000001
MCP,100000,2,task_019::perturbed_1,perturbed_1,0,7087250,0.0,0.0,0.0,5.219099999521859,53.154375
SYNAPSE,100000,2,task_020::clean,clean,1,1005,1.0,1.0,1.0,56.464699999196455,0.007537500000000001
MCP,100000,2,task_020::clean,clean,1,7087250,0.0,0.0,0.0,3.407099997275509,53.154375
SYNAPSE,100000,2,task_020::perturbed_0,perturbed_0,1,679,0.0,0.0,0.0,57.79190000612289,0.005092500000000001
MCP,100000,2,task_020::perturbed_0,perturbed_0,1,7087250,0.0,0.0,0.0,3.5373999999137595,53.154375
SYNAPSE,100000,2,task_020::perturbed_1,perturbed_1,1,679,0.0,0.0,0.0,60.77589999767952,0.005092500000000001
MCP,100000,2,task_020::perturbed_1,perturbed_1,1,7087250,0.0,0.0,0.0,3.800899998168461,53.154375
SYNAPSE,100000,2,task_021::clean,clean,1,993,1.0,1.0,1.0,101.85659999842755,0.007447500000000001
MCP,100000,2,task_021::clean,clean,1,7087250,0.0,0.0,0.0,4.528299992671236,53.154375
SYNAPSE,100000,2,task_021::perturbed_0,perturbed_0,0,992,0.0,0.0,0.0,15.478000001166947,0.00744
MCP,100000,2,task_021::perturbed_0,perturbed_0,0,7087250,0.0,0.0,0.0,3.4060000034514815,53.154375
SYNAPSE,100000,2,task_021::perturbed_1,perturbed_1,1,993,1.0,1.0,1.0,97.81130000192206,0.007447500000000001
MCP,100000,2,task_021::perturbed_1,perturbed_1,1,7087250,0.0,0.0,0.0,3.4368999913567677,53.154375
SYNAPSE,100000,2,task_022::clean,clean,1,971,1.0,1.0,1.0,136.4733999944292,0.007282500000000001
MCP,100000,2,task_022::clean,clean,1,7087250,0.0,0.0,0.0,3.1583999952999875,53.154375
SYNAPSE,100000,2,task_022::perturbed_0,perturbed_0,0,969,0.0,0.0,0.0,13.561700005084276,0.0072675000000000005
MCP,100000,2,task_022::perturbed_0,perturbed_0,0,7087250,0.0,0.0,0.0,3.668200006359257,53.154375
SYNAPSE,100000,2,task_022::perturbed_1,perturbed_1,0,972,0.0,0.0,0.0,17.36420000088401,0.0072900000000000005
MCP,100000,2,task_022::perturbed_1,perturbed_1,0,7087250,0.0,0.0,0.0,3.5880999930668622,53.154375
SYNAPSE,100000,2,task_023::clean,clean,1,960,1.0,1.0,1.0,137.476499992772,0.007200000000000001
MCP,100000,2,task_023::clean,clean,1,7087250,0.0,0.0,0.0,3.2807000097818673,53.154375
SYNAPSE,100000,2,task_023::perturbed_0,perturbed_0,1,960,1.0,1.0,1.0,134.2962000053376,0.007200000000000001
MCP,100000,2,task_023::perturbed_0,perturbed_0,1,7087250,0.0,0.0,0.0,3.3516000112285838,53.154375
SYNAPSE,100000,2,task_023::perturbed_1,perturbed_1,1,959,0.0,0.0,0.0,129.82539999939036,0.007192500000000001
MCP,100000,2,task_023::perturbed_1,perturbed_1,1,7087250,0.0,0.0,0.0,3.5906999983126298,53.154375
SYNAPSE,100000,2,task_024::clean,clean,1,980,1.0,1.0,1.0,130.6215000076918,0.007350000000000001
MCP,100000,2,task_024::clean,clean,1,7087250,0.0,0.0,0.0,1.9521000067470595,53.154375
SYNAPSE,100000,2,task_024::perturbed_0,perturbed_0,0,965,0.0,0.0,0.0,16.32680000329856,0.007237500000000001
MCP,100000,2,task_024::perturbed_0,perturbed_0,0,7087250,0.0,0.0,0.0,4.5073999935993925,53.154375
SYNAPSE,100000,2,task_024::perturbed_1,perturbed_1,0,975,0.0,0.0,0.0,17.478300011134706,0.0073125
MCP,100000,2,task_024::perturbed_1,perturbed_1,0,7087250,0.0,0.0,0.0,3.417200001422316,53.154375
SYNAPSE,100000,2,task_025::clean,clean,1,1002,1.0,1.0,1.0,56.47749999479856,0.007515000000000001
MCP,100000,2,task_025::clean,clean,1,7087250,0.0,0.0,0.0,3.054500004509464,53.154375
SYNAPSE,100000,2,task_025::perturbed_0,perturbed_0,0,679,0.0,0.0,0.0,19.91719999932684,0.005092500000000001
MCP,100000,2,task_025::perturbed_0,perturbed_0,0,7087250,0.0,0.0,0.0,3.834499992080964,53.154375
SYNAPSE,100000,2,task_025::perturbed_1,perturbed_1,0,989,0.0,0.0,0.0,15.769699995871633,0.0074175000000000005
MCP,100000,2,task_025::perturbed_1,perturbed_1,0,7087250,0.0,0.0,0.0,3.3971999946516007,53.154375
SYNAPSE,100000,2,task_026::clean,clean,1,1010,1.0,1.0,1.0,104.7751000005519,0.007575000000000001
MCP,100000,2,task_026::clean,clean,1,7087250,0.0,0.0,0.0,3.2531000033486634,53.154375
SYNAPSE,100000,2,task_026::perturbed_0,perturbed_0,1,1010,1.0,1.0,1.0,116.20550000225194,0.007575000000000001
MCP,100000,2,task_026::perturbed_0,perturbed_0,1,7087250,0.0,0.0,0.0,7.843200000934303,53.154375
SYNAPSE,100000,2,task_026::perturbed_1,perturbed_1,1,1010,1.0,1.0,1.0,134.2861000011908,0.007575000000000001
MCP,100000,2,task_026::perturbed_1,perturbed_1,1,7087250,0.0,0.0,0.0,3.3118999999715015,53.154375
SYNAPSE,100000,2,task_027::clean,clean,1,974,1.0,0.0,0.3333333333333333,141.16030000150204,0.007305000000000001
MCP,100000,2,task_027::clean,clean,1,7087250,0.0,0.0,0.0,3.5696999984793365,53.154375
SYNAPSE,100000,2,task_027::perturbed_0,perturbed_0,1,969,0.0,0.0,0.0,143.87270000588614,0.0072675000000000005
MCP,100000,2,task_027::perturbed_0,perturbed_0,1,7087250,0.0,0.0,0.0,3.4995000023627654,53.154375
SYNAPSE,100000,2,task_027::perturbed_1,perturbed_1,1,679,0.0,0.0,0.0,141.19490000302903,0.005092500000000001
MCP,100000,2,task_027::perturbed_1,perturbed_1,1,7087250,0.0,0.0,0.0,4.884699999820441,53.154375
SYNAPSE,100000,2,task_028::clean,clean,1,966,1.0,1.0,1.0,138.32109999202657,0.007245000000000001
MCP,100000,2,task_028::clean,clean,1,7087250,0.0,0.0,0.0,3.4595000033732504,53.154375
SYNAPSE,100000,2,task_028::perturbed_0,perturbed_0,1,968,1.0,0.0,0.3333333333333333,125.8574000094086,0.007260000000000001
MCP,100000,2,task_028::perturbed_0,perturbed_0,1,7087250,0.0,0.0,0.0,3.088699988438748,53.154375
SYNAPSE,100000,2,task_028::perturbed_1,perturbed_1,1,968,1.0,0.0,0.3333333333333333,130.67700000829063,0.007260000000000001
MCP,100000,2,task_028::perturbed_1,perturbed_1,1,7087250,0.0,0.0,0.0,3.097900000284426,53.154375
SYNAPSE,100000,2,task_029::clean,clean,1,978,1.0,1.0,1.0,138.573299991549,0.007335
MCP,100000,2,task_029::clean,clean,1,7087250,0.0,0.0,0.0,3.8878999912412837,53.154375
SYNAPSE,100000,2,task_029::perturbed_0,perturbed_0,1,976,0.0,0.0,0.0,140.13519999571145,0.007320000000000001
MCP,100000,2,task_029::perturbed_0,perturbed_0,1,7087250,0.0,0.0,0.0,3.5462999949231744,53.154375
SYNAPSE,100000,2,task_029::perturbed_1,perturbed_1,1,976,0.0,0.0,0.0,140.8209000073839,0.007320000000000001
MCP,100000,2,task_029::perturbed_1,perturbed_1,1,7087250,0.0,0.0,0.0,3.0200000037439167,53.154375
SYNAPSE,100000,3,task_000::clean,clean,1,1018,1.0,1.0,1.0,60.944900003960356,0.007635
MCP,100000,3,task_000::clean,clean,1,7087624,0.0,0.0,0.0,2.9240000003483146,53.157180000000004
SYNAPSE,100000,3,task_000::perturbed_0,perturbed_0,1,995,1.0,0.0,0.2,49.024799998733215,0.0074625
MCP,100000,3,task_000::perturbed_0,perturbed_0,1,7087624,0.0,0.0,0.0,2.8325000021141022,53.157180000000004
SYNAPSE,100000,3,task_000::perturbed_1,perturbed_1,0,993,0.0,0.0,0.0,16.291300009470433,0.007447500000000001
MCP,100000,3,task_000::perturbed_1,perturbed_1,0,7087624,0.0,0.0,0.0,4.981800011591986,53.157180000000004
SYNAPSE,100000,3,task_001::clean,clean,1,1018,1.0,1.0,1.0,104.42830000829417,0.007635
MCP,100000,3,task_001::clean,clean,1,7087624,0.0,0.0,0.0,1.8893999949796125,53.157180000000004
SYNAPSE,100000,3,task_001::perturbed_0,perturbed_0,0,984,0.0,0.0,0.0,10.449099994730204,0.00738
MCP,100000,3,task_001::perturbed_0,perturbed_0,0,7087624,0.0,0.0,0.0,2.1816000080434605,53.157180000000004
SYNAPSE,100000,3,task_001::perturbed_1,perturbed_1,1,1018,1.0,1.0,1.0,98.24789999402128,0.007635
MCP,100000,3,task_001::perturbed_1,perturbed_1,1,7087624,0.0,0.0,0.0,3.2673000096110627,53.157180000000004
SYNAPSE,100000,3,task_002::clean,clean,1,978,1.0,1.0,1.0,131.86149999091867,0.007335
MCP,100000,3,task_002::clean,clean,1,7087624,0.0,0.0,0.0,3.2190000056289136,53.157180000000004
SYNAPSE,100000,3,task_002::perturbed_0,perturbed_0,1,977,0.0,0.0,0.0,125.64129999373108,0.007327500000000001
MCP,100000,3,task_002::perturbed_0,perturbed_0,1,7087624,0.0,0.0,0.0,3.7619999930029735,53.157180000000004
SYNAPSE,100000,3,task_002::perturbed_1,perturbed_1,1,980,0.0,0.0,0.0,115.95330000272952,0.007350000000000001
MCP,100000,3,task_002::perturbed_1,perturbed_1,1,7087624,0.0,0.0,0.0,1.444699999410659,53.157180000000004
SYNAPSE,100000,3,task_003::clean,clean,1,968,1.0,1.0,1.0,124.12079999921843,0.007260000000000001
MCP,100000,3,task_003::clean,clean,1,7087624,0.0,0.0,0.0,3.935600005206652,53.157180000000004
SYNAPSE,100000,3,task_003::perturbed_0,perturbed_0,1,971,1.0,1.0,1.0,129.3980000045849,0.007282500000000001
MCP,100000,3,task_003::perturbed_0,perturbed_0,1,7087624,0.0,0.0,0.0,2.9455999901983887,53.157180000000004
SYNAPSE,100000,3,task_003::perturbed_1,perturbed_1,1,971,1.0,1.0,1.0,125.97429999732412,0.007282500000000001
MCP,100000,3,task_003::perturbed_1,perturbed_1,1,7087624,0.0,0.0,0.0,2.3646000045118853,53.157180000000004
SYNAPSE,100000,3,task_004::clean,clean,1,988,1.0,1.0,1.0,126.67159999546129,0.007410000000000001
MCP,100000,3,task_004::clean,clean,1,7087624,0.0,0.0,0.0,2.9611000063596293,53.157180000000004
SYNAPSE,100000,3,task_004::perturbed_0,perturbed_0,1,975,1.0,0.0,0.5,135.3402999957325,0.0073125
MCP,100000,3,task_004::perturbed_0,perturbed_0,1,7087624,0.0,0.0,0.0,2.915200006100349,53.157180000000004
SYNAPSE,100000,3,task_004::perturbed_1,perturbed_1,1,975,1.0,0.0,0.5,136.28079999762122,0.0073125
MCP,100000,3,task_004::perturbed_1,perturbed_1,1,7087624,0.0,0.0,0.0,3.656999993836507,53.157180000000004
SYNAPSE,100000,3,task_005::clean,clean,1,995,1.0,1.0,1.0,47.49319999245927,0.0074625
MCP,100000,3,task_005::clean,clean,1,7087624,0.0,0.0,0.0,2.4167000083252788,53.157180000000004
SYNAPSE,100000,3,task_005::perturbed_0,perturbed_0,1,995,1.0,1.0,1.0,50.14209999353625,0.0074625
MCP,100000,3,task_005::perturbed_0,perturbed_0,1,7087624,0.0,0.0,0.0,3.8358999881893396,53.157180000000004
SYNAPSE,100000,3,task_005::perturbed_1,perturbed_1,1,983,1.0,0.0,0.25,47.413499996764585,0.007372500000000001
MCP,100000,3,task_005::perturbed_1,perturbed_1,1,7087624,0.0,0.0,0.0,3.034800000023097,53.157180000000004
SYNAPSE,100000,3,task_006::clean,clean,1,989,1.0,1.0,1.0,105.88149999966845,0.0074175000000000005
MCP,100000,3,task_006::clean,clean,1,7087624,0.0,0.0,0.0,2.090699999826029,53.157180000000004
SYNAPSE,100000,3,task_006::perturbed_0,perturbed_0,1,984,1.0,0.0,0.25,92.76059998956043,0.00738
MCP,100000,3,task_006::perturbed_0,perturbed_0,1,7087624,0.0,0.0,0.0,3.4747000026982278,53.157180000000004
SYNAPSE,100000,3,task_006::perturbed_1,perturbed_1,1,984,1.0,0.0,0.3333333333333333,98.17159999511205,0.00738
MCP,100000,3,task_006::perturbed_1,perturbed_1,1,7087624,0.0,0.0,0.0,3.2519000087631866,53.157180000000004
SYNAPSE,100000,3,task_007::clean,clean,1,965,1.0,1.0,1.0,129.17669999296777,0.007237500000000001
MCP,100000,3,task_007::clean,clean,1,7087624,0.0,0.0,0.0,3.3223999926121905,53.157180000000004
SYNAPSE,100000,3,task_007::perturbed_0,perturbed_0,0,961,0.0,0.0,0.0,16.256700007943437,0.0072075
MCP,100000,3,task_007::perturbed_0,perturbed_0,0,7087624,0.0,0.0,0.0,3.8185000012163073,53.157180000000004
SYNAPSE,100000,3,task_007::perturbed_1,perturbed_1,1,964,0.0,0.0,0.0,130.4154999961611,0.00723
MCP,100000,3,task_007::perturbed_1,perturbed_1,1,7087624,0.0,0.0,0.0,3.0006000015418977,53.157180000000004
SYNAPSE,100000,3,task_008::clean,clean,1,981,1.0,1.0,1.0,130.1272999990033,0.0073575
MCP,100000,3,task_008::clean,clean,1,7087624,0.0,0.0,0.0,3.1851000094320625,53.157180000000004
SYNAPSE,100000,3,task_008::perturbed_0,perturbed_0,1,972,1.0,0.0,0.14285714285714285,141.73689999734052,0.0072900000000000005
MCP,100000,3,task_008::perturbed_0,perturbed_0,1,7087624,0.0,0.0,0.0,3.4038000012515113,53.157180000000004
SYNAPSE,100000,3,task_008::perturbed_1,perturbed_1,1,974,1.0,0.0,0.2,128.57819999044295,0.007305000000000001
MCP,100000,3,task_008::perturbed_1,perturbed_1,1,7087624,0.0,0.0,0.0,3.253500006394461,53.157180000000004
SYNAPSE,100000,3,task_009::clean,clean,1,990,1.0,1.0,1.0,138.12429999234155,0.007425
MCP,100000,3,task_009::clean,clean,1,7087624,0.0,0.0,0.0,2.8126000106567517,53.157180000000004
SYNAPSE,100000,3,task_009::perturbed_0,perturbed_0,0,998,0.0,0.0,0.0,16.29030000185594,0.007485
MCP,100000,3,task_009::perturbed_0,perturbed_0,0,7087624,0.0,0.0,0.0,2.865300004486926,53.157180000000004
SYNAPSE,100000,3,task_009::perturbed_1,perturbed_1,1,679,0.0,0.0,0.0,143.28349998686463,0.005092500000000001
MCP,100000,3,task_009::perturbed_1,perturbed_1,1,7087624,0.0,0.0,0.0,3.9352000021608546,53.157180000000004
SYNAPSE,100000,3,task_010::clean,clean,1,990,1.0,1.0,1.0,59.87569999706466,0.007425
MCP,100000,3,task_010::clean,clean,1,7087624,0.0,0.0,0.0,3.893700006301515,53.157180000000004
SYNAPSE,100000,3,task_010::perturbed_0,perturbed_0,1,986,1.0,0.0,0.5,54.51849999371916,0.0073950000000000005
MCP,100000,3,task_010::perturbed_0,perturbed_0,1,7087624,0.0,0.0,0.0,3.1294000073103234,53.157180000000004
SYNAPSE,100000,3,task_010::perturbed_1,perturbed_1,1,986,1.0,0.0,0.14285714285714285,55.921700011822395,0.0073950000000000005
MCP,100000,3,task_010::perturbed_1,perturbed_1,1,7087624,0.0,0.0,0.0,3.1503000063821673,53.157180000000004
SYNAPSE,100000,3,task_011::clean,clean,1,991,1.0,1.0,1.0,107.29189999983646,0.007432500000000001
MCP,100000,3,task_011::clean,clean,1,7087624,0.0,0.0,0.0,2.455299996654503,53.157180000000004
SYNAPSE,100000,3,task_011::perturbed_0,perturbed_0,1,1000,1.0,0.0,0.5,112.79359999753069,0.007500000000000001
MCP,100000,3,task_011::perturbed_0,perturbed_0,1,7087624,0.0,0.0,0.0,3.9496999961556867,53.157180000000004
SYNAPSE,100000,3,task_011::perturbed_1,perturbed_1,0,989,0.0,0.0,0.0,14.306800003396347,0.0074175000000000005
MCP,100000,3,task_011::perturbed_1,perturbed_1,0,7087624,0.0,0.0,0.0,3.903899996657856,53.157180000000004
SYNAPSE,100000,3,task_012::clean,clean,1,984,1.0,1.0,1.0,142.37259999208618,0.00738
MCP,100000,3,task_012::clean,clean,1,7087624,0.0,0.0,0.0,3.2186000025831163,53.157180000000004
SYNAPSE,100000,3,task_012::perturbed_0,perturbed_0,0,992,0.0,0.0,0.0,17.407199993613176,0.00744
MCP,100000,3,task_012::perturbed_0,perturbed_0,0,7087624,0.0,0.0,0.0,3.405299998121336,53.157180000000004
SYNAPSE,100000,3,task_012::perturbed_1,perturbed_1,0,986,0.0,0.0,0.0,16.77200000267476,0.0073950000000000005
MCP,100000,3,task_012::perturbed_1,perturbed_1,0,7087624,0.0,0.0,0.0,3.5271999950055033,53.157180000000004
SYNAPSE,100000,3,task_013::clean,clean,1,980,1.0,1.0,1.0,123.68740000238176,0.007350000000000001
MCP,100000,3,task_013::clean,clean,1,7087624,0.0,0.0,0.0,3.26469998981338,53.157180000000004
SYNAPSE,100000,3,task_013::perturbed_0,perturbed_0,0,979,0.0,0.0,0.0,15.531900004134513,0.007342500000000001
MCP,100000,3,task_013::perturbed_0,perturbed_0,0,7087624,0.0,0.0,0.0,3.8252999947872013,53.157180000000004
SYNAPSE,100000,3,task_013::perturbed_1,perturbed_1,0,977,0.0,0.0,0.0,12.939400010509416,0.007327500000000001
MCP,100000,3,task_013::perturbed_1,perturbed_1,0,7087624,0.0,0.0,0.0,3.2810999982757494,53.157180000000004
SYNAPSE,100000,3,task_014::clean,clean,1,1020,1.0,1.0,1.0,161.04330000234768,0.0076500000000000005
MCP,100000,3,task_014::clean,clean,1,7087624,0.0,0.0,0.0,3.2153999927686527,53.157180000000004
SYNAPSE,100000,3,task_014::perturbed_0,perturbed_0,1,1020,1.0,1.0,1.0,132.012100002612,0.0076500000000000005
MCP,100000,3,task_014::perturbed_0,perturbed_0,1,7087624,0.0,0.0,0.0,2.6350999978603795,53.157180000000004
SYNAPSE,100000,3,task_014::perturbed_1,perturbed_1,0,997,0.0,0.0,0.0,23.819399997591972,0.007477500000000001
MCP,100000,3,task_014::perturbed_1,perturbed_1,0,7087624,0.0,0.0,0.0,3.9667999953962862,53.157180000000004
SYNAPSE,100000,3,task_015::clean,clean,1,995,1.0,1.0,1.0,46.67450000124518,0.0074625
MCP,100000,3,task_015::clean,clean,1,7087624,0.0,0.0,0.0,2.8175999905215576,53.157180000000004
SYNAPSE,100000,3,task_015::perturbed_0,perturbed_0,1,985,1.0,1.0,1.0,43.73069999564905,0.007387500000000001
MCP,100000,3,task_015::perturbed_0,perturbed_0,1,7087624,0.0,0.0,0.0,3.0528000061167404,53.157180000000004
SYNAPSE,100000,3,task_015::perturbed_1,perturbed_1,1,980,1.0,0.0,0.125,47.18259999935981,0.007350000000000001
MCP,100000,3,task_015::perturbed_1,perturbed_1,1,7087624,0.0,0.0,0.0,3.7434999976539984,53.157180000000004
SYNAPSE,100000,3,task_016::clean,clean,1,996,1.0,1.0,1.0,97.35229999932926,0.007470000000000001
MCP,100000,3,task_016::clean,clean,1,7087624,0.0,0.0,0.0,3.0123000033199787,53.157180000000004
SYNAPSE,100000,3,task_016::perturbed_0,perturbed_0,1,996,1.0,1.0,1.0,105.16269999789074,0.007470000000000001
MCP,100000,3,task_016::perturbed_0,perturbed_0,1,7087624,0.0,0.0,0.0,3.176999991410412,53.157180000000004
SYNAPSE,100000,3,task_016::perturbed_1,perturbed_1,1,1001,1.0,1.0,1.0,115.03200000151992,0.0075075
MCP,100000,3,task_016::perturbed_1,perturbed_1,1,7087624,0.0,0.0,0.0,3.802400009590201,53.157180000000004
SYNAPSE,100000,3,task_017::clean,clean,1,999,1.0,1.0,1.0,149.92599999823142,0.007492500000000001
MCP,100000,3,task_017::clean,clean,1,7087624,0.0,0.0,0.0,3.0897999968146905,53.157180000000004
SYNAPSE,100000,3,task_017::perturbed_0,perturbed_0,0,993,0.0,0.0,0.0,17.745300006936304,0.007447500000000001
MCP,100000,3,task_017::perturbed_0,perturbed_0,0,7087624,0.0,0.0,0.0,4.557799999020062,53.157180000000004
SYNAPSE,100000,3,task_017::perturbed_1,perturbed_1,1,991,1.0,0.0,0.2,89.82180000748485,0.007432500000000001
MCP,100000,3,task_017::perturbed_1,perturbed_1,1,7087624,0.0,0.0,0.0,4.176600006758235,53.157180000000004
SYNAPSE,100000,3,task_018::clean,clean,1,969,1.0,1.0,1.0,126.93379999836907,0.0072675000000000005
MCP,100000,3,task_018::clean,clean,1,7087624,0.0,0.0,0.0,3.123100002994761,53.157180000000004
SYNAPSE,100000,3,task_018::perturbed_0,perturbed_0,1,969,0.0,0.0,0.0,122.9239999956917,0.0072675000000000005
MCP,100000,3,task_018::perturbed_0,perturbed_0,1,7087624,0.0,0.0,0.0,3.2586999877821654,53.157180000000004
SYNAPSE,100000,3,task_018::perturbed_1,perturbed_1,1,969,1.0,1.0,1.0,124.57590000121854,0.0072675000000000005
MCP,100000,3,task_018::perturbed_1,perturbed_1,1,7087624,0.0,0.0,0.0,3.5069000005023554,53.157180000000004
SYNAPSE,100000,3,task_019::clean,clean,1,976,1.0,1.0,1.0,139.05480000539683,0.007320000000000001
MCP,100000,3,task_019::clean,clean,1,7087624,0.0,0.0,0.0,4.68929999624379,53.157180000000004
SYNAPSE,100000,3,task_019::perturbed_0,perturbed_0,1,679,0.0,0.0,0.0,134.78749999194406,0.005092500000000001
MCP,100000,3,task_019::perturbed_0,perturbed_0,1,7087624,0.0,0.0,0.0,3.5958999942522496,53.157180000000004
SYNAPSE,100000,3,task_019::perturbed_1,perturbed_1,1,977,1.0,1.0,1.0,127.94390000635758,0.007327500000000001
MCP,100000,3,task_019::perturbed_1,perturbed_1,1,7087624,0.0,0.0,0.0,3.3601000031922013,53.157180000000004
SYNAPSE,100000,3,task_020::clean,clean,1,997,1.0,1.0,1.0,49.9883000011323,0.007477500000000001
MCP,100000,3,task_020::clean,clean,1,7087624,0.0,0.0,0.0,3.1731000053696334,53.157180000000004
SYNAPSE,100000,3,task_020::perturbed_0,perturbed_0,1,997,1.0,1.0,1.0,53.70519999996759,0.007477500000000001
MCP,100000,3,task_020::perturbed_0,perturbed_0,1,7087624,0.0,0.0,0.0,3.322799995657988,53.157180000000004
SYNAPSE,100000,3,task_020::perturbed_1,perturbed_1,0,981,0.0,0.0,0.0,13.476199994329363,0.0073575
MCP,100000,3,task_020::perturbed_1,perturbed_1,0,7087624,0.0,0.0,0.0,3.7280000105965883,53.157180000000004
SYNAPSE,100000,3,task_021::clean,clean,1,987,1.0,1.0,1.0,108.0810000130441,0.0074025
MCP,100000,3,task_021::clean,clean,1,7087624,0.0,0.0,0.0,3.8628999900538474,53.157180000000004
SYNAPSE,100000,3,task_021::perturbed_0,perturbed_0,0,985,0.0,0.0,0.0,17.1589999954449,0.007387500000000001
MCP,100000,3,task_021::perturbed_0,perturbed_0,0,7087624,0.0,0.0,0.0,4.739299998618662,53.157180000000004
SYNAPSE,100000,3,task_021::perturbed_1,perturbed_1,1,987,1.0,1.0,1.0,118.95190000359435,0.0074025
MCP,100000,3,task_021::perturbed_1,perturbed_1,1,7087624,0.0,0.0,0.0,3.0897999968146905,53.157180000000004
SYNAPSE,100000,3,task_022::clean,clean,1,967,1.0,0.0,0.25,124.44489999325015,0.0072525
MCP,100000,3,task_022::clean,clean,1,7087624,0.0,0.0,0.0,3.5309999948367476,53.157180000000004
SYNAPSE,100000,3,task_022::perturbed_0,perturbed_0,0,970,0.0,0.0,0.0,14.831400010734797,0.007275
MCP,100000,3,task_022::perturbed_0,perturbed_0,0,7087624,0.0,0.0,0.0,4.538300010608509,53.157180000000004
SYNAPSE,100000,3,task_022::perturbed_1,perturbed_1,1,978,0.0,0.0,0.0,121.81739999505226,0.007335
MCP,100000,3,task_022::perturbed_1,perturbed_1,1,7087624,0.0,0.0,0.0,2.152500004740432,53.157180000000004
SYNAPSE,100000,3,task_023::clean,clean,1,980,1.0,1.0,1.0,128.25610001164023,0.007350000000000001
MCP,100000,3,task_023::clean,clean,1,7087624,0.0,0.0,0.0,3.0497999978251755,53.157180000000004
SYNAPSE,100000,3,task_023::perturbed_0,perturbed_0,0,679,0.0,0.0,0.0,25.068700007977895,0.005092500000000001
MCP,100000,3,task_023::perturbed_0,perturbed_0,0,7087624,0.0,0.0,0.0,3.489800001261756,53.157180000000004
SYNAPSE,100000,3,task_023::perturbed_1,perturbed_1,0,977,0.0,0.0,0.0,12.289100006455556,0.007327500000000001
MCP,100000,3,task_023::perturbed_1,perturbed_1,0,7087624,0.0,0.0,0.0,4.205000004731119,53.157180000000004
SYNAPSE,100000,3,task_024::clean,clean,1,978,1.0,1.0,1.0,165.0591999932658,0.007335
MCP,100000,3,task_024::clean,clean,1,7087624,0.0,0.0,0.0,5.662399998982437,53.157180000000004
SYNAPSE,100000,3,task_024::perturbed_0,perturbed_0,0,976,0.0,0.0,0.0,17.361299993353896,0.007320000000000001
MCP,100000,3,task_024::perturbed_0,perturbed_0,0,7087624,0.0,0.0,0.0,3.354899992700666,53.157180000000004
SYNAPSE,100000,3,task_024::perturbed_1,perturbed_1,1,978,1.0,1.0,1.0,132.44010000198614,0.007335
MCP,100000,3,task_024::perturbed_1,perturbed_1,1,7087624,0.0,0.0,0.0,2.0400999928824604,53.157180000000004
SYNAPSE,100000,3,task_025::clean,clean,1,990,1.0,1.0,1.0,57.412000009207986,0.007425
MCP,100000,3,task_025::clean,clean,1,7087624,0.0,0.0,0.0,3.8502000097651035,53.157180000000004
SYNAPSE,100000,3,task_025::perturbed_0,perturbed_0,1,995,1.0,1.0,1.0,52.16019999352284,0.0074625
MCP,100000,3,task_025::perturbed_0,perturbed_0,1,7087624,0.0,0.0,0.0,3.0725999968126416,53.157180000000004
SYNAPSE,100000,3,task_025::perturbed_1,perturbed_1,1,995,1.0,1.0,1.0,74.13690000248607,0.0074625
MCP,100000,3,task_025::perturbed_1,perturbed_1,1,7087624,0.0,0.0,0.0,4.946900007780641,53.157180000000004
SYNAPSE,100000,3,task_026::clean,clean,1,1006,1.0,1.0,1.0,146.27870000549592,0.0075450000000000005
MCP,100000,3,task_026::clean,clean,1,7087624,0.0,0.0,0.0,3.367799989064224,53.157180000000004
SYNAPSE,100000,3,task_026::perturbed_0,perturbed_0,1,1008,1.0,1.0,1.0,108.85839999536984,0.007560000000000001
MCP,100000,3,task_026::perturbed_0,perturbed_0,1,7087624,0.0,0.0,0.0,3.3198000019183382,53.157180000000004
SYNAPSE,100000,3,task_026::perturbed_1,perturbed_1,0,1006,0.0,0.0,0.0,10.720400008722208,0.0075450000000000005
MCP,100000,3,task_026::perturbed_1,perturbed_1,0,7087624,0.0,0.0,0.0,4.492399995797314,53.157180000000004
SYNAPSE,100000,3,task_027::clean,clean,1,970,1.0,1.0,1.0,127.00199999380857,0.007275
MCP,100000,3,task_027::clean,clean,1,7087624,0.0,0.0,0.0,3.0467000033240765,53.157180000000004
SYNAPSE,100000,3,task_027::perturbed_0,perturbed_0,1,961,0.0,0.0,0.0,126.29569999990053,0.0072075
MCP,100000,3,task_027::perturbed_0,perturbed_0,1,7087624,0.0,0.0,0.0,3.747900002053939,53.157180000000004
SYNAPSE,100000,3,task_027::perturbed_1,perturbed_1,1,973,0.0,0.0,0.0,173.70430000300985,0.0072975
MCP,100000,3,task_027::perturbed_1,perturbed_1,1,7087624,0.0,0.0,0.0,4.399899989948608,53.157180000000004
SYNAPSE,100000,3,task_028::clean,clean,1,967,1.0,1.0,1.0,133.30439999117516,0.0072525
MCP,100000,3,task_028::clean,clean,1,7087624,0.0,0.0,0.0,3.124700000626035,53.157180000000004
SYNAPSE,100000,3,task_028::perturbed_0,perturbed_0,0,966,0.0,0.0,0.0,13.012700001127087,0.007245000000000001
MCP,100000,3,task_028::perturbed_0,perturbed_0,0,7087624,0.0,0.0,0.0,1.7565000016475096,53.157180000000004
SYNAPSE,100000,3,task_028::perturbed_1,perturbed_1,0,968,0.0,0.0,0.0,16.730099989217706,0.007260000000000001
MCP,100000,3,task_028::perturbed_1,perturbed_1,0,7087624,0.0,0.0,0.0,3.1239999952958897,53.157180000000004
SYNAPSE,100000,3,task_029::clean,clean,1,976,1.0,0.0,0.25,172.23989999911282,0.007320000000000001
MCP,100000,3,task_029::clean,clean,1,7087624,0.0,0.0,0.0,3.240699996240437,53.157180000000004
SYNAPSE,100000,3,task_029::perturbed_0,perturbed_0,1,975,0.0,0.0,0.0,152.6127999968594,0.0073125
MCP,100000,3,task_029::perturbed_0,perturbed_0,1,7087624,0.0,0.0,0.0,3.6124999896856025,53.157180000000004
SYNAPSE,100000,3,task_029::perturbed_1,perturbed_1,0,970,0.0,0.0,0.0,13.967399994726293,0.007275
MCP,100000,3,task_029::perturbed_1,perturbed_1,0,7087624,0.0,0.0,0.0,3.0141000024741516,53.157180000000004
SYNAPSE,100000,4,task_000::clean,clean,1,1012,1.0,1.0,1.0,56.618700007675216,0.00759
MCP,100000,4,task_000::clean,clean,1,7087765,0.0,0.0,0.0,3.1329000048572198,53.158237500000006
SYNAPSE,100000,4,task_000::perturbed_0,perturbed_0,0,993,0.0,0.0,0.0,14.768399996683002,0.007447500000000001
MCP,100000,4,task_000::perturbed_0,perturbed_0,0,7087765,0.0,0.0,0.0,3.6376000061864033,53.158237500000006
SYNAPSE,100000,4,task_000::perturbed_1,perturbed_1,1,1012,1.0,1.0,1.0,65.63879999157507,0.00759
MCP,100000,4,task_000::perturbed_1,perturbed_1,1,7087765,0.0,0.0,0.0,3.400000001420267,53.158237500000006
SYNAPSE,100000,4,task_001::clean,clean,1,995,1.0,1.0,1.0,106.2242000043625,0.0074625
MCP,100000,4,task_001::clean,clean,1,7087765,0.0,0.0,0.0,3.026500009582378,53.158237500000006
SYNAPSE,100000,4,task_001::perturbed_0,perturbed_0,1,1002,1.0,0.0,0.5,98.04120000626426,0.007515000000000001
MCP,100000,4,task_001::perturbed_0,perturbed_0,1,7087765,0.0,0.0,0.0,3.4842000022763386,53.158237500000006
SYNAPSE,100000,4,task_001::perturbed_1,perturbed_1,1,995,1.0,1.0,1.0,108.03890001261607,0.0074625
MCP,100000,4,task_001::perturbed_1,perturbed_1,1,7087765,0.0,0.0,0.0,3.267099993536249,53.158237500000006
SYNAPSE,100000,4,task_002::clean,clean,1,982,1.0,1.0,1.0,134.305100000347,0.007365000000000001
MCP,100000,4,task_002::clean,clean,1,7087765,0.0,0.0,0.0,3.6835999926552176,53.158237500000006
SYNAPSE,100000,4,task_002::perturbed_0,perturbed_0,0,977,0.0,0.0,0.0,16.101800007163547,0.007327500000000001
MCP,100000,4,task_002::perturbed_0,perturbed_0,0,7087765,0.0,0.0,0.0,3.3639000030234456,53.158237500000006
SYNAPSE,100000,4,task_002::perturbed_1,perturbed_1,0,971,0.0,0.0,0.0,13.915100003941916,0.007282500000000001
MCP,100000,4,task_002::perturbed_1,perturbed_1,0,7087765,0.0,0.0,0.0,3.343499993206933,53.158237500000006
SYNAPSE,100000,4,task_003::clean,clean,1,978,1.0,1.0,1.0,138.66979999875184,0.007335
MCP,100000,4,task_003::clean,clean,1,7087765,0.0,0.0,0.0,3.0875999946147203,53.158237500000006
SYNAPSE,100000,4,task_003::perturbed_0,perturbed_0,1,980,1.0,1.0,1.0,130.8800999977393,0.007350000000000001
MCP,100000,4,task_003::perturbed_0,perturbed_0,1,7087765,0.0,0.0,0.0,3.9911000058054924,53.158237500000006
SYNAPSE,100000,4,task_003::perturbed_1,perturbed_1,1,978,1.0,1.0,1.0,128.56519999331795,0.007335
MCP,100000,4,task_003::perturbed_1,perturbed_1,1,7087765,0.0,0.0,0.0,4.067399990162812,53.158237500000006
SYNAPSE,100000,4,task_004::clean,clean,1,973,1.0,1.0,1.0,143.08059999893885,0.0072975
MCP,100000,4,task_004::clean,clean,1,7087765,0.0,0.0,0.0,3.0513999954564497,53.158237500000006
SYNAPSE,100000,4,task_004::perturbed_0,perturbed_0,0,966,0.0,0.0,0.0,19.866700007696636,0.007245000000000001
MCP,100000,4,task_004::perturbed_0,perturbed_0,0,7087765,0.0,0.0,0.0,3.6223000060999766,53.158237500000006
SYNAPSE,100000,4,task_004::perturbed_1,perturbed_1,1,972,1.0,1.0,1.0,129.16289998975117,0.0072900000000000005
MCP,100000,4,task_004::perturbed_1,perturbed_1,1,7087765,0.0,0.0,0.0,3.0811000033281744,53.158237500000006
SYNAPSE,100000,4,task_005::clean,clean,1,1007,1.0,1.0,1.0,56.16169999120757,0.0075525
MCP,100000,4,task_005::clean,clean,1,7087765,0.0,0.0,0.0,2.918300000601448,53.158237500000006
SYNAPSE,100000,4,task_005::perturbed_0,perturbed_0,0,996,0.0,0.0,0.0,10.831199993845075,0.007470000000000001
MCP,100000,4,task_005::perturbed_0,perturbed_0,0,7087765,0.0,0.0,0.0,3.2089000014821067,53.158237500000006
SYNAPSE,100000,4,task_005::perturbed_1,perturbed_1,0,1003,0.0,0.0,0.0,13.287399997352622,0.0075225000000000005
MCP,100000,4,task_005::perturbed_1,perturbed_1,0,7087765,0.0,0.0,0.0,2.970200002891943,53.158237500000006
SYNAPSE,100000,4,task_006::clean,clean,1,995,1.0,1.0,1.0,114.2554999969434,0.0074625
MCP,100000,4,task_006::clean,clean,1,7087765,0.0,0.0,0.0,3.1703999993624166,53.158237500000006
SYNAPSE,100000,4,task_006::perturbed_0,perturbed_0,1,994,1.0,1.0,1.0,114.20619999989867,0.007455000000000001
MCP,100000,4,task_006::perturbed_0,perturbed_0,1,7087765,0.0,0.0,0.0,3.41360000311397,53.158237500000006
SYNAPSE,100000,4,task_006::perturbed_1,perturbed_1,1,991,1.0,0.0,0.25,117.3852999927476,0.007432500000000001
MCP,100000,4,task_006::perturbed_1,perturbed_1,1,7087765,0.0,0.0,0.0,4.170899992459454,53.158237500000006
SYNAPSE,100000,4,task_007::clean,clean,1,963,1.0,1.0,1.0,135.11909999942873,0.007222500000000001
MCP,100000,4,task_007::clean,clean,1,7087765,0.0,0.0,0.0,2.930500006186776,53.158237500000006
SYNAPSE,100000,4,task_007::perturbed_0,perturbed_0,0,967,0.0,0.0,0.0,19.666599997435696,0.0072525
MCP,100000,4,task_007::perturbed_0,perturbed_0,0,7087765,0.0,0.0,0.0,4.508700003498234,53.158237500000006
SYNAPSE,100000,4,task_007::perturbed_1,perturbed_1,1,964,1.0,1.0,1.0,130.7490999897709,0.00723
MCP,100000,4,task_007::perturbed_1,perturbed_1,1,7087765,0.0,0.0,0.0,3.102599992416799,53.158237500000006
SYNAPSE,100000,4,task_008::clean,clean,1,979,1.0,1.0,1.0,128.05780000053346,0.007342500000000001
MCP,100000,4,task_008::clean,clean,1,7087765,0.0,0.0,0.0,3.6514000094030052,53.158237500000006
SYNAPSE,100000,4,task_008::perturbed_0,perturbed_0,0,983,0.0,0.0,0.0,19.1470000136178,0.007372500000000001
MCP,100000,4,task_008::perturbed_0,perturbed_0,0,7087765,0.0,0.0,0.0,3.299799995147623,53.158237500000006
SYNAPSE,100000,4,task_008::perturbed_1,perturbed_1,1,973,1.0,0.0,0.25,147.4063999921782,0.0072975
MCP,100000,4,task_008::perturbed_1,perturbed_1,1,7087765,0.0,0.0,0.0,3.568399988580495,53.158237500000006
SYNAPSE,100000,4,task_009::clean,clean,1,991,1.0,1.0,1.0,131.95870000345167,0.007432500000000001
MCP,100000,4,task_009::clean,clean,1,7087765,0.0,0.0,0.0,3.581899989512749,53.158237500000006
SYNAPSE,100000,4,task_009::perturbed_0,perturbed_0,0,985,0.0,0.0,0.0,18.275800000992604,0.007387500000000001
MCP,100000,4,task_009::perturbed_0,perturbed_0,0,7087765,0.0,0.0,0.0,3.312300003017299,53.158237500000006
SYNAPSE,100000,4,task_009::perturbed_1,perturbed_1,1,679,0.0,0.0,0.0,141.156099998625,0.005092500000000001
MCP,100000,4,task_009::perturbed_1,perturbed_1,1,7087765,0.0,0.0,0.0,3.1085000082384795,53.158237500000006
SYNAPSE,100000,4,task_010::clean,clean,1,998,1.0,1.0,1.0,57.20080000173766,0.007485
MCP,100000,4,task_010::clean,clean,1,7087765,0.0,0.0,0.0,4.356100005679764,53.158237500000006
SYNAPSE,100000,4,task_010::perturbed_0,perturbed_0,0,996,0.0,0.0,0.0,15.026399996713735,0.007470000000000001
MCP,100000,4,task_010::perturbed_0,perturbed_0,0,7087765,0.0,0.0,0.0,3.6422999983187765,53.158237500000006
SYNAPSE,100000,4,task_010::perturbed_1,perturbed_1,1,987,1.0,0.0,0.5,47.24879999412224,0.0074025
MCP,100000,4,task_010::perturbed_1,perturbed_1,1,7087765,0.0,0.0,0.0,2.885599998990074,53.158237500000006
SYNAPSE,100000,4,task_011::clean,clean,1,986,1.0,1.0,1.0,113.79859999578912,0.0073950000000000005
MCP,100000,4,task_011::clean,clean,1,7087765,0.0,0.0,0.0,3.3210999972652644,53.158237500000006
SYNAPSE,100000,4,task_011::perturbed_0,perturbed_0,0,995,0.0,0.0,0.0,15.359900004114024,0.0074625
MCP,100000,4,task_011::perturbed_0,perturbed_0,0,7087765,0.0,0.0,0.0,3.4546999959275126,53.158237500000006
SYNAPSE,100000,4,task_011::perturbed_1,perturbed_1,1,985,1.0,0.0,0.5,95.41040001204237,0.007387500000000001
MCP,100000,4,task_011::perturbed_1,perturbed_1,1,7087765,0.0,0.0,0.0,2.826999989338219,53.158237500000006
SYNAPSE,100000,4,task_012::clean,clean,1,987,1.0,1.0,1.0,137.25960000010673,0.0074025
MCP,100000,4,task_012::clean,clean,1,7087765,0.0,0.0,0.0,3.0015000083949417,53.158237500000006
SYNAPSE,100000,4,task_012::perturbed_0,perturbed_0,0,987,0.0,0.0,0.0,17.237100008060224,0.0074025
MCP,100000,4,task_012::perturbed_0,perturbed_0,0,7087765,0.0,0.0,0.0,3.067400000873022,53.158237500000006
SYNAPSE,100000,4,task_012::perturbed_1,perturbed_1,1,987,1.0,1.0,1.0,116.32960000133608,0.0074025
MCP,100000,4,task_012::perturbed_1,perturbed_1,1,7087765,0.0,0.0,0.0,1.4078999956836924,53.158237500000006
SYNAPSE,100000,4,task_013::clean,clean,1,999,1.0,1.0,1.0,134.4192000105977,0.007492500000000001
MCP,100000,4,task_013::clean,clean,1,7087765,0.0,0.0,0.0,7.305799997993745,53.158237500000006
SYNAPSE,100000,4,task_013::perturbed_0,perturbed_0,0,979,0.0,0.0,0.0,11.546499998075888,0.007342500000000001
MCP,100000,4,task_013::perturbed_0,perturbed_0,0,7087765,0.0,0.0,0.0,2.951799993752502,53.158237500000006
SYNAPSE,100000,4,task_013::perturbed_1,perturbed_1,1,977,0.0,0.0,0.0,115.41840000427328,0.007327500000000001
MCP,100000,4,task_013::perturbed_1,perturbed_1,1,7087765,0.0,0.0,0.0,3.0332000023918226,53.158237500000006
SYNAPSE,100000,4,task_014::clean,clean,1,1003,1.0,0.0,0.3333333333333333,133.40530000277795,0.0075225000000000005
MCP,100000,4,task_014::clean,clean,1,7087765,0.0,0.0,0.0,3.2290999952238053,53.158237500000006
SYNAPSE,100000,4,task_014::perturbed_0,perturbed_0,1,1002,0.0,0.0,0.0,118.64169999898877,0.007515000000000001
MCP,100000,4,task_014::perturbed_0,perturbed_0,1,7087765,0.0,0.0,0.0,2.877399994758889,53.158237500000006
SYNAPSE,100000,4,task_014::perturbed_1,perturbed_1,1,1001,0.0,0.0,0.0,129.60390000080224,0.0075075
MCP,100000,4,task_014::perturbed_1,perturbed_1,1,7087765,0.0,0.0,0.0,3.0086000042501837,53.158237500000006
SYNAPSE,100000,4,task_015::clean,clean,1,1003,1.0,1.0,1.0,47.76940000010654,0.0075225000000000005
MCP,100000,4,task_015::clean,clean,1,7087765,0.0,0.0,0.0,2.9350999975576997,53.158237500000006
SYNAPSE,100000,4,task_015::perturbed_0,perturbed_0,1,1003,1.0,1.0,1.0,54.401399989728816,0.0075225000000000005
MCP,100000,4,task_015::perturbed_0,perturbed_0,1,7087765,0.0,0.0,0.0,2.906599998823367,53.158237500000006
SYNAPSE,100000,4,task_015::perturbed_1,perturbed_1,1,1003,1.0,1.0,1.0,50.687099996139295,0.0075225000000000005
MCP,100000,4,task_015::perturbed_1,perturbed_1,1,7087765,0.0,0.0,0.0,2.997899995534681,53.158237500000006
SYNAPSE,100000,4,task_016::clean,clean,1,988,1.0,1.0,1.0,93.55569999024738,0.007410000000000001
MCP,100000,4,task_016::clean,clean,1,7087765,0.0,0.0,0.0,3.4034999989671633,53.158237500000006
SYNAPSE,100000,4,task_016::perturbed_0,perturbed_0,0,1011,0.0,0.0,0.0,14.204300008714199,0.007582500000000001
MCP,100000,4,task_016::perturbed_0,perturbed_0,0,7087765,0.0,0.0,0.0,3.584399993997067,53.158237500000006
SYNAPSE,100000,4,task_016::perturbed_1,perturbed_1,1,988,1.0,1.0,1.0,92.77419999125414,0.007410000000000001
MCP,100000,4,task_016::perturbed_1,perturbed_1,1,7087765,0.0,0.0,0.0,3.6718000046676025,53.158237500000006
SYNAPSE,100000,4,task_017::clean,clean,1,1002,1.0,1.0,1.0,120.69710000650957,0.007515000000000001
MCP,100000,4,task_017::clean,clean,1,7087765,0.0,0.0,0.0,3.5831999994115904,53.158237500000006
SYNAPSE,100000,4,task_017::perturbed_0,perturbed_0,0,992,0.0,0.0,0.0,17.57799999904819,0.00744
MCP,100000,4,task_017::perturbed_0,perturbed_0,0,7087765,0.0,0.0,0.0,3.071200000704266,53.158237500000006
SYNAPSE,100000,4,task_017::perturbed_1,perturbed_1,1,992,0.0,0.0,0.0,116.75729999842588,0.00744
MCP,100000,4,task_017::perturbed_1,perturbed_1,1,7087765,0.0,0.0,0.0,2.7626999944914132,53.158237500000006
SYNAPSE,100000,4,task_018::clean,clean,1,958,1.0,1.0,1.0,119.4584000040777,0.007185
MCP,100000,4,task_018::clean,clean,1,7087765,0.0,0.0,0.0,4.662099992856383,53.158237500000006
SYNAPSE,100000,4,task_018::perturbed_0,perturbed_0,1,679,0.0,0.0,0.0,134.66399999742862,0.005092500000000001
MCP,100000,4,task_018::perturbed_0,perturbed_0,1,7087765,0.0,0.0,0.0,2.964100000099279,53.158237500000006
SYNAPSE,100000,4,task_018::perturbed_1,perturbed_1,1,958,1.0,1.0,1.0,130.42470000800677,0.007185
MCP,100000,4,task_018::perturbed_1,perturbed_1,1,7087765,0.0,0.0,0.0,4.513399995630607,53.158237500000006
SYNAPSE,100000,4,task_019::clean,clean,1,974,1.0,1.0,1.0,129.56829999166075,0.007305000000000001
MCP,100000,4,task_019::clean,clean,1,7087765,0.0,0.0,0.0,2.8357999981381,53.158237500000006
SYNAPSE,100000,4,task_019::perturbed_0,perturbed_0,1,969,1.0,1.0,1.0,111.347800004296,0.0072675000000000005
MCP,100000,4,task_019::perturbed_0,perturbed_0,1,7087765,0.0,0.0,0.0,3.0777000065427274,53.158237500000006
SYNAPSE,100000,4,task_019::perturbed_1,perturbed_1,1,974,1.0,1.0,1.0,119.02959999861196,0.007305000000000001
MCP,100000,4,task_019::perturbed_1,perturbed_1,1,7087765,0.0,0.0,0.0,2.7449000044725835,53.158237500000006
SYNAPSE,100000,4,task_020::clean,clean,1,1010,1.0,1.0,1.0,44.58649999287445,0.007575000000000001
MCP,100000,4,task_020::clean,clean,1,7087765,0.0,0.0,0.0,2.826299998559989,53.158237500000006
SYNAPSE,100000,4,task_020::perturbed_0,perturbed_0,0,1000,0.0,0.0,0.0,11.432200000854209,0.007500000000000001
MCP,100000,4,task_020::perturbed_0,perturbed_0,0,7087765,0.0,0.0,0.0,2.5421000027563423,53.158237500000006
SYNAPSE,100000,4,task_020::perturbed_1,perturbed_1,0,998,0.0,0.0,0.0,11.759200002416037,0.007485
MCP,100000,4,task_020::perturbed_1,perturbed_1,0,7087765,0.0,0.0,0.0,2.1204999939072877,53.158237500000006
SYNAPSE,100000,4,task_021::clean,clean,1,997,1.0,1.0,1.0,79.20930000545923,0.007477500000000001
MCP,100000,4,task_021::clean,clean,1,7087765,0.0,0.0,0.0,2.7128999936394393,53.158237500000006
SYNAPSE,100000,4,task_021::perturbed_0,perturbed_0,1,997,1.0,1.0,1.0,77.3442000063369,0.007477500000000001
MCP,100000,4,task_021::perturbed_0,perturbed_0,1,7087765,0.0,0.0,0.0,2.3455000045942143,53.158237500000006
SYNAPSE,100000,4,task_021::perturbed_1,perturbed_1,1,997,1.0,1.0,1.0,79.17640000232495,0.007477500000000001
MCP,100000,4,task_021::perturbed_1,perturbed_1,1,7087765,0.0,0.0,0.0,2.954899988253601,53.158237500000006
SYNAPSE,100000,4,task_022::clean,clean,1,966,1.0,1.0,1.0,118.23229999572504,0.007245000000000001
MCP,100000,4,task_022::clean,clean,1,7087765,0.0,0.0,0.0,2.8670000028796494,53.158237500000006
SYNAPSE,100000,4,task_022::perturbed_0,perturbed_0,0,966,0.0,0.0,0.0,17.07600000372622,0.007245000000000001
MCP,100000,4,task_022::perturbed_0,perturbed_0,0,7087765,0.0,0.0,0.0,3.18100000731647,53.158237500000006
SYNAPSE,100000,4,task_022::perturbed_1,perturbed_1,1,969,1.0,1.0,1.0,124.70299999404233,0.0072675000000000005
MCP,100000,4,task_022::perturbed_1,perturbed_1,1,7087765,0.0,0.0,0.0,2.9781000048387796,53.158237500000006
SYNAPSE,100000,4,task_023::clean,clean,1,961,1.0,1.0,1.0,121.49410000711214,0.0072075
MCP,100000,4,task_023::clean,clean,1,7087765,0.0,0.0,0.0,3.315399997518398,53.158237500000006
SYNAPSE,100000,4,task_023::perturbed_0,perturbed_0,0,956,0.0,0.0,0.0,12.592700004461221,0.00717
MCP,100000,4,task_023::perturbed_0,perturbed_0,0,7087765,0.0,0.0,0.0,1.981800000066869,53.158237500000006
SYNAPSE,100000,4,task_023::perturbed_1,perturbed_1,1,958,0.0,0.0,0.0,121.86509999446571,0.007185
MCP,100000,4,task_023::perturbed_1,perturbed_1,1,7087765,0.0,0.0,0.0,3.2118999952217564,53.158237500000006
SYNAPSE,100000,4,task_024::clean,clean,1,970,1.0,1.0,1.0,120.02029998984654,0.007275
MCP,100000,4,task_024::clean,clean,1,7087765,0.0,0.0,0.0,2.955100004328415,53.158237500000006
SYNAPSE,100000,4,task_024::perturbed_0,perturbed_0,0,962,0.0,0.0,0.0,15.820100001292303,0.007215000000000001
MCP,100000,4,task_024::perturbed_0,perturbed_0,0,7087765,0.0,0.0,0.0,3.135199993266724,53.158237500000006
SYNAPSE,100000,4,task_024::perturbed_1,perturbed_1,1,960,1.0,1.0,1.0,117.53820000740234,0.007200000000000001
MCP,100000,4,task_024::perturbed_1,perturbed_1,1,7087765,0.0,0.0,0.0,1.0420000035082921,53.158237500000006
SYNAPSE,100000,4,task_025::clean,clean,1,1002,1.0,1.0,1.0,63.36320000991691,0.007515000000000001
MCP,100000,4,task_025::clean,clean,1,7087765,0.0,0.0,0.0,3.0261000065365806,53.158237500000006
SYNAPSE,100000,4,task_025::perturbed_0,perturbed_0,0,995,0.0,0.0,0.0,14.356100000441074,0.0074625
MCP,100000,4,task_025::perturbed_0,perturbed_0,0,7087765,0.0,0.0,0.0,3.13579999783542,53.158237500000006
SYNAPSE,100000,4,task_025::perturbed_1,perturbed_1,1,1003,1.0,1.0,1.0,49.22749999968801,0.0075225000000000005
MCP,100000,4,task_025::perturbed_1,perturbed_1,1,7087765,0.0,0.0,0.0,5.184699999517761,53.158237500000006
SYNAPSE,100000,4,task_026::clean,clean,1,1008,1.0,1.0,1.0,93.17910000390839,0.007560000000000001
MCP,100000,4,task_026::clean,clean,1,7087765,0.0,0.0,0.0,2.3788000107742846,53.158237500000006
SYNAPSE,100000,4,task_026::perturbed_0,perturbed_0,1,1008,1.0,1.0,1.0,100.85329999856185,0.007560000000000001
MCP,100000,4,task_026::perturbed_0,perturbed_0,1,7087765,0.0,0.0,0.0,2.8904999926453456,53.158237500000006
SYNAPSE,100000,4,task_026::perturbed_1,perturbed_1,1,1008,1.0,1.0,1.0,93.46229999209754,0.007560000000000001
MCP,100000,4,task_026::perturbed_1,perturbed_1,1,7087765,0.0,0.0,0.0,3.310200001578778,53.158237500000006
SYNAPSE,100000,4,task_027::clean,clean,1,969,1.0,1.0,1.0,122.71049999981187,0.0072675000000000005
MCP,100000,4,task_027::clean,clean,1,7087765,0.0,0.0,0.0,3.0076999973971397,53.158237500000006
SYNAPSE,100000,4,task_027::perturbed_0,perturbed_0,0,679,0.0,0.0,0.0,18.4066000074381,0.005092500000000001
MCP,100000,4,task_027::perturbed_0,perturbed_0,0,7087765,0.0,0.0,0.0,3.24469999759458,53.158237500000006
SYNAPSE,100000,4,task_027::perturbed_1,perturbed_1,1,679,0.0,0.0,0.0,119.09940000623465,0.005092500000000001
MCP,100000,4,task_027::perturbed_1,perturbed_1,1,7087765,0.0,0.0,0.0,3.6093000089749694,53.158237500000006
SYNAPSE,100000,4,task_028::clean,clean,1,968,1.0,1.0,1.0,133.5798999934923,0.007260000000000001
MCP,100000,4,task_028::clean,clean,1,7087765,0.0,0.0,0.0,3.073900006711483,53.158237500000006
SYNAPSE,100000,4,task_028::perturbed_0,perturbed_0,1,679,0.0,0.0,0.0,117.1246999874711,0.005092500000000001
MCP,100000,4,task_028::perturbed_0,perturbed_0,1,7087765,0.0,0.0,0.0,3.979699991759844,53.158237500000006
SYNAPSE,100000,4,task_028::perturbed_1,perturbed_1,0,962,0.0,0.0,0.0,12.251199994352646,0.007215000000000001
MCP,100000,4,task_028::perturbed_1,perturbed_1,0,7087765,0.0,0.0,0.0,3.352300002006814,53.158237500000006
SYNAPSE,100000,4,task_029::clean,clean,1,964,1.0,1.0,1.0,121.90650000411551,0.00723
MCP,100000,4,task_029::clean,clean,1,7087765,0.0,0.0,0.0,3.349200007505715,53.158237500000006
SYNAPSE,100000,4,task_029::perturbed_0,perturbed_0,1,964,1.0,1.0,1.0,127.573100005975,0.00723
MCP,100000,4,task_029::perturbed_0,perturbed_0,1,7087765,0.0,0.0,0.0,2.9820999916410074,53.158237500000006
SYNAPSE,100000,4,task_029::perturbed_1,perturbed_1,1,966,1.0,0.0,0.16666666666666666,121.63130000408273,0.007245000000000001
MCP,100000,4,task_029::perturbed_1,perturbed_1,1,7087765,0.0,0.0,0.0,3.0597000004490837,53.158237500000006
SYNAPSE,100000,5,task_000::clean,clean,1,1013,1.0,1.0,1.0,75.13529999414459,0.007597500000000001
MCP,100000,5,task_000::clean,clean,1,7089051,0.0,0.0,0.0,3.642499999841675,53.167882500000005
SYNAPSE,100000,5,task_000::perturbed_0,perturbed_0,1,1002,1.0,1.0,1.0,53.703700003097765,0.007515000000000001
MCP,100000,5,task_000::perturbed_0,perturbed_0,1,7089051,0.0,0.0,0.0,3.065699987928383,53.167882500000005
SYNAPSE,100000,5,task_000::perturbed_1,perturbed_1,1,995,0.0,0.0,0.0,57.19680000038352,0.0074625
MCP,100000,5,task_000::perturbed_1,perturbed_1,1,7089051,0.0,0.0,0.0,4.12769999820739,53.167882500000005
SYNAPSE,100000,5,task_001::clean,clean,1,995,1.0,1.0,1.0,98.14439999172464,0.0074625
MCP,100000,5,task_001::clean,clean,1,7089051,0.0,0.0,0.0,3.2304000051226467,53.167882500000005
SYNAPSE,100000,5,task_001::perturbed_0,perturbed_0,1,993,1.0,0.0,0.5,89.75519999512471,0.007447500000000001
MCP,100000,5,task_001::perturbed_0,perturbed_0,1,7089051,0.0,0.0,0.0,3.2817000028444454,53.167882500000005
SYNAPSE,100000,5,task_001::perturbed_1,perturbed_1,1,995,1.0,1.0,1.0,96.8464000034146,0.0074625
MCP,100000,5,task_001::perturbed_1,perturbed_1,1,7089051,0.0,0.0,0.0,2.6599000120768324,53.167882500000005
SYNAPSE,100000,5,task_002::clean,clean,1,983,1.0,1.0,1.0,132.18470000720117,0.007372500000000001
MCP,100000,5,task_002::clean,clean,1,7089051,0.0,0.0,0.0,3.5213000082876533,53.167882500000005
SYNAPSE,100000,5,task_002::perturbed_0,perturbed_0,0,971,0.0,0.0,0.0,13.502200003131293,0.007282500000000001
MCP,100000,5,task_002::perturbed_0,perturbed_0,0,7089051,0.0,0.0,0.0,4.681999998865649,53.167882500000005
SYNAPSE,100000,5,task_002::perturbed_1,perturbed_1,0,980,0.0,0.0,0.0,19.826999996439554,0.007350000000000001
MCP,100000,5,task_002::perturbed_1,perturbed_1,0,7089051,0.0,0.0,0.0,4.918300008284859,53.167882500000005
SYNAPSE,100000,5,task_003::clean,clean,1,961,1.0,1.0,1.0,137.66029999533202,0.0072075
MCP,100000,5,task_003::clean,clean,1,7089051,0.0,0.0,0.0,3.360699993208982,53.167882500000005
SYNAPSE,100000,5,task_003::perturbed_0,perturbed_0,1,961,1.0,1.0,1.0,122.8938999993261,0.0072075
MCP,100000,5,task_003::perturbed_0,perturbed_0,1,7089051,0.0,0.0,0.0,2.779599992209114,53.167882500000005
SYNAPSE,100000,5,task_003::perturbed_1,perturbed_1,1,963,1.0,0.0,0.16666666666666666,123.03270000847988,0.007222500000000001
MCP,100000,5,task_003::perturbed_1,perturbed_1,1,7089051,0.0,0.0,0.0,3.2826999959070235,53.167882500000005
SYNAPSE,100000,5,task_004::clean,clean,1,987,1.0,1.0,1.0,121.08169999555685,0.0074025
MCP,100000,5,task_004::clean,clean,1,7089051,0.0,0.0,0.0,2.7677000034600496,53.167882500000005
SYNAPSE,100000,5,task_004::perturbed_0,perturbed_0,0,965,0.0,0.0,0.0,15.48049999109935,0.007237500000000001
MCP,100000,5,task_004::perturbed_0,perturbed_0,0,7089051,0.0,0.0,0.0,3.2913000031840056,53.167882500000005
SYNAPSE,100000,5,task_004::perturbed_1,perturbed_1,1,987,1.0,1.0,1.0,127.63469999481458,0.0074025
MCP,100000,5,task_004::perturbed_1,perturbed_1,1,7089051,0.0,0.0,0.0,3.1109000119613484,53.167882500000005
SYNAPSE,100000,5,task_005::clean,clean,1,998,1.0,1.0,1.0,54.17110001144465,0.007485
MCP,100000,5,task_005::clean,clean,1,7089051,0.0,0.0,0.0,2.9747999942628667,53.167882500000005
SYNAPSE,100000,5,task_005::perturbed_0,perturbed_0,1,991,1.0,1.0,1.0,56.15480001142714,0.007432500000000001
MCP,100000,5,task_005::perturbed_0,perturbed_0,1,7089051,0.0,0.0,0.0,3.302200013422407,53.167882500000005
SYNAPSE,100000,5,task_005::perturbed_1,perturbed_1,1,996,1.0,1.0,1.0,51.741999996011145,0.007470000000000001
MCP,100000,5,task_005::perturbed_1,perturbed_1,1,7089051,0.0,0.0,0.0,3.591400003642775,53.167882500000005
SYNAPSE,100000,5,task_006::clean,clean,1,987,1.0,1.0,1.0,89.0604999876814,0.0074025
MCP,100000,5,task_006::clean,clean,1,7089051,0.0,0.0,0.0,3.2207999902311713,53.167882500000005
SYNAPSE,100000,5,task_006::perturbed_0,perturbed_0,1,997,1.0,1.0,1.0,96.51769998890813,0.007477500000000001
MCP,100000,5,task_006::perturbed_0,perturbed_0,1,7089051,0.0,0.0,0.0,3.1453999981749803,53.167882500000005
SYNAPSE,100000,5,task_006::perturbed_1,perturbed_1,1,992,0.0,0.0,0.0,98.25260000070557,0.00744
MCP,100000,5,task_006::perturbed_1,perturbed_1,1,7089051,0.0,0.0,0.0,3.0279000056907535,53.167882500000005
SYNAPSE,100000,5,task_007::clean,clean,1,963,1.0,1.0,1.0,76.68279999052174,0.007222500000000001
MCP,100000,5,task_007::clean,clean,1,7089051,0.0,0.0,0.0,1.3398000010056421,53.167882500000005
SYNAPSE,100000,5,task_007::perturbed_0,perturbed_0,0,961,0.0,0.0,0.0,17.335099997580983,0.0072075
MCP,100000,5,task_007::perturbed_0,perturbed_0,0,7089051,0.0,0.0,0.0,3.5014000022783875,53.167882500000005
SYNAPSE,100000,5,task_007::perturbed_1,perturbed_1,1,965,0.0,0.0,0.0,119.03770000208169,0.007237500000000001
MCP,100000,5,task_007::perturbed_1,perturbed_1,1,7089051,0.0,0.0,0.0,2.5686000008136034,53.167882500000005
SYNAPSE,100000,5,task_008::clean,clean,1,977,1.0,1.0,1.0,149.70259999972768,0.007327500000000001
MCP,100000,5,task_008::clean,clean,1,7089051,0.0,0.0,0.0,3.088700002990663,53.167882500000005
SYNAPSE,100000,5,task_008::perturbed_0,perturbed_0,0,995,0.0,0.0,0.0,24.619600008009,0.0074625
MCP,100000,5,task_008::perturbed_0,perturbed_0,0,7089051,0.0,0.0,0.0,3.9127999916672707,53.167882500000005
SYNAPSE,100000,5,task_008::perturbed_1,perturbed_1,1,975,1.0,1.0,1.0,153.50210000178777,0.0073125
MCP,100000,5,task_008::perturbed_1,perturbed_1,1,7089051,0.0,0.0,0.0,3.0035999952815473,53.167882500000005
SYNAPSE,100000,5,task_009::clean,clean,1,986,1.0,1.0,1.0,145.76800000213552,0.0073950000000000005
MCP,100000,5,task_009::clean,clean,1,7089051,0.0,0.0,0.0,3.42839999939315,53.167882500000005
SYNAPSE,100000,5,task_009::perturbed_0,perturbed_0,1,997,1.0,1.0,1.0,154.56330000597518,0.007477500000000001
MCP,100000,5,task_009::perturbed_0,perturbed_0,1,7089051,0.0,0.0,0.0,2.9513000044971704,53.167882500000005
SYNAPSE,100000,5,task_009::perturbed_1,perturbed_1,0,990,0.0,0.0,0.0,21.49340001051314,0.007425
MCP,100000,5,task_009::perturbed_1,perturbed_1,0,7089051,0.0,0.0,0.0,3.1854000117164105,53.167882500000005
SYNAPSE,100000,5,task_010::clean,clean,1,990,1.0,1.0,1.0,51.5231000026688,0.007425
MCP,100000,5,task_010::clean,clean,1,7089051,0.0,0.0,0.0,3.049000006285496,53.167882500000005
SYNAPSE,100000,5,task_010::perturbed_0,perturbed_0,1,995,1.0,1.0,1.0,47.5356999959331,0.0074625
MCP,100000,5,task_010::perturbed_0,perturbed_0,1,7089051,0.0,0.0,0.0,3.2161999988602474,53.167882500000005
SYNAPSE,100000,5,task_010::perturbed_1,perturbed_1,1,990,1.0,1.0,1.0,50.858899994636886,0.007425
MCP,100000,5,task_010::perturbed_1,perturbed_1,1,7089051,0.0,0.0,0.0,3.104999996139668,53.167882500000005
SYNAPSE,100000,5,task_011::clean,clean,1,990,1.0,1.0,1.0,78.15429999027401,0.007425
MCP,100000,5,task_011::clean,clean,1,7089051,0.0,0.0,0.0,2.4191999982576817,53.167882500000005
SYNAPSE,100000,5,task_011::perturbed_0,perturbed_0,0,1000,0.0,0.0,0.0,21.22330000565853,0.007500000000000001
MCP,100000,5,task_011::perturbed_0,perturbed_0,0,7089051,0.0,0.0,0.0,4.155499991611578,53.167882500000005
SYNAPSE,100000,5,task_011::perturbed_1,perturbed_1,0,989,0.0,0.0,0.0,20.066299999598414,0.0074175000000000005
MCP,100000,5,task_011::perturbed_1,perturbed_1,0,7089051,0.0,0.0,0.0,3.3950000070035458,53.167882500000005
SYNAPSE,100000,5,task_012::clean,clean,1,988,1.0,1.0,1.0,126.05430000985507,0.007410000000000001
MCP,100000,5,task_012::clean,clean,1,7089051,0.0,0.0,0.0,3.494100004900247,53.167882500000005
SYNAPSE,100000,5,task_012::perturbed_0,perturbed_0,1,988,1.0,1.0,1.0,155.54259999771602,0.007410000000000001
MCP,100000,5,task_012::perturbed_0,perturbed_0,1,7089051,0.0,0.0,0.0,3.354500004206784,53.167882500000005
SYNAPSE,100000,5,task_012::perturbed_1,perturbed_1,0,984,0.0,0.0,0.0,19.95549999992363,0.00738
MCP,100000,5,task_012::perturbed_1,perturbed_1,0,7089051,0.0,0.0,0.0,19.462800002656877,53.167882500000005
SYNAPSE,100000,5,task_013::clean,clean,1,988,1.0,1.0,1.0,161.44250000070315,0.007410000000000001
MCP,100000,5,task_013::clean,clean,1,7089051,0.0,0.0,0.0,3.648900004918687,53.167882500000005
SYNAPSE,100000,5,task_013::perturbed_0,perturbed_0,1,988,1.0,1.0,1.0,150.78219999850262,0.007410000000000001
MCP,100000,5,task_013::perturbed_0,perturbed_0,1,7089051,0.0,0.0,0.0,3.2220000139204785,53.167882500000005
SYNAPSE,100000,5,task_013::perturbed_1,perturbed_1,1,981,1.0,1.0,1.0,129.57570000435226,0.0073575
MCP,100000,5,task_013::perturbed_1,perturbed_1,1,7089051,0.0,0.0,0.0,2.6890000008279458,53.167882500000005
SYNAPSE,100000,5,task_014::clean,clean,1,1008,1.0,1.0,1.0,132.8116999939084,0.007560000000000001
MCP,100000,5,task_014::clean,clean,1,7089051,0.0,0.0,0.0,2.5987999979406595,53.167882500000005
SYNAPSE,100000,5,task_014::perturbed_0,perturbed_0,0,1005,0.0,0.0,0.0,26.42789999663364,0.007537500000000001
MCP,100000,5,task_014::perturbed_0,perturbed_0,0,7089051,0.0,0.0,0.0,3.7644999974872917,53.167882500000005
SYNAPSE,100000,5,task_014::perturbed_1,perturbed_1,1,1008,1.0,1.0,1.0,154.97450000839308,0.007560000000000001
MCP,100000,5,task_014::perturbed_1,perturbed_1,1,7089051,0.0,0.0,0.0,3.9895000081742182,53.167882500000005
SYNAPSE,100000,5,task_015::clean,clean,1,991,1.0,1.0,1.0,51.507299998775125,0.007432500000000001
MCP,100000,5,task_015::clean,clean,1,7089051,0.0,0.0,0.0,2.8628000000026077,53.167882500000005
SYNAPSE,100000,5,task_015::perturbed_0,perturbed_0,0,992,0.0,0.0,0.0,14.296599998488091,0.00744
MCP,100000,5,task_015::perturbed_0,perturbed_0,0,7089051,0.0,0.0,0.0,3.23729999945499,53.167882500000005
SYNAPSE,100000,5,task_015::perturbed_1,perturbed_1,1,999,1.0,1.0,1.0,51.2109999981476,0.007492500000000001
MCP,100000,5,task_015::perturbed_1,perturbed_1,1,7089051,0.0,0.0,0.0,1.4705999928992242,53.167882500000005
SYNAPSE,100000,5,task_016::clean,clean,1,992,1.0,1.0,1.0,100.2291999902809,0.00744
MCP,100000,5,task_016::clean,clean,1,7089051,0.0,0.0,0.0,3.0603000050177798,53.167882500000005
SYNAPSE,100000,5,task_016::perturbed_0,perturbed_0,1,1015,1.0,0.0,0.3333333333333333,110.65699999744538,0.0076125
MCP,100000,5,task_016::perturbed_0,perturbed_0,1,7089051,0.0,0.0,0.0,2.5679999962449074,53.167882500000005
SYNAPSE,100000,5,task_016::perturbed_1,perturbed_1,0,984,0.0,0.0,0.0,13.977800001157448,0.00738
MCP,100000,5,task_016::perturbed_1,perturbed_1,0,7089051,0.0,0.0,0.0,3.9278000040212646,53.167882500000005
SYNAPSE,100000,5,task_017::clean,clean,1,1005,1.0,1.0,1.0,135.45139999769162,0.007537500000000001
MCP,100000,5,task_017::clean,clean,1,7089051,0.0,0.0,0.0,3.1978000042727217,53.167882500000005
SYNAPSE,100000,5,task_017::perturbed_0,perturbed_0,1,1005,1.0,1.0,1.0,120.07010000525042,0.007537500000000001
MCP,100000,5,task_017::perturbed_0,perturbed_0,1,7089051,0.0,0.0,0.0,2.8217999933985993,53.167882500000005
SYNAPSE,100000,5,task_017::perturbed_1,perturbed_1,0,990,0.0,0.0,0.0,18.100700006471016,0.007425
MCP,100000,5,task_017::perturbed_1,perturbed_1,0,7089051,0.0,0.0,0.0,3.414100006921217,53.167882500000005
SYNAPSE,100000,5,task_018::clean,clean,1,960,1.0,1.0,1.0,126.26269999600481,0.007200000000000001
MCP,100000,5,task_018::clean,clean,1,7089051,0.0,0.0,0.0,3.0343999969772995,53.167882500000005
SYNAPSE,100000,5,task_018::perturbed_0,perturbed_0,0,961,0.0,0.0,0.0,23.528200006694533,0.0072075
MCP,100000,5,task_018::perturbed_0,perturbed_0,0,7089051,0.0,0.0,0.0,3.2884999964153394,53.167882500000005
SYNAPSE,100000,5,task_018::perturbed_1,perturbed_1,0,679,0.0,0.0,0.0,27.902600006200373,0.005092500000000001
MCP,100000,5,task_018::perturbed_1,perturbed_1,0,7089051,0.0,0.0,0.0,3.808900000876747,53.167882500000005
SYNAPSE,100000,5,task_019::clean,clean,1,974,1.0,1.0,1.0,120.73710000549909,0.007305000000000001
MCP,100000,5,task_019::clean,clean,1,7089051,0.0,0.0,0.0,3.0478999979095533,53.167882500000005
SYNAPSE,100000,5,task_019::perturbed_0,perturbed_0,1,974,1.0,1.0,1.0,129.5247000089148,0.007305000000000001
MCP,100000,5,task_019::perturbed_0,perturbed_0,1,7089051,0.0,0.0,0.0,2.9513000044971704,53.167882500000005
SYNAPSE,100000,5,task_019::perturbed_1,perturbed_1,0,980,0.0,0.0,0.0,15.300299986847676,0.007350000000000001
MCP,100000,5,task_019::perturbed_1,perturbed_1,0,7089051,0.0,0.0,0.0,3.7899000017205253,53.167882500000005
SYNAPSE,100000,5,task_020::clean,clean,1,994,1.0,1.0,1.0,58.02189999667462,0.007455000000000001
MCP,100000,5,task_020::clean,clean,1,7089051,0.0,0.0,0.0,3.6125000042375177,53.167882500000005
SYNAPSE,100000,5,task_020::perturbed_0,perturbed_0,1,994,1.0,1.0,1.0,49.51749999599997,0.007455000000000001
MCP,100000,5,task_020::perturbed_0,perturbed_0,1,7089051,0.0,0.0,0.0,3.2124999997904524,53.167882500000005
SYNAPSE,100000,5,task_020::perturbed_1,perturbed_1,0,679,0.0,0.0,0.0,19.84989999618847,0.005092500000000001
MCP,100000,5,task_020::perturbed_1,perturbed_1,0,7089051,0.0,0.0,0.0,3.3022999996319413,53.167882500000005
SYNAPSE,100000,5,task_021::clean,clean,1,1016,1.0,1.0,1.0,89.31910000683274,0.007620000000000001
MCP,100000,5,task_021::clean,clean,1,7089051,0.0,0.0,0.0,3.1312999926740304,53.167882500000005
SYNAPSE,100000,5,task_021::perturbed_0,perturbed_0,1,1016,1.0,1.0,1.0,89.72070000891108,0.007620000000000001
MCP,100000,5,task_021::perturbed_0,perturbed_0,1,7089051,0.0,0.0,0.0,2.893700002459809,53.167882500000005
SYNAPSE,100000,5,task_021::perturbed_1,perturbed_1,1,1010,1.0,1.0,1.0,99.020699999528,0.007575000000000001
MCP,100000,5,task_021::perturbed_1,perturbed_1,1,7089051,0.0,0.0,0.0,3.052999993087724,53.167882500000005
SYNAPSE,100000,5,task_022::clean,clean,1,971,1.0,1.0,1.0,168.6896000028355,0.007282500000000001
MCP,100000,5,task_022::clean,clean,1,7089051,0.0,0.0,0.0,4.3415000109234825,53.167882500000005
SYNAPSE,100000,5,task_022::perturbed_0,perturbed_0,1,969,1.0,1.0,1.0,123.92220000037923,0.0072675000000000005
MCP,100000,5,task_022::perturbed_0,perturbed_0,1,7089051,0.0,0.0,0.0,3.402500005904585,53.167882500000005
SYNAPSE,100000,5,task_022::perturbed_1,perturbed_1,1,961,0.0,0.0,0.0,136.07589999446645,0.0072075
MCP,100000,5,task_022::perturbed_1,perturbed_1,1,7089051,0.0,0.0,0.0,3.7096000014571473,53.167882500000005
SYNAPSE,100000,5,task_023::clean,clean,1,964,1.0,1.0,1.0,126.79559999378398,0.00723
MCP,100000,5,task_023::clean,clean,1,7089051,0.0,0.0,0.0,3.3835000067483634,53.167882500000005
SYNAPSE,100000,5,task_023::perturbed_0,perturbed_0,0,961,0.0,0.0,0.0,14.339400004246272,0.0072075
MCP,100000,5,task_023::perturbed_0,perturbed_0,0,7089051,0.0,0.0,0.0,4.3587999971350655,53.167882500000005
SYNAPSE,100000,5,task_023::perturbed_1,perturbed_1,0,961,0.0,0.0,0.0,19.968699998571537,0.0072075
MCP,100000,5,task_023::perturbed_1,perturbed_1,0,7089051,0.0,0.0,0.0,4.857100007939152,53.167882500000005
SYNAPSE,100000,5,task_024::clean,clean,1,981,1.0,1.0,1.0,105.93600000720471,0.0073575
MCP,100000,5,task_024::clean,clean,1,7089051,0.0,0.0,0.0,1.1880000092787668,53.167882500000005
SYNAPSE,100000,5,task_024::perturbed_0,perturbed_0,1,981,1.0,1.0,1.0,154.50450000935234,0.0073575
MCP,100000,5,task_024::perturbed_0,perturbed_0,1,7089051,0.0,0.0,0.0,4.04770000022836,53.167882500000005
SYNAPSE,100000,5,task_024::perturbed_1,perturbed_1,0,679,0.0,0.0,0.0,27.384800006984733,0.005092500000000001
MCP,100000,5,task_024::perturbed_1,perturbed_1,0,7089051,0.0,0.0,0.0,4.564200004097074,53.167882500000005
SYNAPSE,100000,5,task_025::clean,clean,1,1003,1.0,1.0,1.0,55.651999995461665,0.0075225000000000005
MCP,100000,5,task_025::clean,clean,1,7089051,0.0,0.0,0.0,3.4577000042190775,53.167882500000005
SYNAPSE,100000,5,task_025::perturbed_0,perturbed_0,1,986,1.0,0.0,0.3333333333333333,54.15369999536779,0.0073950000000000005
MCP,100000,5,task_025::perturbed_0,perturbed_0,1,7089051,0.0,0.0,0.0,4.0976000018417835,53.167882500000005
SYNAPSE,100000,5,task_025::perturbed_1,perturbed_1,1,1003,1.0,1.0,1.0,56.63049999566283,0.0075225000000000005
MCP,100000,5,task_025::perturbed_1,perturbed_1,1,7089051,0.0,0.0,0.0,2.937700002803467,53.167882500000005
SYNAPSE,100000,5,task_026::clean,clean,1,1008,1.0,1.0,1.0,71.0694000008516,0.007560000000000001
MCP,100000,5,task_026::clean,clean,1,7089051,0.0,0.0,0.0,4.262599992216565,53.167882500000005
SYNAPSE,100000,5,task_026::perturbed_0,perturbed_0,0,1001,0.0,0.0,0.0,16.584500001044944,0.0075075
MCP,100000,5,task_026::perturbed_0,perturbed_0,0,7089051,0.0,0.0,0.0,5.842600003234111,53.167882500000005
SYNAPSE,100000,5,task_026::perturbed_1,perturbed_1,1,1010,1.0,1.0,1.0,94.26100000564475,0.007575000000000001
MCP,100000,5,task_026::perturbed_1,perturbed_1,1,7089051,0.0,0.0,0.0,3.0390000029001385,53.167882500000005
SYNAPSE,100000,5,task_027::clean,clean,1,969,1.0,1.0,1.0,123.67460000677966,0.0072675000000000005
MCP,100000,5,task_027::clean,clean,1,7089051,0.0,0.0,0.0,3.5054000036325306,53.167882500000005
SYNAPSE,100000,5,task_027::perturbed_0,perturbed_0,0,969,0.0,0.0,0.0,20.339800001238473,0.0072675000000000005
MCP,100000,5,task_027::perturbed_0,perturbed_0,0,7089051,0.0,0.0,0.0,4.1732999961823225,53.167882500000005
SYNAPSE,100000,5,task_027::perturbed_1,perturbed_1,1,963,0.0,0.0,0.0,137.7680000005057,0.007222500000000001
MCP,100000,5,task_027::perturbed_1,perturbed_1,1,7089051,0.0,0.0,0.0,4.688700006227009,53.167882500000005
SYNAPSE,100000,5,task_028::clean,clean,1,972,1.0,1.0,1.0,142.82829999865498,0.0072900000000000005
MCP,100000,5,task_028::clean,clean,1,7089051,0.0,0.0,0.0,3.546199994161725,53.167882500000005
SYNAPSE,100000,5,task_028::perturbed_0,perturbed_0,1,976,0.0,0.0,0.0,136.07120000233408,0.007320000000000001
MCP,100000,5,task_028::perturbed_0,perturbed_0,1,7089051,0.0,0.0,0.0,3.259400007664226,53.167882500000005
SYNAPSE,100000,5,task_028::perturbed_1,perturbed_1,1,967,0.0,0.0,0.0,135.19269999233074,0.0072525
MCP,100000,5,task_028::perturbed_1,perturbed_1,1,7089051,0.0,0.0,0.0,2.7393000054871663,53.167882500000005
SYNAPSE,100000,5,task_029::clean,clean,1,978,1.0,1.0,1.0,117.83550000109244,0.007335
MCP,100000,5,task_029::clean,clean,1,7089051,0.0,0.0,0.0,3.0629000102635473,53.167882500000005
SYNAPSE,100000,5,task_029::perturbed_0,perturbed_0,1,976,1.0,1.0,1.0,118.3312999928603,0.007320000000000001
MCP,100000,5,task_029::perturbed_0,perturbed_0,1,7089051,0.0,0.0,0.0,1.4395000034710392,53.167882500000005
SYNAPSE,100000,5,task_029::perturbed_1,perturbed_1,0,959,0.0,0.0,0.0,12.93660000374075,0.007192500000000001
MCP,100000,5,task_029::perturbed_1,perturbed_1,0,7089051,0.0,0.0,0.0,4.216799992718734,53.167882500000005
